student_id,item_id,skill_id,difficulty,time_spent_ms,attempts,used_hint,n_hints,fast_response,correct,tab_blur_count,idle_ms,erratic_clicks,error_type,will_mistake_next,focus_score,consecutive_errors,excessive_time
1,1,14,2,2381,1,0,0,0,0,0,0,0,conceptual,0,0.54,1,0
1,2,18,4,3696,1,0,0,0,1,0,0,0,procedimiento,0,0.63,0,0
1,3,4,2,2613,3,0,0,0,0,0,0,0,inatencion,0,0.52,1,0
1,4,8,4,3351,2,0,0,0,0,0,0,2,procedimiento,1,0.42,2,0
1,5,13,2,1602,1,0,0,1,1,0,0,0,procedimiento,0,0.61,0,0
1,6,18,2,1906,1,0,0,1,0,0,0,0,aleatorio,0,0.5,1,0
1,7,9,4,3933,2,0,0,0,0,1,0,1,conceptual,1,0.4,2,0
1,8,13,3,2369,1,0,0,0,1,2,0,0,procedimiento,0,0.59,0,0
1,9,7,4,3157,1,1,1,0,0,3,0,0,conceptual,0,0.48,1,0
1,10,5,2,2049,1,0,0,0,1,0,0,0,procedimiento,0,0.58,0,0
1,11,8,2,1738,1,0,0,1,1,0,0,0,procedimiento,0,0.57,0,0
1,12,15,2,2601,1,0,0,0,1,2,0,0,procedimiento,0,0.57,0,0
1,13,11,3,3278,1,1,2,0,1,1,0,0,procedimiento,0,0.56,0,0
1,14,14,1,1211,1,0,0,1,1,1,0,0,procedimiento,0,0.55,0,0
1,15,3,4,3618,1,1,0,0,1,0,0,0,procedimiento,0,0.55,0,0
1,16,12,4,3817,1,0,0,0,1,3,0,0,procedimiento,0,0.54,0,0
1,17,10,2,1901,1,0,0,1,1,2,0,0,procedimiento,0,0.53,0,0
1,18,13,1,1188,1,0,0,1,1,0,0,0,procedimiento,0,0.53,0,0
1,19,9,3,3364,1,0,0,0,1,3,0,0,procedimiento,0,0.52,0,0
1,20,14,4,3332,1,0,0,0,1,1,0,0,procedimiento,0,0.52,0,0
1,21,15,2,1679,1,0,0,1,1,3,0,0,procedimiento,0,0.51,0,0
1,22,5,3,2637,1,0,0,0,0,1,0,0,procedimiento,0,0.4,1,0
1,23,7,4,5680,2,0,0,0,0,2,517,1,consigna,1,0.3,2,0
1,24,6,2,2846,1,1,0,0,0,2,134,0,aleatorio,1,0.19,3,0
1,25,7,3,4577,3,1,0,0,0,2,515,0,inatencion,1,0.15,4,0
1,26,14,1,2032,1,0,0,0,1,3,2366,0,procedimiento,1,0.48,0,0
1,27,4,3,2705,1,0,0,0,1,0,219,0,procedimiento,1,0.47,0,0
1,28,17,2,2467,1,0,0,0,1,3,534,0,procedimiento,1,0.46,0,0
1,29,2,2,3097,1,1,1,0,0,0,944,0,procedimiento,1,0.36,1,0
1,30,18,4,5595,1,1,2,0,1,2,1281,0,procedimiento,1,0.45,0,0
2,31,17,3,2237,1,0,0,0,0,0,0,0,inatencion,0,0.65,1,0
2,32,17,3,2660,1,0,0,0,1,0,0,0,procedimiento,0,0.74,0,0
2,33,13,4,3877,1,0,0,0,1,0,0,0,procedimiento,0,0.74,0,0
2,34,17,1,1566,1,0,0,1,0,0,0,0,inatencion,0,0.63,1,0
2,35,9,3,2658,1,1,1,0,1,0,0,0,procedimiento,0,0.72,0,0
2,36,4,3,2275,1,1,0,0,1,0,0,0,procedimiento,0,0.71,0,0
2,37,16,1,1473,1,0,0,1,1,0,0,0,procedimiento,0,0.71,0,0
2,38,18,2,2390,1,0,0,0,1,0,0,0,procedimiento,0,0.7,0,0
2,39,10,2,2199,1,0,0,0,0,0,0,0,conceptual,0,0.59,1,0
2,40,8,2,2170,1,0,0,0,1,0,0,0,procedimiento,0,0.68,0,0
2,41,10,1,1524,1,0,0,1,1,0,0,0,procedimiento,0,0.68,0,0
2,42,10,4,3253,1,1,0,0,1,0,0,0,procedimiento,0,0.67,0,0
2,43,18,3,2604,1,1,2,0,0,0,0,0,inatencion,0,0.56,1,0
2,44,12,1,1610,1,0,0,1,1,0,0,0,procedimiento,0,0.65,0,0
2,45,2,3,3131,1,1,0,0,0,0,0,0,inatencion,0,0.55,1,0
2,46,16,3,2124,3,0,0,0,0,0,0,1,conceptual,1,0.44,2,0
2,47,3,4,3029,1,0,0,0,0,0,0,0,inatencion,1,0.33,3,0
2,48,19,2,2270,1,0,0,0,1,0,0,0,procedimiento,0,0.62,0,0
2,49,11,2,2622,1,0,0,0,1,0,0,0,procedimiento,0,0.62,0,0
2,50,14,3,2732,1,0,0,0,1,0,0,0,procedimiento,0,0.61,0,0
2,51,11,4,4071,1,0,0,0,1,0,0,0,procedimiento,0,0.6,0,0
2,52,1,2,3456,2,0,0,0,0,2,0,0,inatencion,0,0.49,1,0
2,53,1,3,4749,1,0,0,0,0,0,0,1,procedimiento,1,0.39,2,0
2,54,15,2,2485,1,0,0,0,1,0,0,0,procedimiento,0,0.58,0,0
2,55,5,4,3627,3,1,0,0,0,3,0,0,conceptual,0,0.47,1,0
2,56,14,4,3365,1,0,0,0,1,3,0,0,procedimiento,0,0.56,0,0
2,57,17,3,3745,1,0,0,0,1,0,0,0,procedimiento,0,0.56,0,0
2,58,12,3,4425,1,0,0,0,1,1,0,0,procedimiento,0,0.55,0,0
2,59,15,2,2879,2,0,0,0,0,1,0,0,inatencion,0,0.44,1,0
2,60,10,3,2902,1,0,0,0,1,2,0,0,procedimiento,0,0.53,0,0
3,61,3,4,3492,1,0,0,0,1,0,0,0,procedimiento,0,0.88,0,0
3,62,11,2,2443,1,0,0,0,1,0,0,0,procedimiento,0,0.88,0,0
3,63,3,3,2767,1,0,0,0,1,0,0,0,procedimiento,0,0.87,0,0
3,64,11,3,2048,1,0,0,0,1,0,0,0,procedimiento,0,0.86,0,0
3,65,1,3,3341,2,1,0,0,0,0,0,0,procedimiento,0,0.75,1,0
3,66,12,3,3228,1,0,0,0,0,0,0,0,consigna,1,0.64,2,0
3,67,8,1,1423,1,0,0,1,1,0,0,0,procedimiento,0,0.83,0,0
3,68,5,2,1810,1,0,0,1,1,0,0,0,procedimiento,0,0.82,0,0
3,69,3,3,2320,1,0,0,0,1,0,0,0,procedimiento,0,0.81,0,0
3,70,16,1,1498,2,0,0,1,0,0,0,0,aleatorio,0,0.7,1,0
3,71,17,1,1702,1,0,0,1,0,0,0,0,aleatorio,1,0.6,2,0
3,72,3,3,2356,1,1,0,0,1,0,0,0,procedimiento,0,0.79,0,0
3,73,13,4,4050,1,1,0,0,0,0,0,0,procedimiento,0,0.68,1,0
3,74,5,1,1793,2,0,0,1,0,0,0,2,aleatorio,1,0.57,2,0
3,75,9,1,1711,1,0,0,1,1,0,0,0,procedimiento,0,0.76,0,0
3,76,10,4,3608,2,1,1,0,0,0,0,0,aleatorio,0,0.65,1,0
3,77,9,2,2658,1,0,0,0,1,0,0,0,procedimiento,0,0.74,0,0
3,78,5,2,1987,1,1,0,1,1,0,0,0,procedimiento,0,0.73,0,0
3,79,12,3,3336,1,1,1,0,0,0,0,0,inatencion,0,0.62,1,0
3,80,2,1,1455,1,0,0,1,1,0,0,0,procedimiento,0,0.72,0,0
3,81,2,1,1786,1,0,0,1,1,0,0,0,procedimiento,0,0.71,0,0
3,82,4,1,1890,1,0,0,1,1,0,0,0,procedimiento,0,0.7,0,0
3,83,17,3,3153,1,0,0,0,1,0,0,0,procedimiento,0,0.69,0,0
3,84,5,2,3954,1,0,0,0,1,0,0,0,procedimiento,0,0.68,0,0
3,85,9,2,2476,1,0,0,0,1,0,0,0,procedimiento,0,0.67,0,0
3,86,19,3,2573,1,0,0,0,1,0,0,0,procedimiento,0,0.66,0,0
3,87,12,4,3528,1,0,0,0,1,0,0,0,procedimiento,0,0.65,0,0
3,88,13,2,1768,1,0,0,1,1,0,0,0,procedimiento,0,0.65,0,0
3,89,18,1,1840,1,0,0,1,1,0,0,0,procedimiento,0,0.64,0,0
3,90,17,2,2557,1,0,0,0,0,0,0,0,procedimiento,0,0.53,1,0
4,91,3,2,3983,1,1,0,0,1,0,0,0,procedimiento,0,0.62,0,0
4,92,11,3,4378,1,0,0,0,1,0,0,0,procedimiento,0,0.61,0,0
4,93,13,2,3730,1,0,0,0,1,0,0,0,procedimiento,0,0.61,0,0
4,94,16,4,6608,1,1,1,0,1,0,0,0,procedimiento,0,0.6,0,0
4,95,14,1,2598,1,0,0,0,1,0,0,0,procedimiento,0,0.59,0,0
4,96,7,1,2894,1,0,0,0,1,3,0,0,procedimiento,0,0.59,0,0
4,97,18,2,2919,1,0,0,0,1,1,0,0,procedimiento,0,0.58,0,0
4,98,13,3,3408,1,1,1,0,1,3,0,0,procedimiento,0,0.58,0,0
4,99,12,4,4601,1,0,0,0,1,0,0,0,procedimiento,0,0.57,0,0
4,100,19,1,3030,1,0,0,0,1,4,0,0,procedimiento,0,0.56,0,0
4,101,11,3,3704,1,1,1,0,0,3,0,0,inatencion,0,0.46,1,0
4,102,14,2,3800,1,1,0,0,1,1,0,0,procedimiento,0,0.55,0,0
4,103,15,3,5333,1,1,0,0,0,1,0,0,conceptual,0,0.45,1,0
4,104,14,2,3866,1,1,0,0,0,1,0,1,inatencion,1,0.34,2,0
4,105,1,4,5550,1,0,0,0,0,1,0,2,inatencion,1,0.23,3,0
4,106,10,2,2663,2,1,0,0,0,1,0,1,inatencion,1,0.15,4,0
4,107,3,4,5109,1,0,0,0,1,0,0,0,procedimiento,0,0.52,0,0
4,108,5,3,4030,1,0,0,0,1,0,0,0,procedimiento,0,0.51,0,0
4,109,6,1,2929,1,0,0,0,1,0,0,0,procedimiento,0,0.51,0,0
4,110,10,3,4799,1,1,0,0,1,2,0,0,procedimiento,0,0.5,0,0
4,111,14,3,5497,1,0,0,0,1,0,809,0,procedimiento,1,0.5,0,0
4,112,16,3,4276,1,0,0,0,0,2,632,0,procedimiento,1,0.39,1,0
4,113,8,3,5574,1,1,1,0,1,3,107,0,procedimiento,1,0.48,0,0
4,114,2,2,3369,1,0,0,0,1,4,0,0,procedimiento,1,0.48,0,0
4,115,7,4,6734,1,0,0,0,1,0,904,0,procedimiento,1,0.47,0,0
4,116,17,2,3112,1,0,0,0,0,4,588,0,consigna,1,0.36,1,0
4,117,4,3,6392,1,0,0,0,1,3,755,0,procedimiento,1,0.46,0,0
4,118,3,1,3352,1,0,0,0,0,4,5,0,procedimiento,1,0.35,1,0
4,119,14,2,5727,3,0,0,0,0,0,19,0,conceptual,1,0.25,2,0
4,120,4,2,4362,1,0,0,0,0,2,250,2,inatencion,1,0.15,3,0
5,121,15,2,3329,2,0,0,0,0,0,0,0,conceptual,0,0.66,1,0
5,122,3,2,2603,1,0,0,0,1,0,0,0,procedimiento,0,0.75,0,0
5,123,8,2,2933,1,1,2,0,1,0,0,0,procedimiento,0,0.74,0,0
5,124,2,3,4098,1,0,0,0,1,0,0,0,procedimiento,0,0.74,0,0
5,125,1,1,2059,1,1,0,0,0,0,0,0,inatencion,0,0.63,1,0
5,126,16,3,3100,1,0,0,0,1,0,0,0,procedimiento,0,0.72,0,0
5,127,10,2,2975,1,0,0,0,1,0,0,0,procedimiento,0,0.71,0,0
5,128,16,2,3169,1,0,0,0,1,0,0,0,procedimiento,0,0.71,0,0
5,129,9,3,3999,2,0,0,0,0,0,0,0,consigna,0,0.6,1,0
5,130,2,1,1692,1,1,0,1,1,0,0,0,procedimiento,0,0.69,0,0
5,131,2,1,2403,1,0,0,0,1,0,0,0,procedimiento,0,0.68,0,0
5,132,19,3,2689,2,0,0,0,0,0,0,0,conceptual,0,0.58,1,0
5,133,2,3,3610,1,0,0,0,1,0,0,0,procedimiento,0,0.67,0,0
5,134,17,2,2742,1,0,0,0,1,0,0,0,procedimiento,0,0.66,0,0
5,135,11,3,2609,1,1,2,0,0,0,0,0,conceptual,0,0.55,1,0
5,136,6,2,2715,2,1,0,0,0,0,0,0,procedimiento,1,0.45,2,0
5,137,15,3,2845,3,1,0,0,0,0,0,1,inatencion,1,0.34,3,0
5,138,16,3,3599,1,0,0,0,0,0,0,1,inatencion,1,0.23,4,0
5,139,11,3,3864,1,0,0,0,1,0,0,0,procedimiento,0,0.62,0,0
5,140,18,1,2172,1,0,0,0,1,0,0,0,procedimiento,0,0.61,0,0
5,141,18,3,3392,2,0,0,0,0,0,0,0,consigna,0,0.51,1,0
5,142,17,2,4403,1,1,1,0,1,1,0,0,procedimiento,0,0.6,0,0
5,143,17,1,2419,1,0,0,0,1,1,0,0,procedimiento,0,0.59,0,0
5,144,13,3,6049,1,1,2,0,1,0,0,0,procedimiento,0,0.58,0,0
5,145,14,2,2589,1,1,0,0,1,1,0,0,procedimiento,0,0.58,0,0
5,146,13,3,5006,2,1,0,0,0,0,0,0,inatencion,0,0.47,1,0
5,147,15,1,2136,1,0,0,0,1,1,0,0,procedimiento,0,0.56,0,0
5,148,12,1,2459,2,0,0,0,0,0,0,0,inatencion,0,0.45,1,0
5,149,8,2,2375,3,1,1,0,0,3,0,2,inatencion,1,0.35,2,0
5,150,18,2,2421,2,0,0,0,0,1,0,1,inatencion,1,0.24,3,0
6,151,3,4,4630,1,1,0,0,0,0,0,0,consigna,0,0.53,1,0
6,152,7,2,3117,1,0,0,0,1,0,0,0,procedimiento,0,0.62,0,0
6,153,10,1,1953,1,0,0,1,0,0,0,0,inatencion,0,0.52,1,0
6,154,13,3,4158,1,0,0,0,1,0,0,0,procedimiento,0,0.61,0,0
6,155,4,1,3156,1,0,0,0,0,0,0,0,conceptual,0,0.5,1,0
6,156,5,1,2882,1,0,0,0,1,3,0,0,procedimiento,0,0.6,0,0
6,157,14,2,4313,1,1,0,0,1,1,0,0,procedimiento,0,0.59,0,0
6,158,10,2,2592,2,0,0,0,0,1,0,0,conceptual,0,0.49,1,0
6,159,1,3,4034,2,1,1,0,0,1,0,0,consigna,1,0.38,2,0
6,160,7,1,2867,1,0,0,0,1,0,0,0,procedimiento,0,0.57,0,0
6,161,10,3,4003,1,0,0,0,0,2,0,0,consigna,0,0.47,1,0
6,162,11,3,5092,1,0,0,0,1,0,0,0,procedimiento,0,0.56,0,0
6,163,11,2,3965,1,0,0,0,0,0,0,0,inatencion,0,0.45,1,0
6,164,14,2,3545,1,0,0,0,1,3,0,0,procedimiento,0,0.55,0,0
6,165,17,3,4274,1,0,0,0,0,1,0,0,inatencion,0,0.44,1,0
6,166,9,3,4292,1,0,0,0,1,1,0,0,procedimiento,0,0.54,0,0
6,167,9,3,4060,1,1,0,0,1,0,0,0,procedimiento,0,0.53,0,0
6,168,12,1,2464,2,0,0,0,0,3,0,0,procedimiento,0,0.42,1,0
6,169,1,2,2681,1,0,0,0,1,1,0,0,procedimiento,0,0.52,0,0
6,170,17,3,4416,2,1,1,0,0,3,0,0,procedimiento,0,0.41,1,0
6,171,8,2,4373,2,1,2,0,0,2,0,3,procedimiento,1,0.3,2,0
6,172,12,3,4379,2,0,0,0,0,6,1036,1,inatencion,1,0.2,3,0
6,173,12,2,6042,3,0,0,0,0,1,551,1,inatencion,1,0.15,4,0
6,174,6,2,4679,1,0,0,0,0,1,877,2,aleatorio,1,0.15,5,0
6,175,10,2,3463,1,0,0,0,1,1,460,0,procedimiento,1,0.48,0,0
6,176,9,3,6513,1,1,0,0,0,2,602,0,conceptual,1,0.37,1,0
6,177,8,4,6865,2,1,2,0,0,0,200,1,inatencion,1,0.27,2,0
6,178,1,3,4289,1,0,0,0,0,2,447,1,aleatorio,1,0.16,3,0
6,179,8,3,7050,1,0,0,0,0,6,626,1,inatencion,1,0.15,4,0
6,180,15,2,3232,1,1,0,0,0,3,802,2,inatencion,1,0.15,5,0
7,181,12,3,2703,1,1,0,0,1,0,0,0,procedimiento,0,0.67,0,0
7,182,2,2,2414,1,0,0,0,1,0,0,0,procedimiento,0,0.66,0,0
7,183,19,2,2023,1,0,0,0,1,0,0,0,procedimiento,0,0.65,0,0
7,184,19,1,1076,1,0,0,1,1,0,0,0,procedimiento,0,0.65,0,0
7,185,1,3,2621,3,0,0,0,0,0,0,0,procedimiento,0,0.54,1,0
7,186,8,2,2125,2,0,0,0,0,0,0,0,conceptual,1,0.43,2,0
7,187,11,2,1981,1,0,0,1,0,0,0,3,inatencion,1,0.33,3,0
7,188,16,4,2573,1,1,2,0,1,0,0,0,procedimiento,0,0.62,0,0
7,189,18,1,1702,1,0,0,1,0,0,0,0,aleatorio,0,0.51,1,0
7,190,10,4,3292,1,0,0,0,1,0,0,0,procedimiento,0,0.61,0,0
7,191,1,4,2778,3,1,0,0,0,0,0,0,inatencion,0,0.5,1,0
7,192,18,4,3143,3,1,0,0,0,1,0,1,consigna,1,0.39,2,0
7,193,17,2,2136,3,0,0,0,0,1,0,1,inatencion,1,0.29,3,0
7,194,17,2,1653,1,0,0,1,0,0,0,1,aleatorio,1,0.18,4,0
7,195,6,4,3108,2,0,0,0,0,0,0,1,aleatorio,1,0.15,5,0
7,196,7,3,2340,2,1,0,0,0,3,0,0,inatencion,1,0.15,6,0
7,197,13,2,1563,1,0,0,1,1,1,0,0,procedimiento,0,0.56,0,0
7,198,17,2,1734,2,1,0,1,0,0,0,0,inatencion,0,0.45,1,0
7,199,19,1,1493,1,1,1,1,0,2,0,1,inatencion,1,0.35,2,0
7,200,13,3,3179,1,1,0,0,1,1,0,0,procedimiento,0,0.54,0,0
7,201,8,3,2246,1,0,0,0,0,4,0,0,inatencion,0,0.43,1,0
7,202,6,3,4284,1,0,0,0,0,1,0,2,conceptual,1,0.33,2,0
7,203,4,1,2448,1,0,0,0,1,3,0,0,procedimiento,0,0.52,0,0
7,204,15,2,2740,1,0,0,0,1,1,0,0,procedimiento,0,0.51,0,0
7,205,1,3,3362,2,1,0,0,0,0,0,0,conceptual,0,0.41,1,0
7,206,7,2,2396,1,1,0,0,1,0,0,0,procedimiento,0,0.5,0,0
7,207,8,2,2181,2,1,0,0,0,2,278,0,procedimiento,1,0.39,1,0
7,208,1,1,1784,1,1,0,1,0,1,1829,0,inatencion,1,0.29,2,0
7,209,9,3,2813,1,1,1,0,1,3,76,0,procedimiento,1,0.48,0,0
7,210,8,3,4018,1,1,0,0,0,2,235,0,consigna,1,0.37,1,0
8,211,10,3,4287,3,0,0,0,0,0,0,0,procedimiento,0,0.58,1,0
8,212,15,4,6617,2,0,0,0,0,0,0,2,consigna,1,0.48,2,0
8,213,5,1,2338,1,1,0,0,1,0,0,0,procedimiento,0,0.67,0,0
8,214,15,1,2233,1,0,0,0,1,0,0,0,procedimiento,0,0.66,0,0
8,215,14,2,3877,1,1,0,0,0,0,0,0,procedimiento,0,0.56,1,0
8,216,4,4,6613,1,1,0,0,0,0,0,1,procedimiento,1,0.45,2,0
8,217,4,2,2713,1,1,0,0,1,0,0,0,procedimiento,0,0.64,0,0
8,218,14,3,3634,2,0,0,0,0,0,0,0,conceptual,0,0.53,1,0
8,219,11,2,4056,1,0,0,0,0,0,0,1,procedimiento,1,0.43,2,0
8,220,18,1,1952,1,0,0,1,0,0,0,0,inatencion,1,0.32,3,0
8,221,13,2,3360,2,0,0,0,0,0,0,0,inatencion,1,0.21,4,0
8,222,14,3,5199,1,1,0,0,0,0,0,3,inatencion,1,0.15,5,0
8,223,8,1,2186,3,0,0,0,0,0,0,3,inatencion,1,0.15,6,0
8,224,8,3,5431,1,1,0,0,0,2,0,0,aleatorio,1,0.15,7,0
8,225,17,4,6670,1,0,0,0,0,1,0,1,inatencion,1,0.15,8,0
8,226,5,2,2864,1,0,0,0,1,1,0,0,procedimiento,0,0.58,0,0
8,227,3,2,3648,1,0,0,0,1,0,0,0,procedimiento,0,0.57,0,0
8,228,10,1,2153,1,0,0,0,1,0,0,0,procedimiento,0,0.57,0,0
8,229,19,2,4048,1,1,0,0,0,2,0,0,procedimiento,0,0.46,1,0
8,230,8,4,5296,1,0,0,0,1,1,0,0,procedimiento,0,0.55,0,0
8,231,4,3,3220,3,0,0,0,0,0,0,0,aleatorio,0,0.45,1,0
8,232,1,3,4598,1,1,1,0,1,0,0,0,procedimiento,0,0.54,0,0
8,233,2,2,5041,2,0,0,0,0,0,0,0,inatencion,0,0.43,1,0
8,234,13,2,3068,2,1,1,0,0,0,0,2,inatencion,1,0.33,2,0
8,235,17,3,5475,1,0,0,0,0,3,0,2,inatencion,1,0.22,3,0
8,236,15,3,6128,1,0,0,0,0,2,0,0,inatencion,1,0.15,4,0
8,237,2,4,6866,3,0,0,0,0,4,0,0,aleatorio,1,0.15,5,0
8,238,9,3,6069,1,0,0,0,1,3,316,0,procedimiento,1,0.5,0,0
8,239,11,1,2016,1,1,0,0,1,0,177,0,procedimiento,1,0.49,0,0
8,240,1,4,7576,1,0,0,0,0,2,563,0,procedimiento,1,0.38,1,0
9,241,14,3,3934,1,0,0,0,1,1,577,1,procedimiento,1,0.36,0,0
9,242,13,4,4203,1,0,0,0,1,1,15,3,procedimiento,1,0.35,0,0
9,243,14,1,1455,2,0,0,1,0,2,565,2,aleatorio,1,0.25,1,0
9,244,16,1,2033,1,0,0,0,1,2,718,1,procedimiento,1,0.34,0,0
9,245,4,3,4086,1,1,0,0,0,1,47,2,conceptual,1,0.24,1,0
9,246,16,3,3628,3,0,0,0,0,3,1132,0,aleatorio,1,0.15,2,0
9,247,17,1,1622,2,0,0,1,0,1,6,2,inatencion,1,0.15,3,0
9,248,5,3,3281,2,0,0,0,0,4,244,1,inatencion,1,0.15,4,0
9,249,8,2,2168,1,0,0,0,1,1,91,1,procedimiento,1,0.33,0,0
9,250,11,4,3857,1,0,0,0,0,3,73,2,conceptual,1,0.22,1,0
9,251,4,1,1491,1,0,0,1,1,2,641,2,procedimiento,1,0.32,0,0
9,252,17,2,2281,1,1,0,0,0,2,774,2,conceptual,1,0.22,1,0
9,253,12,3,3285,1,1,1,0,0,1,247,2,conceptual,1,0.15,2,0
9,254,16,3,2751,2,1,0,0,0,0,382,0,inatencion,1,0.15,3,0
9,255,3,3,3996,2,1,0,0,0,3,185,1,inatencion,1,0.15,4,0
9,256,8,2,2833,1,0,0,0,1,1,1034,1,procedimiento,1,0.3,0,0
9,257,1,4,3505,1,0,0,0,0,1,521,1,consigna,1,0.2,1,0
9,258,4,3,3059,1,0,0,0,1,3,190,1,procedimiento,1,0.3,0,0
9,259,7,4,4468,2,0,0,0,0,3,403,1,inatencion,1,0.19,1,0
9,260,13,3,3411,1,1,1,0,0,0,6,3,inatencion,1,0.15,2,0
9,261,4,4,4575,1,0,0,0,0,0,147,5,aleatorio,1,0.15,3,0
9,262,18,2,3382,1,0,0,0,1,4,346,3,procedimiento,1,0.28,0,0
9,263,16,2,3290,1,0,0,0,0,1,666,1,procedimiento,1,0.18,1,0
9,264,8,3,3998,2,1,0,0,0,2,174,1,inatencion,1,0.15,2,0
9,265,15,4,4734,1,0,0,0,0,2,1088,2,inatencion,1,0.15,3,0
9,266,1,4,4860,2,1,0,0,0,1,960,1,inatencion,1,0.15,4,0
9,267,2,2,2359,1,0,0,0,0,2,758,1,aleatorio,1,0.15,5,0
9,268,3,2,3792,1,0,0,0,1,3,335,0,procedimiento,1,0.26,0,0
9,269,18,2,3274,2,0,0,0,0,0,524,2,procedimiento,1,0.16,1,0
9,270,11,3,3151,2,1,0,0,0,2,297,0,conceptual,1,0.15,2,0
10,271,13,4,3315,1,0,0,0,0,0,0,0,conceptual,0,0.7,1,0
10,272,17,1,1372,1,0,0,1,1,0,0,0,procedimiento,0,0.79,0,0
10,273,5,1,2107,2,0,0,0,0,0,0,0,inatencion,0,0.69,1,0
10,274,19,4,4644,1,1,0,0,0,0,0,1,inatencion,1,0.58,2,0
10,275,10,2,2012,1,0,0,0,1,0,0,0,procedimiento,0,0.77,0,0
10,276,7,2,2396,1,0,0,0,0,0,0,0,procedimiento,0,0.66,1,0
10,277,14,2,2178,1,0,0,0,0,0,0,1,inatencion,1,0.55,2,0
10,278,6,3,3069,2,1,0,0,0,0,0,0,inatencion,1,0.4,3,0
10,279,8,2,1810,2,1,0,1,0,0,0,0,inatencion,1,0.34,4,0
10,280,13,2,2877,1,1,0,0,0,0,0,1,inatencion,1,0.23,5,0
10,281,4,4,4052,1,1,0,0,1,0,0,0,procedimiento,0,0.72,0,0
10,282,13,3,2773,1,1,0,0,0,0,0,0,procedimiento,0,0.61,1,0
10,283,2,2,2700,1,1,0,0,0,0,0,1,procedimiento,1,0.51,2,0
10,284,17,1,1566,1,0,0,1,1,0,0,0,procedimiento,0,0.7,0,0
10,285,18,1,1531,2,1,0,1,0,0,0,0,aleatorio,0,0.59,1,0
10,286,18,4,3168,1,1,0,0,0,0,0,0,conceptual,1,0.48,2,0
10,287,10,3,3860,2,1,0,0,0,0,0,2,aleatorio,1,0.37,3,0
10,288,3,2,2901,1,1,0,0,0,0,0,0,inatencion,1,0.27,4,0
10,289,1,3,2828,1,0,0,0,0,0,0,2,inatencion,1,0.16,5,0
10,290,17,2,1955,2,1,1,1,0,0,0,0,inatencion,1,0.15,6,0
10,291,11,3,2238,1,1,2,0,1,0,0,0,procedimiento,0,0.64,0,0
10,292,8,4,4801,2,0,0,0,0,0,0,0,inatencion,0,0.53,1,0
10,293,18,2,3022,2,0,0,0,0,0,0,0,procedimiento,1,0.43,2,0
10,294,1,4,6368,3,0,0,0,0,0,0,1,inatencion,1,0.32,3,0
10,295,9,4,5040,1,1,0,0,1,0,0,0,procedimiento,0,0.61,0,0
10,296,19,1,2443,3,1,1,0,0,0,0,0,inatencion,0,0.5,1,0
10,297,14,3,3786,1,1,0,0,0,0,0,1,conceptual,1,0.39,2,0
10,298,8,2,3711,1,0,0,0,0,3,0,2,aleatorio,1,0.29,3,0
10,299,10,4,3859,2,0,0,0,0,4,0,1,inatencion,1,0.18,4,0
10,300,3,2,3998,2,0,0,0,0,0,0,0,inatencion,1,0.15,5,0
11,301,17,4,4454,1,0,0,0,1,0,0,0,procedimiento,0,0.81,0,0
11,302,6,3,3176,1,0,0,0,1,0,0,0,procedimiento,0,0.8,0,0
11,303,14,4,3388,1,1,0,0,0,0,0,0,procedimiento,0,0.7,1,0
11,304,18,2,3177,1,0,0,0,1,0,0,0,procedimiento,0,0.79,0,0
11,305,9,3,2505,1,0,0,0,0,0,0,0,inatencion,0,0.68,1,0
11,306,4,2,2776,1,1,0,0,1,0,0,0,procedimiento,0,0.77,0,0
11,307,10,2,2839,1,0,0,0,1,0,0,0,procedimiento,0,0.76,0,0
11,308,7,2,2149,1,0,0,0,1,0,0,0,procedimiento,0,0.76,0,0
11,309,17,3,2826,1,0,0,0,1,0,0,0,procedimiento,0,0.75,0,0
11,310,13,1,1506,1,1,0,1,1,0,0,0,procedimiento,0,0.74,0,0
11,311,13,2,2694,3,0,0,0,0,0,0,0,procedimiento,0,0.63,1,0
11,312,1,3,4206,1,1,0,0,1,0,0,0,procedimiento,0,0.72,0,0
11,313,16,1,1789,1,0,0,1,1,0,0,0,procedimiento,0,0.72,0,0
11,314,3,4,4195,1,0,0,0,1,0,0,0,procedimiento,0,0.71,0,0
11,315,16,2,3229,1,0,0,0,1,0,0,0,procedimiento,0,0.7,0,0
11,316,8,2,2427,1,0,0,0,1,0,0,0,procedimiento,0,0.69,0,0
11,317,1,3,2497,1,0,0,0,1,0,0,0,procedimiento,0,0.68,0,0
11,318,12,2,2605,1,0,0,0,1,0,0,0,procedimiento,0,0.67,0,0
11,319,11,2,2250,1,0,0,0,0,0,0,0,conceptual,0,0.57,1,0
11,320,5,4,4334,1,0,0,0,0,0,0,0,procedimiento,1,0.46,2,0
11,321,1,2,2373,1,0,0,0,1,0,0,0,procedimiento,0,0.65,0,0
11,322,2,3,4635,3,0,0,0,0,0,0,0,consigna,0,0.54,1,0
11,323,3,3,4341,1,1,0,0,1,0,0,0,procedimiento,0,0.63,0,0
11,324,1,2,3754,1,0,0,0,1,0,0,0,procedimiento,0,0.63,0,0
11,325,8,1,1994,1,0,0,1,1,0,0,0,procedimiento,0,0.62,0,0
11,326,12,1,2005,1,0,0,0,1,0,0,0,procedimiento,0,0.61,0,0
11,327,6,1,1947,1,0,0,1,1,0,0,0,procedimiento,0,0.6,0,0
11,328,1,2,4519,1,0,0,0,1,1,0,0,procedimiento,0,0.59,0,0
11,329,17,1,2115,1,0,0,0,1,1,0,0,procedimiento,0,0.59,0,0
11,330,6,4,4429,1,1,0,0,0,0,0,0,inatencion,0,0.48,1,0
12,331,11,2,4387,1,1,0,0,0,0,0,0,consigna,0,0.71,1,0
12,332,7,2,4664,1,0,0,0,1,0,0,0,procedimiento,0,0.8,0,0
12,333,9,1,2536,1,0,0,0,0,0,0,0,consigna,0,0.69,1,0
12,334,9,2,4032,1,1,1,0,1,0,0,0,procedimiento,0,0.78,0,0
12,335,5,2,4779,2,0,0,0,0,0,0,0,inatencion,0,0.67,1,0
12,336,18,2,4254,1,1,2,0,1,0,0,0,procedimiento,0,0.77,0,0
12,337,1,3,5859,2,0,0,0,0,0,0,0,procedimiento,0,0.66,1,0
12,338,5,3,3594,2,0,0,0,0,0,0,1,conceptual,1,0.55,2,0
12,339,7,2,4001,3,0,0,0,0,0,0,1,inatencion,1,0.4,3,0
12,340,4,4,7227,3,1,0,0,0,0,0,0,inatencion,1,0.33,4,0
12,341,8,1,3031,1,0,0,0,1,0,0,0,procedimiento,0,0.73,0,0
12,342,5,2,3364,2,1,0,0,0,0,0,0,inatencion,0,0.62,1,0
12,343,18,3,5308,2,1,0,0,0,0,0,0,procedimiento,1,0.51,2,0
12,344,5,2,3707,1,0,0,0,1,0,0,0,procedimiento,0,0.7,0,0
12,345,8,3,6168,2,1,0,0,0,0,0,0,consigna,0,0.59,1,0
12,346,10,2,3011,1,1,0,0,1,0,0,0,procedimiento,0,0.69,0,0
12,347,2,2,3066,1,1,1,0,0,0,0,0,inatencion,0,0.58,1,0
12,348,10,1,2314,1,1,2,0,1,0,0,0,procedimiento,0,0.67,0,0
12,349,7,2,4827,2,1,2,0,0,0,0,0,inatencion,0,0.56,1,0
12,350,18,3,3658,2,0,0,0,0,0,0,0,inatencion,1,0.45,2,0
12,351,11,2,4752,1,0,0,0,0,0,0,0,aleatorio,1,0.35,3,0
12,352,18,2,4467,1,0,0,0,1,0,0,0,procedimiento,0,0.64,0,0
12,353,7,1,3558,1,0,0,0,1,0,0,0,procedimiento,0,0.63,0,0
12,354,15,3,4461,2,1,0,0,0,0,0,0,consigna,0,0.52,1,0
12,355,3,1,4545,1,0,0,0,1,0,0,0,procedimiento,0,0.61,0,0
12,356,15,1,2762,1,0,0,0,0,0,0,0,procedimiento,0,0.51,1,0
12,357,13,4,6642,1,1,0,0,0,0,0,0,inatencion,1,0.4,2,0
12,358,17,1,2346,1,1,0,0,0,0,0,0,aleatorio,1,0.29,3,0
12,359,11,2,4891,1,1,1,0,0,1,0,2,aleatorio,1,0.18,4,0
12,360,5,4,7473,1,0,0,0,0,1,0,0,inatencion,1,0.15,5,0
13,361,19,2,3762,2,0,0,0,0,0,0,0,conceptual,0,0.58,1,0
13,362,4,2,4538,1,1,0,0,1,0,0,0,procedimiento,0,0.67,0,0
13,363,3,4,7516,1,1,0,0,1,0,0,0,procedimiento,0,0.66,0,0
13,364,5,4,6636,2,0,0,0,0,0,0,0,inatencion,0,0.56,1,0
13,365,8,2,4510,2,1,0,0,0,0,0,1,inatencion,1,0.45,2,0
13,366,13,4,7051,2,0,0,0,0,0,0,1,inatencion,1,0.34,3,0
13,367,4,3,3690,2,0,0,0,0,0,0,2,inatencion,1,0.24,4,0
13,368,9,2,2815,1,1,0,0,0,0,0,2,inatencion,1,0.15,5,0
13,369,7,2,4815,3,1,0,0,0,0,0,0,inatencion,1,0.15,6,0
13,370,15,4,7317,1,0,0,0,0,0,0,2,inatencion,1,0.15,7,0
13,371,15,3,3920,3,0,0,0,0,0,0,0,inatencion,1,0.15,8,0
13,372,16,3,5417,1,1,0,0,1,0,0,0,procedimiento,0,0.6,0,0
13,373,3,2,3963,1,0,0,0,1,0,0,0,procedimiento,0,0.6,0,0
13,374,5,4,7071,1,1,1,0,1,4,0,0,procedimiento,0,0.59,0,0
13,375,19,2,3626,1,0,0,0,1,0,0,0,procedimiento,0,0.58,0,0
13,376,7,2,3737,1,0,0,0,1,1,0,0,procedimiento,0,0.58,0,0
13,377,4,3,6152,1,0,0,0,1,1,0,0,procedimiento,0,0.57,0,0
13,378,9,4,7353,1,1,2,0,1,0,0,0,procedimiento,0,0.56,0,0
13,379,2,4,6269,1,0,0,0,0,2,0,0,consigna,0,0.45,1,0
13,380,16,3,4588,2,1,0,0,0,0,0,1,inatencion,1,0.35,2,0
13,381,10,4,7561,1,0,0,0,0,1,0,0,inatencion,1,0.24,3,0
13,382,1,3,7462,1,1,0,0,0,0,0,0,aleatorio,1,0.15,4,0
13,383,4,1,4126,1,0,0,0,1,0,0,0,procedimiento,0,0.53,0,0
13,384,19,3,3756,1,0,0,0,1,1,0,0,procedimiento,0,0.52,0,0
13,385,4,3,4000,1,1,0,0,1,1,0,0,procedimiento,0,0.51,0,0
13,386,12,4,6197,2,0,0,0,0,4,0,0,inatencion,0,0.41,1,0
13,387,11,1,4986,1,0,0,0,1,0,0,0,procedimiento,0,0.5,0,0
13,388,19,1,2835,1,0,0,0,1,0,1908,0,procedimiento,1,0.49,0,0
13,389,6,4,8480,1,1,0,0,0,0,481,0,inatencion,1,0.39,1,0
13,390,6,1,3550,1,0,0,0,1,0,821,0,procedimiento,1,0.48,0,0
14,391,18,2,2679,1,0,0,0,1,0,0,0,procedimiento,0,0.74,0,0
14,392,2,3,5736,1,1,0,0,0,0,0,0,procedimiento,0,0.64,1,0
14,393,15,2,3064,3,0,0,0,0,0,0,0,procedimiento,1,0.53,2,0
14,394,2,4,5090,1,0,0,0,1,0,0,0,procedimiento,0,0.72,0,0
14,395,7,2,3276,1,1,0,0,1,0,0,0,procedimiento,0,0.71,0,0
14,396,4,2,4554,1,1,3,0,0,0,0,0,aleatorio,0,0.61,1,0
14,397,10,3,4229,1,0,0,0,0,0,0,0,inatencion,1,0.5,2,0
14,398,10,2,3820,1,0,0,0,1,0,0,0,procedimiento,0,0.69,0,0
14,399,7,3,5302,1,1,0,0,0,0,0,0,inatencion,0,0.58,1,0
14,400,5,3,4722,1,1,0,0,1,0,0,0,procedimiento,0,0.68,0,0
14,401,9,2,4305,2,0,0,0,0,0,0,0,conceptual,0,0.57,1,0
14,402,5,2,3541,1,0,0,0,1,0,0,0,procedimiento,0,0.66,0,0
14,403,14,4,5642,1,0,0,0,1,0,0,0,procedimiento,0,0.66,0,0
14,404,6,4,6754,1,1,0,0,1,0,0,0,procedimiento,0,0.65,0,0
14,405,11,3,3648,1,0,0,0,1,0,0,0,procedimiento,0,0.64,0,0
14,406,5,2,2736,1,0,0,0,0,0,0,0,conceptual,0,0.53,1,0
14,407,4,3,3438,2,0,0,0,0,0,0,1,conceptual,1,0.43,2,0
14,408,14,2,4181,2,1,0,0,0,0,0,1,inatencion,1,0.32,3,0
14,409,17,2,2952,1,0,0,0,1,0,0,0,procedimiento,0,0.61,0,0
14,410,16,3,3398,3,0,0,0,0,0,0,0,inatencion,0,0.5,1,0
14,411,17,3,3479,2,1,0,0,0,2,0,0,procedimiento,1,0.4,2,0
14,412,10,4,4937,1,1,0,0,1,1,0,0,procedimiento,0,0.59,0,0
14,413,13,2,4645,3,0,0,0,0,0,0,0,conceptual,0,0.48,1,0
14,414,9,2,6449,1,0,0,0,0,2,0,2,conceptual,1,0.37,2,0
14,415,19,4,7631,1,0,0,0,1,2,0,0,procedimiento,0,0.57,0,0
14,416,10,2,5371,1,0,0,0,1,0,0,0,procedimiento,0,0.56,0,0
14,417,4,1,2484,3,1,0,0,0,1,0,0,procedimiento,0,0.45,1,0
14,418,15,2,4719,1,0,0,0,1,1,0,0,procedimiento,0,0.54,0,0
14,419,2,2,4772,1,0,0,0,1,3,0,0,procedimiento,0,0.54,0,0
14,420,7,3,5998,1,1,0,0,1,2,0,0,procedimiento,0,0.53,0,0
15,421,14,4,4169,1,0,0,0,1,0,0,0,procedimiento,0,0.58,0,0
15,422,18,1,1987,1,0,0,1,0,2,0,0,aleatorio,0,0.47,1,0
15,423,19,3,2552,1,0,0,0,1,0,0,0,procedimiento,0,0.57,0,0
15,424,14,2,2289,1,0,0,0,1,1,0,0,procedimiento,0,0.56,0,0
15,425,9,3,3112,2,1,0,0,0,5,0,0,inatencion,0,0.46,1,0
15,426,13,2,3058,2,0,0,0,0,0,0,2,conceptual,1,0.35,2,0
15,427,16,2,2512,2,1,0,0,0,0,0,1,inatencion,1,0.24,3,0
15,428,15,4,5000,1,0,0,0,0,3,0,1,inatencion,1,0.15,4,0
15,429,18,1,1535,1,0,0,1,0,3,0,1,inatencion,1,0.15,5,0
15,430,9,2,2993,1,0,0,0,0,1,0,1,aleatorio,1,0.15,6,0
15,431,19,3,2942,1,0,0,0,1,3,0,0,procedimiento,0,0.52,0,0
15,432,17,2,3210,2,0,0,0,0,1,0,0,conceptual,0,0.42,1,0
15,433,11,4,5276,1,0,0,0,1,2,0,0,procedimiento,0,0.51,0,0
15,434,11,3,3648,1,0,0,0,0,4,0,0,inatencion,0,0.4,1,0
15,435,6,2,2581,2,0,0,0,0,3,121,1,inatencion,1,0.3,2,0
15,436,12,2,3444,1,1,0,0,0,2,320,0,inatencion,1,0.19,3,0
15,437,15,3,3551,1,0,0,0,1,1,109,0,procedimiento,1,0.49,0,0
15,438,3,2,3359,1,1,2,0,1,1,938,0,procedimiento,1,0.48,0,0
15,439,15,2,2591,1,1,0,0,0,1,192,0,consigna,1,0.37,1,0
15,440,13,2,3127,2,0,0,0,0,1,418,1,inatencion,1,0.27,2,0
15,441,1,4,5242,1,1,0,0,1,1,367,0,procedimiento,1,0.46,0,0
15,442,5,1,2591,1,0,0,0,1,1,709,0,procedimiento,1,0.46,0,0
15,443,5,4,7175,2,0,0,0,0,5,674,0,conceptual,1,0.35,1,0
15,444,16,3,4614,1,1,0,0,0,2,38,0,procedimiento,1,0.25,2,0
15,445,15,1,2348,1,0,0,0,0,2,30,2,inatencion,1,0.15,3,0
15,446,13,1,2817,1,0,0,0,0,1,617,2,inatencion,1,0.15,4,0
15,447,4,3,3884,2,1,0,0,0,2,157,3,aleatorio,1,0.15,5,0
15,448,2,2,3784,1,0,0,0,1,3,1360,0,procedimiento,1,0.42,0,0
15,449,17,3,5418,2,1,2,0,0,2,142,0,conceptual,1,0.32,1,0
15,450,18,2,3633,1,1,3,0,0,1,1657,1,inatencion,1,0.21,2,0
16,451,3,2,3279,1,1,0,0,1,0,0,0,procedimiento,0,0.53,0,0
16,452,14,3,4654,1,0,0,0,1,0,0,0,procedimiento,0,0.53,0,0
16,453,19,3,4932,1,1,0,0,1,1,0,0,procedimiento,0,0.52,0,0
16,454,7,3,4452,1,1,1,0,1,1,0,0,procedimiento,0,0.52,0,0
16,455,10,1,2721,1,0,0,0,1,3,0,0,procedimiento,0,0.51,0,0
16,456,6,4,5203,3,1,0,0,0,2,0,0,procedimiento,0,0.41,1,0
16,457,3,4,5940,1,0,0,0,1,2,0,0,procedimiento,0,0.5,0,0
16,458,1,1,2384,1,1,0,0,1,3,171,0,procedimiento,1,0.49,0,0
16,459,8,2,3795,1,0,0,0,1,3,274,0,procedimiento,1,0.49,0,0
16,460,17,3,5346,1,0,0,0,1,1,134,0,procedimiento,1,0.48,0,0
16,461,7,4,6120,1,1,0,0,1,2,65,0,procedimiento,1,0.48,0,0
16,462,12,2,3717,1,0,0,0,0,3,244,0,conceptual,1,0.37,1,0
16,463,6,4,6026,3,0,0,0,0,2,909,2,procedimiento,1,0.27,2,0
16,464,4,2,3791,1,0,0,0,1,1,573,0,procedimiento,1,0.46,0,0
16,465,1,3,4041,1,0,0,0,1,1,43,0,procedimiento,1,0.46,0,0
16,466,1,2,3637,1,0,0,0,0,0,82,0,conceptual,1,0.35,1,0
16,467,17,1,2982,1,0,0,0,1,1,270,0,procedimiento,1,0.45,0,0
16,468,6,1,2497,1,1,0,0,1,1,104,0,procedimiento,1,0.44,0,0
16,469,16,3,4829,1,0,0,0,1,2,1033,0,procedimiento,1,0.44,0,0
16,470,14,3,3797,1,0,0,0,1,3,130,0,procedimiento,1,0.43,0,0
16,471,11,3,4179,1,1,0,0,1,3,1030,0,procedimiento,1,0.43,0,0
16,472,8,3,4310,1,1,1,0,1,2,43,0,procedimiento,1,0.42,0,0
16,473,19,3,4805,1,1,2,0,1,1,80,0,procedimiento,1,0.41,0,0
16,474,4,3,6897,1,0,0,0,1,0,1315,0,procedimiento,1,0.41,0,0
16,475,11,1,2849,1,0,0,0,1,1,37,0,procedimiento,1,0.4,0,0
16,476,6,3,6337,1,0,0,0,1,2,536,0,procedimiento,1,0.4,0,0
16,477,1,2,4119,1,0,0,0,1,1,232,2,procedimiento,1,0.39,0,0
16,478,19,3,7591,1,0,0,0,1,4,38,3,procedimiento,1,0.39,0,0
16,479,15,2,4504,1,1,1,0,1,1,1049,0,procedimiento,1,0.38,0,0
16,480,17,4,5177,1,0,0,0,0,0,549,3,procedimiento,1,0.28,1,0
17,481,5,3,6102,1,1,1,0,1,0,0,0,procedimiento,0,0.84,0,0
17,482,14,2,4098,1,0,0,0,1,0,0,0,procedimiento,0,0.84,0,0
17,483,7,2,3220,1,0,0,0,0,0,0,0,inatencion,0,0.73,1,0
17,484,9,2,3325,1,0,0,0,0,0,0,1,conceptual,1,0.62,2,0
17,485,18,2,4656,1,0,0,0,1,0,0,0,procedimiento,0,0.81,0,0
17,486,10,2,3820,1,1,0,0,1,0,0,0,procedimiento,0,0.8,0,0
17,487,3,2,3176,1,0,0,0,1,0,0,0,procedimiento,0,0.79,0,0
17,488,13,3,5119,2,0,0,0,0,0,0,0,conceptual,0,0.69,1,0
17,489,19,3,5455,1,0,0,0,1,0,0,0,procedimiento,0,0.78,0,0
17,490,11,3,4571,1,0,0,0,0,0,0,0,procedimiento,0,0.67,1,0
17,491,14,2,4835,1,1,2,0,1,0,0,0,procedimiento,0,0.76,0,0
17,492,1,2,3773,2,0,0,0,0,0,0,0,conceptual,0,0.65,1,0
17,493,4,3,5561,1,1,0,0,1,0,0,0,procedimiento,0,0.74,0,0
17,494,5,3,5921,1,0,0,0,0,0,0,0,inatencion,0,0.64,1,0
17,495,10,3,6281,3,1,0,0,0,0,0,1,inatencion,1,0.53,2,0
17,496,16,4,4900,1,1,1,0,0,0,0,1,aleatorio,1,0.4,3,0
17,497,4,2,3854,2,1,0,0,0,0,0,1,inatencion,1,0.31,4,0
17,498,19,3,4676,1,0,0,0,0,0,0,0,inatencion,1,0.2,5,0
17,499,13,2,4768,2,0,0,0,0,0,0,0,inatencion,1,0.15,6,0
17,500,15,3,5445,1,0,0,0,0,0,0,1,inatencion,1,0.15,7,0
17,501,16,1,3287,1,0,0,0,1,0,0,0,procedimiento,0,0.68,0,0
17,502,8,2,4420,3,1,1,0,0,0,0,0,consigna,0,0.57,1,0
17,503,14,3,5762,1,0,0,0,0,0,0,0,inatencion,1,0.46,2,0
17,504,3,2,5022,1,0,0,0,0,0,0,1,inatencion,1,0.35,3,0
17,505,5,3,4284,1,1,0,0,0,0,0,1,inatencion,1,0.24,4,0
17,506,10,2,7037,1,1,0,0,1,0,0,0,procedimiento,0,0.63,0,0
17,507,4,4,6322,1,1,2,0,0,0,0,0,inatencion,0,0.53,1,0
17,508,14,3,6992,1,1,1,0,1,0,0,0,procedimiento,0,0.62,0,0
17,509,14,3,5300,2,1,2,0,0,0,0,0,procedimiento,0,0.51,1,0
17,510,3,2,5383,1,1,1,0,1,2,0,0,procedimiento,0,0.6,0,0
18,511,6,1,2131,2,0,0,0,0,0,0,0,inatencion,0,0.66,1,0
18,512,2,2,2471,1,0,0,0,1,0,0,0,procedimiento,0,0.76,0,0
18,513,13,3,4919,3,0,0,0,0,0,0,0,inatencion,0,0.65,1,0
18,514,16,3,4414,2,1,0,0,0,0,0,0,procedimiento,1,0.54,2,0
18,515,16,1,2685,2,1,1,0,0,0,0,1,aleatorio,1,0.4,3,0
18,516,15,1,1850,1,0,0,1,1,0,0,0,procedimiento,0,0.73,0,0
18,517,19,2,2845,1,1,1,0,1,0,0,0,procedimiento,0,0.72,0,0
18,518,4,1,1982,1,0,0,1,1,0,0,0,procedimiento,0,0.71,0,0
18,519,12,1,2609,1,0,0,0,1,0,0,0,procedimiento,0,0.7,0,0
18,520,13,2,2552,1,0,0,0,1,0,0,0,procedimiento,0,0.7,0,0
18,521,17,3,4062,1,0,0,0,0,0,0,0,inatencion,0,0.59,1,0
18,522,10,4,5459,1,0,0,0,1,0,0,0,procedimiento,0,0.68,0,0
18,523,7,3,3022,2,1,0,0,0,0,0,0,procedimiento,0,0.57,1,0
18,524,15,3,3645,1,1,0,0,1,0,0,0,procedimiento,0,0.67,0,0
18,525,4,1,2653,1,0,0,0,1,0,0,0,procedimiento,0,0.66,0,0
18,526,15,1,2302,2,0,0,0,0,0,0,0,procedimiento,0,0.55,1,0
18,527,10,1,2362,2,1,0,0,0,0,0,0,procedimiento,1,0.44,2,0
18,528,7,2,3396,1,0,0,0,0,0,0,0,inatencion,1,0.33,3,0
18,529,9,2,3831,1,0,0,0,1,0,0,0,procedimiento,0,0.63,0,0
18,530,15,3,3784,1,0,0,0,0,0,0,0,conceptual,0,0.52,1,0
18,531,14,2,3482,1,0,0,0,1,0,0,0,procedimiento,0,0.61,0,0
18,532,6,3,6017,3,1,1,0,0,0,0,0,inatencion,0,0.5,1,0
18,533,16,4,6904,1,0,0,0,0,1,0,2,inatencion,1,0.4,2,0
18,534,13,3,4315,3,0,0,0,0,0,0,0,inatencion,1,0.29,3,0
18,535,13,3,4974,1,1,0,0,0,1,0,0,inatencion,1,0.18,4,0
18,536,17,1,3572,1,0,0,0,1,4,0,0,procedimiento,0,0.57,0,0
18,537,12,4,6797,2,1,0,0,0,1,0,0,consigna,0,0.47,1,0
18,538,11,3,4976,1,1,1,0,1,1,0,0,procedimiento,0,0.56,0,0
18,539,2,2,3947,1,0,0,0,1,1,0,0,procedimiento,0,0.55,0,0
18,540,6,3,4878,1,0,0,0,1,0,0,0,procedimiento,0,0.54,0,0
19,541,7,1,1455,1,0,0,1,1,0,0,0,procedimiento,0,0.86,0,0
19,542,14,1,1483,2,0,0,1,0,0,0,0,aleatorio,0,0.75,1,0
19,543,8,2,2370,1,0,0,0,1,0,0,0,procedimiento,0,0.85,0,0
19,544,2,2,2467,2,1,0,0,0,0,0,0,conceptual,0,0.74,1,0
19,545,17,3,3375,1,1,0,0,0,0,0,0,conceptual,1,0.63,2,0
19,546,2,2,2598,1,0,0,0,1,0,0,0,procedimiento,0,0.82,0,0
19,547,18,2,2340,1,0,0,0,0,0,0,0,procedimiento,0,0.71,1,0
19,548,5,3,3407,2,0,0,0,0,0,0,1,inatencion,1,0.6,2,0
19,549,9,2,2170,2,1,1,0,0,0,0,0,inatencion,1,0.4,3,0
19,550,7,3,2988,1,1,0,0,0,0,0,1,aleatorio,1,0.39,4,0
19,551,10,4,4358,2,1,0,0,0,0,0,1,inatencion,1,0.28,5,0
19,552,14,3,2701,1,1,0,0,1,0,0,0,procedimiento,0,0.77,0,0
19,553,17,1,1296,2,0,0,1,0,0,0,0,inatencion,0,0.66,1,0
19,554,17,2,2577,2,0,0,0,0,0,0,1,aleatorio,1,0.55,2,0
19,555,3,2,1993,1,0,0,1,1,0,0,0,procedimiento,0,0.74,0,0
19,556,3,4,4194,3,0,0,0,0,0,0,0,inatencion,0,0.63,1,0
19,557,9,3,2924,1,0,0,0,0,0,0,0,procedimiento,1,0.52,2,0
19,558,8,2,2668,1,0,0,0,1,0,0,0,procedimiento,0,0.72,0,0
19,559,19,2,2422,2,0,0,0,0,0,0,0,consigna,0,0.61,1,0
19,560,16,2,1829,2,1,0,1,0,0,0,0,inatencion,1,0.5,2,0
19,561,12,2,2185,1,0,0,0,1,0,0,0,procedimiento,0,0.69,0,0
19,562,10,1,1931,1,0,0,1,1,0,0,0,procedimiento,0,0.68,0,0
19,563,6,1,2007,1,0,0,0,1,0,0,0,procedimiento,0,0.67,0,0
19,564,5,2,3095,1,0,0,0,1,0,0,0,procedimiento,0,0.66,0,0
19,565,10,2,3070,1,1,0,0,0,0,0,0,conceptual,0,0.56,1,0
19,566,4,3,3202,1,1,0,0,0,0,0,0,conceptual,1,0.45,2,0
19,567,5,3,4132,1,0,0,0,0,0,0,0,inatencion,1,0.34,3,0
19,568,3,4,4432,1,1,0,0,0,0,0,1,inatencion,1,0.23,4,0
19,569,10,4,3894,3,1,1,0,0,0,0,0,inatencion,1,0.15,5,0
19,570,4,3,3784,1,0,0,0,0,0,0,1,aleatorio,1,0.15,6,0
20,571,15,2,1822,1,0,0,1,0,0,0,0,aleatorio,0,0.81,1,0
20,572,19,2,1747,1,0,0,1,1,0,0,0,procedimiento,0,0.9,0,0
20,573,7,3,2185,1,0,0,0,0,0,0,0,inatencion,0,0.79,1,0
20,574,9,2,1697,1,1,0,1,0,0,0,0,aleatorio,1,0.68,2,0
20,575,9,4,3165,3,0,0,0,0,0,0,1,inatencion,1,0.4,3,0
20,576,1,3,3215,1,0,0,0,1,0,0,0,procedimiento,0,0.87,0,0
20,577,5,2,1905,2,0,0,1,0,0,0,0,aleatorio,0,0.76,1,0
20,578,19,4,3603,1,1,1,0,0,0,0,0,consigna,1,0.65,2,0
20,579,5,3,1949,2,0,0,1,0,0,0,1,inatencion,1,0.4,3,0
20,580,11,4,4041,1,0,0,0,0,0,0,0,inatencion,1,0.4,4,0
20,581,19,2,2216,2,1,0,0,0,0,0,0,aleatorio,1,0.32,5,0
20,582,5,2,1590,2,0,0,1,0,0,0,0,inatencion,1,0.21,6,0
20,583,8,3,2643,2,0,0,0,0,0,0,0,inatencion,1,0.15,7,0
20,584,4,2,2643,2,0,0,0,0,0,0,0,aleatorio,1,0.15,8,0
20,585,13,2,2438,1,1,0,0,1,0,0,0,procedimiento,0,0.78,0,0
20,586,14,1,1547,1,0,0,1,1,0,0,0,procedimiento,0,0.78,0,0
20,587,4,1,1412,1,0,0,1,1,0,0,0,procedimiento,0,0.77,0,0
20,588,16,1,1706,1,0,0,1,1,0,0,0,procedimiento,0,0.76,0,0
20,589,16,2,2262,1,0,0,0,1,0,0,0,procedimiento,0,0.75,0,0
20,590,8,1,1550,1,0,0,1,0,0,0,0,aleatorio,0,0.64,1,0
20,591,18,3,3215,1,1,0,0,0,0,0,0,procedimiento,1,0.53,2,0
20,592,15,1,1900,1,0,0,1,1,0,0,0,procedimiento,0,0.72,0,0
20,593,1,2,2766,1,0,0,0,0,0,0,0,consigna,0,0.61,1,0
20,594,8,4,4128,1,0,0,0,0,0,0,1,conceptual,1,0.5,2,0
20,595,10,3,3403,2,0,0,0,0,0,0,4,aleatorio,1,0.39,3,0
20,596,18,4,4004,1,0,0,0,0,0,0,0,aleatorio,1,0.28,4,0
20,597,18,1,1614,1,0,0,1,1,0,0,0,procedimiento,0,0.68,0,0
20,598,18,3,3499,2,0,0,0,0,0,0,0,aleatorio,0,0.57,1,0
20,599,10,2,2330,1,0,0,0,1,0,0,0,procedimiento,0,0.66,0,0
20,600,14,4,3212,2,0,0,0,0,0,0,0,conceptual,0,0.55,1,0
21,601,5,2,2249,1,0,0,0,0,0,0,0,inatencion,0,0.76,1,0
21,602,13,4,4342,1,0,0,0,0,0,0,1,conceptual,1,0.65,2,0
21,603,3,2,2574,2,1,1,0,0,0,0,1,inatencion,1,0.4,3,0
21,604,15,2,2226,3,1,1,0,0,0,0,0,aleatorio,1,0.4,4,0
21,605,3,1,2091,1,0,0,0,1,0,0,0,procedimiento,0,0.82,0,0
21,606,3,3,2204,1,1,0,0,0,0,0,0,procedimiento,0,0.71,1,0
21,607,8,2,2793,1,0,0,0,1,0,0,0,procedimiento,0,0.81,0,0
21,608,6,3,3370,1,0,0,0,0,0,0,0,inatencion,0,0.7,1,0
21,609,4,2,2396,1,0,0,0,0,0,0,1,inatencion,1,0.59,2,0
21,610,18,2,2817,1,0,0,0,0,0,0,1,inatencion,1,0.4,3,0
21,611,10,2,2430,1,0,0,0,1,0,0,0,procedimiento,0,0.77,0,0
21,612,9,4,4318,1,0,0,0,1,0,0,0,procedimiento,0,0.76,0,0
21,613,18,1,1788,1,0,0,1,1,0,0,0,procedimiento,0,0.75,0,0
21,614,7,4,4428,1,0,0,0,1,0,0,0,procedimiento,0,0.75,0,0
21,615,8,3,2674,1,0,0,0,1,0,0,0,procedimiento,0,0.74,0,0
21,616,3,2,2668,1,1,0,0,1,0,0,0,procedimiento,0,0.73,0,0
21,617,18,1,1378,1,0,0,1,1,0,0,0,procedimiento,0,0.72,0,0
21,618,5,3,2973,2,1,1,0,0,0,0,0,inatencion,0,0.61,1,0
21,619,15,2,1789,2,0,0,1,0,0,0,0,inatencion,1,0.5,2,0
21,620,15,1,1539,2,1,0,1,0,0,0,1,aleatorio,1,0.39,3,0
21,621,4,3,3062,2,1,1,0,0,0,0,0,inatencion,1,0.29,4,0
21,622,1,3,4545,1,1,0,0,0,0,0,1,inatencion,1,0.18,5,0
21,623,9,2,2696,1,0,0,0,0,0,0,1,inatencion,1,0.15,6,0
21,624,16,4,4884,1,0,0,0,1,0,0,0,procedimiento,0,0.66,0,0
21,625,11,3,5034,2,0,0,0,0,0,0,0,consigna,0,0.55,1,0
21,626,1,2,2347,2,1,0,0,0,0,0,1,procedimiento,1,0.44,2,0
21,627,1,3,4975,1,1,0,0,0,0,0,1,aleatorio,1,0.33,3,0
21,628,8,2,2333,1,1,0,0,1,0,0,0,procedimiento,0,0.63,0,0
21,629,1,1,2472,2,0,0,0,0,0,0,0,conceptual,0,0.52,1,0
21,630,2,2,4108,1,0,0,0,0,0,0,0,procedimiento,1,0.41,2,0
22,631,17,3,4536,1,0,0,0,1,0,0,0,procedimiento,0,0.77,0,0
22,632,16,2,3015,1,0,0,0,1,0,0,0,procedimiento,0,0.76,0,0
22,633,13,2,3136,1,1,1,0,0,0,0,0,inatencion,0,0.65,1,0
22,634,4,2,4360,2,1,0,0,0,0,0,1,inatencion,1,0.55,2,0
22,635,9,2,2895,3,1,0,0,0,0,0,0,aleatorio,1,0.4,3,0
22,636,15,2,2548,1,0,0,0,0,0,0,0,inatencion,1,0.33,4,0
22,637,11,2,3028,1,1,0,0,0,0,0,1,inatencion,1,0.22,5,0
22,638,3,4,6793,1,0,0,0,1,0,0,0,procedimiento,0,0.72,0,0
22,639,2,1,2287,1,0,0,0,1,0,0,0,procedimiento,0,0.71,0,0
22,640,6,2,4306,2,0,0,0,0,0,0,0,inatencion,0,0.6,1,0
22,641,18,2,3723,2,0,0,0,0,0,0,1,consigna,1,0.49,2,0
22,642,17,3,5099,1,0,0,0,0,0,0,1,aleatorio,1,0.39,3,0
22,643,15,3,5392,3,0,0,0,0,0,0,0,inatencion,1,0.28,4,0
22,644,8,2,3252,1,0,0,0,0,0,0,1,inatencion,1,0.17,5,0
22,645,10,2,2646,1,0,0,0,1,0,0,0,procedimiento,0,0.66,0,0
22,646,18,3,3836,1,1,0,0,0,0,0,0,conceptual,0,0.55,1,0
22,647,2,4,4970,1,0,0,0,0,0,0,0,conceptual,1,0.45,2,0
22,648,12,4,6024,1,1,0,0,1,0,0,0,procedimiento,0,0.64,0,0
22,649,3,2,2787,2,0,0,0,0,0,0,0,conceptual,0,0.53,1,0
22,650,5,2,3866,1,0,0,0,0,0,0,1,conceptual,1,0.42,2,0
22,651,5,1,2723,1,1,0,0,1,0,0,0,procedimiento,0,0.62,0,0
22,652,10,3,4798,2,1,0,0,0,0,0,0,inatencion,0,0.51,1,0
22,653,18,3,6530,1,0,0,0,0,0,0,0,consigna,1,0.4,2,0
22,654,8,4,5672,2,1,0,0,0,0,0,0,inatencion,1,0.29,3,0
22,655,18,3,4334,1,1,0,0,0,4,0,0,inatencion,1,0.19,4,0
22,656,5,2,4477,1,1,0,0,1,3,0,0,procedimiento,0,0.58,0,0
22,657,10,1,3161,1,0,0,0,0,2,0,0,consigna,0,0.47,1,0
22,658,11,1,3159,1,0,0,0,1,1,0,0,procedimiento,0,0.56,0,0
22,659,7,2,4276,3,0,0,0,0,4,0,0,conceptual,0,0.45,1,0
22,660,12,2,4226,2,1,0,0,0,0,0,0,aleatorio,1,0.35,2,0
23,661,14,2,2834,1,0,0,0,1,1,0,0,procedimiento,0,0.53,0,0
23,662,19,3,4307,2,0,0,0,0,4,0,0,conceptual,0,0.42,1,0
23,663,3,4,4362,1,0,0,0,0,0,0,2,procedimiento,1,0.32,2,0
23,664,6,3,4301,3,1,0,0,0,1,0,0,inatencion,1,0.21,3,0
23,665,19,3,3024,1,1,0,0,0,1,0,0,inatencion,1,0.15,4,0
23,666,6,2,3080,2,1,0,0,0,3,0,1,aleatorio,1,0.15,5,0
23,667,4,3,3003,1,0,0,0,0,3,621,1,aleatorio,1,0.15,6,0
23,668,5,4,4071,3,0,0,0,0,3,567,1,inatencion,1,0.15,7,0
23,669,19,2,3256,1,0,0,0,1,1,97,0,procedimiento,1,0.48,0,0
23,670,2,3,3569,2,0,0,0,0,0,25,0,inatencion,1,0.38,1,0
23,671,2,2,2110,1,0,0,0,0,2,81,0,procedimiento,1,0.27,2,0
23,672,16,3,2546,1,0,0,0,0,2,462,1,inatencion,1,0.17,3,0
23,673,13,1,2258,1,0,0,0,0,0,1636,2,inatencion,1,0.15,4,0
23,674,16,4,4226,1,0,0,0,1,0,6,0,procedimiento,1,0.46,0,0
23,675,11,2,2869,1,1,0,0,1,0,165,0,procedimiento,1,0.45,0,0
23,676,9,1,2387,3,0,0,0,0,2,209,0,inatencion,1,0.35,1,0
23,677,17,2,2468,1,0,0,0,0,3,1705,1,conceptual,1,0.24,2,0
23,678,13,2,2433,3,0,0,0,0,1,711,0,inatencion,1,0.15,3,0
23,679,7,3,4138,2,0,0,0,0,2,531,1,inatencion,1,0.15,4,0
23,680,14,3,2789,1,1,0,0,0,4,718,1,aleatorio,1,0.15,5,0
23,681,3,1,2111,1,0,0,0,1,3,1135,0,procedimiento,1,0.42,0,0
23,682,14,4,6097,1,0,0,0,1,1,840,0,procedimiento,1,0.42,0,0
23,683,17,2,3325,2,0,0,0,0,0,34,0,consigna,1,0.31,1,0
23,684,7,2,1986,1,0,0,1,1,0,299,0,procedimiento,1,0.41,0,0
23,685,18,3,4830,2,1,0,0,0,2,465,0,aleatorio,1,0.3,1,0
23,686,3,2,4086,1,0,0,0,1,1,48,2,procedimiento,1,0.39,0,0
23,687,17,3,4915,1,0,0,0,1,0,278,2,procedimiento,1,0.39,0,0
23,688,2,3,4988,2,1,0,0,0,2,621,0,conceptual,1,0.28,1,0
23,689,2,3,3850,1,0,0,0,0,2,8,1,conceptual,1,0.18,2,0
23,690,15,3,5774,1,0,0,0,0,1,256,1,inatencion,1,0.15,3,0
24,691,9,2,2940,2,0,0,0,0,4,897,2,consigna,1,0.29,1,0
24,692,5,2,1871,1,0,0,1,0,1,278,1,inatencion,1,0.19,2,0
24,693,2,3,2481,1,1,2,0,0,3,189,4,aleatorio,1,0.15,3,0
24,694,14,2,2737,3,1,1,0,0,2,113,0,inatencion,1,0.15,4,0
24,695,4,1,1945,1,0,0,1,0,0,548,1,aleatorio,1,0.15,5,0
24,696,13,3,2776,1,0,0,0,0,2,1236,0,aleatorio,1,0.15,6,0
24,697,12,1,1495,1,0,0,1,0,4,1703,0,inatencion,1,0.15,7,0
24,698,19,2,2284,1,0,0,0,1,6,589,2,procedimiento,1,0.37,0,0
24,699,17,3,2993,3,1,0,0,0,1,1180,1,inatencion,1,0.26,1,0
24,700,12,1,1435,1,1,0,1,0,1,750,2,inatencion,1,0.16,2,0
24,701,5,4,3937,1,0,0,0,1,1,94,3,procedimiento,1,0.35,0,0
24,702,16,1,1393,1,0,0,1,0,2,1097,1,aleatorio,1,0.25,1,0
24,703,14,4,3440,1,0,0,0,0,3,141,2,procedimiento,1,0.15,2,0
24,704,5,2,2700,1,1,0,0,0,0,641,1,aleatorio,1,0.15,3,0
24,705,11,2,2000,3,0,0,0,0,6,79,0,inatencion,1,0.15,4,0
24,706,1,3,2620,1,0,0,0,1,2,50,1,procedimiento,1,0.33,0,0
24,707,6,3,2718,1,0,0,0,1,1,2036,3,procedimiento,1,0.33,0,0
24,708,11,3,3771,1,0,0,0,0,4,81,1,procedimiento,1,0.23,1,0
24,709,19,2,2652,1,0,0,0,1,3,2,4,procedimiento,1,0.32,0,0
24,710,10,3,3161,1,0,0,0,0,1,285,1,conceptual,1,0.22,1,0
24,711,6,1,1350,1,0,0,1,1,3,794,1,procedimiento,1,0.31,0,0
24,712,12,3,2686,1,1,2,0,0,4,131,1,inatencion,1,0.21,1,0
24,713,6,4,4222,1,1,0,0,1,0,102,2,procedimiento,1,0.31,0,0
24,714,12,4,4188,1,1,1,0,0,0,538,0,conceptual,1,0.2,1,0
24,715,16,3,4107,1,0,0,0,1,1,1940,1,procedimiento,1,0.3,0,0
24,716,3,2,2939,1,1,1,0,0,10,1380,2,inatencion,1,0.19,1,0
24,717,14,4,3952,1,1,1,0,0,1,139,1,conceptual,1,0.15,2,0
24,718,19,1,2117,1,1,0,0,0,1,24,2,aleatorio,1,0.15,3,0
24,719,10,1,1721,2,0,0,1,0,3,254,1,inatencion,1,0.15,4,0
24,720,8,3,2659,1,0,0,0,0,5,448,1,aleatorio,1,0.15,5,0
25,721,19,3,3475,2,0,0,0,0,0,0,0,inatencion,0,0.71,1,0
25,722,15,2,3155,2,0,0,0,0,0,0,0,conceptual,1,0.6,2,0
25,723,4,1,1354,1,1,0,1,1,0,0,0,procedimiento,0,0.79,0,0
25,724,5,1,1756,1,0,0,1,0,0,0,0,aleatorio,0,0.68,1,0
25,725,5,4,4139,1,0,0,0,1,0,0,0,procedimiento,0,0.78,0,0
25,726,2,2,2675,1,0,0,0,0,0,0,0,conceptual,0,0.67,1,0
25,727,3,4,4692,1,0,0,0,1,0,0,0,procedimiento,0,0.76,0,0
25,728,8,1,1666,2,0,0,1,0,0,0,0,aleatorio,0,0.65,1,0
25,729,4,4,3350,3,0,0,0,0,0,0,0,aleatorio,1,0.54,2,0
25,730,18,2,2837,1,0,0,0,0,0,0,0,inatencion,1,0.4,3,0
25,731,6,2,2399,2,0,0,0,0,0,0,1,aleatorio,1,0.33,4,0
25,732,4,4,3615,3,0,0,0,0,0,0,0,inatencion,1,0.22,5,0
25,733,14,2,2830,2,0,0,0,0,0,0,0,inatencion,1,0.15,6,0
25,734,10,2,1923,1,0,0,1,1,0,0,0,procedimiento,0,0.7,0,0
25,735,12,2,2267,1,0,0,0,1,0,0,0,procedimiento,0,0.7,0,0
25,736,7,2,2430,1,0,0,0,0,0,0,0,inatencion,0,0.59,1,0
25,737,5,2,3088,1,0,0,0,1,0,0,0,procedimiento,0,0.68,0,0
25,738,7,2,2556,1,0,0,0,0,0,0,0,consigna,0,0.57,1,0
25,739,16,3,3113,1,1,0,0,1,0,0,0,procedimiento,0,0.66,0,0
25,740,6,3,3979,2,0,0,0,0,0,0,0,consigna,0,0.56,1,0
25,741,19,4,4209,1,1,1,0,0,0,0,0,consigna,1,0.45,2,0
25,742,7,1,2559,3,0,0,0,0,0,0,0,inatencion,1,0.34,3,0
25,743,1,1,2116,1,0,0,0,0,0,0,1,inatencion,1,0.23,4,0
25,744,4,3,4603,1,0,0,0,0,0,0,2,inatencion,1,0.15,5,0
25,745,5,2,3185,1,1,1,0,1,0,0,0,procedimiento,0,0.61,0,0
25,746,10,2,2886,2,0,0,0,0,0,0,0,conceptual,0,0.51,1,0
25,747,19,1,3019,1,0,0,0,0,0,0,0,procedimiento,1,0.4,2,0
25,748,3,4,5106,3,0,0,0,0,0,0,0,inatencion,1,0.29,3,0
25,749,8,4,4865,2,1,0,0,0,0,0,0,inatencion,1,0.18,4,0
25,750,2,3,3834,2,0,0,0,0,2,0,5,inatencion,1,0.15,5,0
26,751,9,2,2756,3,0,0,0,0,0,0,0,inatencion,0,0.8,1,0
26,752,19,1,1621,1,0,0,1,1,0,0,0,procedimiento,0,0.89,0,0
26,753,1,3,3559,3,1,0,0,0,0,0,0,inatencion,0,0.78,1,0
26,754,7,2,3366,1,1,0,0,0,0,0,0,conceptual,1,0.67,2,0
26,755,1,3,4016,1,0,0,0,1,0,0,0,procedimiento,0,0.87,0,0
26,756,5,3,4302,2,0,0,0,0,0,0,0,aleatorio,0,0.76,1,0
26,757,3,3,2938,1,1,0,0,0,0,0,1,procedimiento,1,0.65,2,0
26,758,14,4,3542,3,0,0,0,0,0,0,1,inatencion,1,0.4,3,0
26,759,8,2,2064,1,1,1,0,0,0,0,0,inatencion,1,0.4,4,0
26,760,12,2,3163,3,1,0,0,0,0,0,0,inatencion,1,0.32,5,0
26,761,6,3,3864,1,0,0,0,1,0,0,0,procedimiento,0,0.81,0,0
26,762,2,2,2146,2,0,0,0,0,0,0,0,inatencion,0,0.7,1,0
26,763,16,3,3771,1,0,0,0,1,0,0,0,procedimiento,0,0.79,0,0
26,764,14,4,3498,1,1,1,0,0,0,0,0,procedimiento,0,0.68,1,0
26,765,3,3,3010,2,0,0,0,0,0,0,1,inatencion,1,0.58,2,0
26,766,13,3,2671,2,1,0,0,0,0,0,0,aleatorio,1,0.4,3,0
26,767,17,3,2725,1,0,0,0,1,0,0,0,procedimiento,0,0.76,0,0
26,768,10,3,4359,2,0,0,0,0,0,0,0,conceptual,0,0.65,1,0
26,769,17,3,3853,1,1,0,0,0,0,0,1,consigna,1,0.54,2,0
26,770,19,1,2448,1,0,0,0,1,0,0,0,procedimiento,0,0.73,0,0
26,771,16,2,2546,1,0,0,0,1,0,0,0,procedimiento,0,0.72,0,0
26,772,6,1,2043,2,0,0,0,0,0,0,0,inatencion,0,0.61,1,0
26,773,13,2,3985,3,0,0,0,0,0,0,0,conceptual,1,0.5,2,0
26,774,3,2,2007,1,0,0,0,1,0,0,0,procedimiento,0,0.69,0,0
26,775,8,1,2488,2,0,0,0,0,0,0,0,procedimiento,0,0.58,1,0
26,776,3,4,5607,1,1,0,0,0,0,0,2,procedimiento,1,0.48,2,0
26,777,16,1,2056,1,0,0,0,0,0,0,3,inatencion,1,0.37,3,0
26,778,3,3,3335,2,0,0,0,0,0,0,0,inatencion,1,0.26,4,0
26,779,10,1,3346,2,0,0,0,0,0,0,2,inatencion,1,0.15,5,0
26,780,2,3,3828,2,0,0,0,0,0,0,1,inatencion,1,0.15,6,0
27,781,18,2,2045,3,1,2,0,0,0,0,0,procedimiento,0,0.84,1,0
27,782,14,4,2986,3,0,0,0,0,0,0,0,inatencion,1,0.73,2,0
27,783,7,3,1825,3,1,1,1,0,0,0,0,aleatorio,1,0.4,3,0
27,784,2,4,2616,1,0,0,0,1,0,0,0,procedimiento,0,0.92,0,0
27,785,3,2,1686,1,1,0,1,1,0,0,0,procedimiento,0,0.91,0,0
27,786,8,3,2536,1,1,0,0,1,0,0,0,procedimiento,0,0.9,0,0
27,787,1,2,1744,1,0,0,1,1,0,0,0,procedimiento,0,0.89,0,0
27,788,19,4,3631,2,0,0,0,0,0,0,0,inatencion,0,0.78,1,0
27,789,3,3,2454,2,1,0,0,0,0,0,1,procedimiento,1,0.67,2,0
27,790,2,2,1644,1,1,0,1,0,0,0,0,aleatorio,1,0.4,3,0
27,791,9,4,3219,2,0,0,0,0,0,0,0,inatencion,1,0.4,4,0
27,792,3,2,2145,1,0,0,0,1,0,0,0,procedimiento,0,0.84,0,0
27,793,6,4,3254,3,0,0,0,0,0,0,0,inatencion,0,0.73,1,0
27,794,4,2,1703,1,0,0,1,1,0,0,0,procedimiento,0,0.82,0,0
27,795,16,3,2727,1,0,0,0,1,0,0,0,procedimiento,0,0.81,0,0
27,796,15,4,2910,1,1,0,0,0,0,0,0,consigna,0,0.7,1,0
27,797,6,2,1630,2,1,3,1,0,0,0,0,inatencion,1,0.59,2,0
27,798,8,2,1686,1,1,0,1,1,0,0,0,procedimiento,0,0.78,0,0
27,799,1,3,2240,1,0,0,0,1,0,0,0,procedimiento,0,0.77,0,0
27,800,4,3,2785,1,1,0,0,0,0,0,0,conceptual,0,0.66,1,0
27,801,6,4,2835,1,0,0,0,0,0,0,0,inatencion,1,0.55,2,0
27,802,9,3,3037,1,0,0,0,1,0,0,0,procedimiento,0,0.75,0,0
27,803,12,3,2630,1,0,0,0,0,0,0,0,procedimiento,0,0.64,1,0
27,804,4,2,1832,1,0,0,1,0,0,0,0,aleatorio,1,0.53,2,0
27,805,4,2,2816,1,0,0,0,0,0,0,2,inatencion,1,0.4,3,0
27,806,4,3,2367,1,1,0,0,0,0,0,2,inatencion,1,0.31,4,0
27,807,17,2,1945,1,0,0,1,0,0,0,0,inatencion,1,0.2,5,0
27,808,9,1,1368,1,0,0,1,1,0,0,0,procedimiento,0,0.69,0,0
27,809,9,4,5044,2,0,0,0,0,0,0,0,conceptual,0,0.58,1,0
27,810,3,1,2278,1,0,0,0,1,0,0,0,procedimiento,0,0.67,0,0
28,811,19,3,3834,1,0,0,0,0,0,0,0,conceptual,0,0.62,1,0
28,812,15,2,2236,1,0,0,0,0,0,0,3,consigna,1,0.52,2,0
28,813,1,3,2584,1,0,0,0,1,0,0,0,procedimiento,0,0.71,0,0
28,814,3,2,3205,1,0,0,0,1,0,0,0,procedimiento,0,0.7,0,0
28,815,1,1,1651,2,0,0,1,0,0,0,0,aleatorio,0,0.59,1,0
28,816,17,3,2942,1,1,0,0,0,0,0,1,consigna,1,0.49,2,0
28,817,14,2,2688,1,0,0,0,1,0,0,0,procedimiento,0,0.68,0,0
28,818,11,3,2826,2,0,0,0,0,0,0,0,consigna,0,0.57,1,0
28,819,8,4,4733,2,1,0,0,0,0,0,0,conceptual,1,0.47,2,0
28,820,16,2,3046,1,1,0,0,0,0,0,0,inatencion,1,0.36,3,0
28,821,6,1,1645,1,0,0,1,1,0,0,0,procedimiento,0,0.65,0,0
28,822,11,4,5157,3,1,0,0,0,0,0,0,consigna,0,0.54,1,0
28,823,10,1,2182,1,0,0,0,1,0,0,0,procedimiento,0,0.64,0,0
28,824,11,4,5134,1,1,0,0,0,0,0,0,consigna,0,0.53,1,0
28,825,8,1,2370,1,0,0,0,1,0,0,0,procedimiento,0,0.62,0,0
28,826,9,2,2879,1,1,0,0,0,0,0,0,conceptual,0,0.51,1,0
28,827,6,1,2460,1,0,0,0,1,0,0,0,procedimiento,0,0.61,0,0
28,828,7,1,2311,1,1,0,0,1,0,0,0,procedimiento,0,0.6,0,0
28,829,5,1,2422,1,0,0,0,1,2,0,0,procedimiento,0,0.59,0,0
28,830,9,2,2241,2,0,0,0,0,0,0,0,procedimiento,0,0.49,1,0
28,831,9,1,2086,2,0,0,0,0,1,0,0,aleatorio,1,0.38,2,0
28,832,19,1,2341,2,0,0,0,0,0,0,2,inatencion,1,0.27,3,0
28,833,4,1,2801,2,0,0,0,0,2,0,1,inatencion,1,0.16,4,0
28,834,9,3,4473,1,1,2,0,0,0,0,0,aleatorio,1,0.15,5,0
28,835,3,4,6265,1,1,0,0,0,1,0,0,inatencion,1,0.15,6,0
28,836,13,4,5407,1,0,0,0,0,2,0,1,aleatorio,1,0.15,7,0
28,837,9,2,2847,3,1,0,0,0,3,0,0,inatencion,1,0.15,8,0
28,838,18,2,2526,2,0,0,0,0,2,0,0,aleatorio,1,0.15,9,0
28,839,19,1,2387,1,0,0,0,1,1,0,0,procedimiento,0,0.52,0,0
28,840,10,3,2913,2,0,0,0,0,1,0,0,inatencion,0,0.41,1,0
29,841,11,3,4672,1,1,0,0,1,0,0,0,procedimiento,0,0.66,0,0
29,842,5,3,3754,2,1,0,0,0,0,0,0,inatencion,0,0.56,1,0
29,843,10,3,4351,1,0,0,0,1,0,0,0,procedimiento,0,0.65,0,0
29,844,9,2,4180,1,0,0,0,1,0,0,0,procedimiento,0,0.64,0,0
29,845,9,2,4103,1,1,0,0,1,0,0,0,procedimiento,0,0.64,0,0
29,846,2,3,5171,1,0,0,0,0,0,0,0,consigna,0,0.53,1,0
29,847,2,2,2778,1,0,0,0,1,0,0,0,procedimiento,0,0.62,0,0
29,848,3,3,3184,1,0,0,0,1,0,0,0,procedimiento,0,0.62,0,0
29,849,3,1,2585,1,0,0,0,1,0,0,0,procedimiento,0,0.61,0,0
29,850,10,2,2504,1,0,0,0,1,0,0,0,procedimiento,0,0.6,0,0
29,851,13,2,2502,1,0,0,0,0,3,0,0,consigna,0,0.5,1,0
29,852,19,2,4151,3,0,0,0,0,1,0,0,aleatorio,1,0.39,2,0
29,853,17,3,4975,1,0,0,0,1,0,0,0,procedimiento,0,0.58,0,0
29,854,15,4,6467,1,1,0,0,1,3,0,0,procedimiento,0,0.58,0,0
29,855,1,3,4949,3,1,0,0,0,1,0,0,inatencion,0,0.47,1,0
29,856,17,4,5900,1,0,0,0,1,1,0,0,procedimiento,0,0.56,0,0
29,857,7,2,4062,1,0,0,0,1,1,0,0,procedimiento,0,0.56,0,0
29,858,3,1,2562,1,0,0,0,1,1,0,0,procedimiento,0,0.55,0,0
29,859,5,3,4714,1,0,0,0,1,2,0,0,procedimiento,0,0.54,0,0
29,860,18,4,5093,1,0,0,0,1,1,0,0,procedimiento,0,0.54,0,0
29,861,13,4,4272,2,1,1,0,0,2,0,0,inatencion,0,0.43,1,0
29,862,15,2,5001,1,0,0,0,1,2,0,0,procedimiento,0,0.52,0,0
29,863,19,2,3814,1,0,0,0,1,0,0,0,procedimiento,0,0.52,0,0
29,864,14,3,5274,1,1,2,0,0,1,0,0,consigna,0,0.41,1,0
29,865,8,2,3985,1,0,0,0,1,2,0,0,procedimiento,0,0.5,0,0
29,866,12,3,4369,1,0,0,0,1,2,417,0,procedimiento,1,0.5,0,0
29,867,2,2,3676,1,1,0,0,0,1,741,0,inatencion,1,0.39,1,0
29,868,1,2,3323,1,0,0,0,1,3,65,0,procedimiento,1,0.48,0,0
29,869,5,2,3780,2,0,0,0,0,2,246,0,procedimiento,1,0.38,1,0
29,870,2,4,8411,1,0,0,0,1,2,41,0,procedimiento,1,0.47,0,0
30,871,1,3,3162,3,0,0,0,0,0,0,0,procedimiento,0,0.54,1,0
30,872,10,2,2461,1,0,0,0,1,0,0,0,procedimiento,0,0.63,0,0
30,873,2,3,4993,1,0,0,0,0,0,0,0,procedimiento,0,0.52,1,0
30,874,5,1,2134,1,0,0,0,1,0,0,0,procedimiento,0,0.62,0,0
30,875,15,3,3675,1,1,1,0,1,0,0,0,procedimiento,0,0.61,0,0
30,876,17,2,4087,1,0,0,0,1,0,0,0,procedimiento,0,0.6,0,0
30,877,4,2,3239,1,0,0,0,0,1,0,0,procedimiento,0,0.5,1,0
30,878,14,2,3362,2,0,0,0,0,1,0,1,consigna,1,0.39,2,0
30,879,2,3,3319,1,1,0,0,1,0,0,0,procedimiento,0,0.59,0,0
30,880,5,1,2441,1,0,0,0,1,0,0,0,procedimiento,0,0.58,0,0
30,881,2,2,3011,2,0,0,0,0,1,0,0,procedimiento,0,0.47,1,0
30,882,10,4,5608,1,0,0,0,1,1,0,0,procedimiento,0,0.57,0,0
30,883,16,2,3044,1,0,0,0,0,0,0,0,inatencion,0,0.46,1,0
30,884,9,2,2953,1,0,0,0,1,1,0,0,procedimiento,0,0.55,0,0
30,885,13,1,1836,1,0,0,1,1,1,0,0,procedimiento,0,0.55,0,0
30,886,17,3,3654,1,0,0,0,0,2,0,0,conceptual,0,0.44,1,0
30,887,5,3,3246,2,1,1,0,0,1,0,0,inatencion,1,0.33,2,0
30,888,5,1,2770,1,0,0,0,1,1,0,0,procedimiento,0,0.53,0,0
30,889,2,3,3700,1,1,0,0,1,2,0,0,procedimiento,0,0.52,0,0
30,890,7,4,5754,1,0,0,0,1,2,0,0,procedimiento,0,0.52,0,0
30,891,12,3,4594,1,1,0,0,0,2,0,0,conceptual,0,0.41,1,0
30,892,4,2,3706,1,1,0,0,1,0,0,0,procedimiento,0,0.5,0,0
30,893,1,4,7156,1,0,0,0,0,1,183,0,inatencion,1,0.4,1,0
30,894,6,1,2910,1,0,0,0,1,2,447,0,procedimiento,1,0.49,0,0
30,895,2,4,7086,2,0,0,0,0,1,67,0,consigna,1,0.38,1,0
30,896,15,2,5442,1,1,1,0,1,4,82,0,procedimiento,1,0.48,0,0
30,897,8,4,5822,1,0,0,0,0,1,323,0,conceptual,1,0.37,1,0
30,898,5,4,5403,1,0,0,0,1,2,176,0,procedimiento,1,0.46,0,0
30,899,8,3,5129,1,0,0,0,1,2,191,0,procedimiento,1,0.46,0,0
30,900,17,1,3729,2,0,0,0,0,1,59,0,inatencion,1,0.35,1,0
31,901,19,2,3195,1,0,0,0,1,1,606,0,procedimiento,1,0.43,0,0
31,902,14,2,3877,1,0,0,0,0,1,878,0,conceptual,1,0.33,1,0
31,903,1,3,3470,1,0,0,0,1,4,128,0,procedimiento,1,0.42,0,0
31,904,8,3,3907,1,0,0,0,1,5,567,0,procedimiento,1,0.42,0,0
31,905,4,3,5337,1,0,0,0,1,1,33,0,procedimiento,1,0.41,0,0
31,906,16,3,5144,1,0,0,0,1,1,441,0,procedimiento,1,0.41,0,0
31,907,6,1,2514,1,1,0,0,1,3,273,0,procedimiento,1,0.4,0,0
31,908,9,4,4339,1,0,0,0,1,0,108,0,procedimiento,1,0.4,0,0
31,909,16,2,2887,2,1,0,0,0,2,498,3,procedimiento,1,0.3,1,0
31,910,7,3,4427,1,0,0,0,0,4,19,1,inatencion,1,0.19,2,0
31,911,18,3,4448,2,0,0,0,0,4,548,2,inatencion,1,0.15,3,0
31,912,1,3,4419,1,1,1,0,1,1,554,2,procedimiento,1,0.38,0,0
31,913,8,1,2338,1,0,0,0,1,0,116,1,procedimiento,1,0.38,0,0
31,914,17,1,1934,2,0,0,1,0,1,188,1,inatencion,1,0.27,1,0
31,915,1,3,4797,1,1,0,0,1,1,1908,0,procedimiento,1,0.37,0,0
31,916,12,3,4800,2,1,0,0,0,3,490,0,conceptual,1,0.27,1,0
31,917,19,3,5059,1,0,0,0,1,0,1111,3,procedimiento,1,0.36,0,0
31,918,8,1,2935,1,0,0,0,1,4,952,2,procedimiento,1,0.36,0,0
31,919,1,2,3608,1,0,0,0,1,2,301,1,procedimiento,1,0.35,0,0
31,920,6,2,2732,1,0,0,0,1,5,258,2,procedimiento,1,0.35,0,0
31,921,11,2,3186,3,1,0,0,0,1,634,3,inatencion,1,0.24,1,0
31,922,10,4,6099,1,0,0,0,1,0,31,2,procedimiento,1,0.34,0,0
31,923,1,2,6217,2,1,0,0,0,1,743,2,procedimiento,1,0.24,1,0
31,924,4,3,3957,2,0,0,0,0,3,558,1,procedimiento,1,0.15,2,0
31,925,18,2,5177,1,1,0,0,1,1,319,0,procedimiento,1,0.33,0,0
31,926,7,2,3068,2,1,0,0,0,0,235,1,conceptual,1,0.22,1,0
31,927,10,2,3663,1,1,1,0,0,2,213,0,procedimiento,1,0.15,2,0
31,928,19,1,2775,1,1,0,0,0,3,466,2,aleatorio,1,0.15,3,0
31,929,19,3,3876,1,1,0,0,1,2,541,1,procedimiento,1,0.31,0,0
31,930,16,3,6681,3,0,0,0,0,2,540,1,inatencion,1,0.21,1,0
32,931,18,3,4504,1,0,0,0,1,0,0,0,procedimiento,0,0.83,0,0
32,932,15,1,2145,1,1,1,0,1,0,0,0,procedimiento,0,0.82,0,0
32,933,14,2,2785,1,0,0,0,1,0,0,0,procedimiento,0,0.81,0,0
32,934,12,3,4624,1,0,0,0,1,0,0,0,procedimiento,0,0.8,0,0
32,935,3,1,2404,1,0,0,0,0,0,0,0,procedimiento,0,0.69,1,0
32,936,10,1,1948,1,0,0,1,1,0,0,0,procedimiento,0,0.79,0,0
32,937,10,1,2984,1,0,0,0,1,0,0,0,procedimiento,0,0.78,0,0
32,938,17,1,2388,1,0,0,0,1,0,0,0,procedimiento,0,0.77,0,0
32,939,17,1,2294,1,0,0,0,1,0,0,0,procedimiento,0,0.76,0,0
32,940,9,4,5124,1,0,0,0,1,0,0,0,procedimiento,0,0.75,0,0
32,941,7,2,4191,1,0,0,0,1,0,0,0,procedimiento,0,0.74,0,0
32,942,15,4,5552,1,0,0,0,0,0,0,0,consigna,0,0.64,1,0
32,943,5,2,3217,1,1,0,0,1,0,0,0,procedimiento,0,0.73,0,0
32,944,15,2,2871,1,1,1,0,1,0,0,0,procedimiento,0,0.72,0,0
32,945,17,2,3771,3,1,0,0,0,0,0,0,inatencion,0,0.61,1,0
32,946,10,3,5060,2,0,0,0,0,0,0,3,inatencion,1,0.5,2,0
32,947,12,2,3380,2,0,0,0,0,0,0,0,aleatorio,1,0.39,3,0
32,948,6,2,3734,1,0,0,0,1,0,0,0,procedimiento,0,0.69,0,0
32,949,9,1,2795,1,1,0,0,1,0,0,0,procedimiento,0,0.68,0,0
32,950,8,2,4318,1,1,0,0,0,0,0,0,conceptual,0,0.57,1,0
32,951,8,2,4351,1,1,0,0,1,0,0,0,procedimiento,0,0.66,0,0
32,952,2,2,4076,1,0,0,0,0,0,0,0,consigna,0,0.55,1,0
32,953,14,3,4579,2,1,0,0,0,0,0,1,consigna,1,0.44,2,0
32,954,8,1,4509,1,0,0,0,0,0,0,0,inatencion,1,0.34,3,0
32,955,1,1,4030,1,0,0,0,1,0,0,0,procedimiento,0,0.63,0,0
32,956,19,4,7707,1,1,0,0,0,0,0,0,procedimiento,0,0.52,1,0
32,957,11,3,6309,1,0,0,0,1,0,0,0,procedimiento,0,0.61,0,0
32,958,9,1,3845,1,0,0,0,1,0,0,0,procedimiento,0,0.6,0,0
32,959,14,4,9193,1,1,0,0,0,2,0,0,procedimiento,0,0.5,1,0
32,960,17,1,3348,2,0,0,0,0,3,0,1,procedimiento,1,0.39,2,0
33,961,6,3,3267,1,1,0,0,0,0,0,0,inatencion,0,0.68,1,0
33,962,15,4,5795,1,0,0,0,1,0,0,0,procedimiento,0,0.77,0,0
33,963,10,3,3266,1,0,0,0,0,0,0,0,consigna,0,0.66,1,0
33,964,11,2,3062,1,0,0,0,1,0,0,0,procedimiento,0,0.76,0,0
33,965,19,3,2872,1,1,0,0,1,0,0,0,procedimiento,0,0.75,0,0
33,966,11,3,3310,1,0,0,0,1,0,0,0,procedimiento,0,0.74,0,0
33,967,16,3,3142,2,1,0,0,0,0,0,0,conceptual,0,0.63,1,0
33,968,16,2,3763,1,0,0,0,1,0,0,0,procedimiento,0,0.73,0,0
33,969,6,4,5506,1,0,0,0,1,0,0,0,procedimiento,0,0.72,0,0
33,970,7,4,4717,1,0,0,0,1,0,0,0,procedimiento,0,0.71,0,0
33,971,14,2,2402,2,0,0,0,0,0,0,0,conceptual,0,0.6,1,0
33,972,15,2,2436,1,1,0,0,1,0,0,0,procedimiento,0,0.69,0,0
33,973,9,2,3726,1,0,0,0,1,0,0,0,procedimiento,0,0.69,0,0
33,974,15,2,3702,1,1,0,0,1,0,0,0,procedimiento,0,0.68,0,0
33,975,4,3,3272,1,1,0,0,1,0,0,0,procedimiento,0,0.67,0,0
33,976,14,3,4548,1,1,0,0,0,0,0,0,inatencion,0,0.56,1,0
33,977,7,1,2408,1,0,0,0,1,0,0,0,procedimiento,0,0.66,0,0
33,978,2,1,2624,1,0,0,0,1,0,0,0,procedimiento,0,0.65,0,0
33,979,11,1,2251,1,0,0,0,1,0,0,0,procedimiento,0,0.64,0,0
33,980,17,2,3836,1,0,0,0,0,0,0,0,conceptual,0,0.53,1,0
33,981,15,3,3505,2,1,0,0,0,0,0,1,inatencion,1,0.42,2,0
33,982,1,3,6638,1,1,0,0,1,0,0,0,procedimiento,0,0.62,0,0
33,983,18,2,3451,1,0,0,0,1,0,0,0,procedimiento,0,0.61,0,0
33,984,8,3,4623,2,0,0,0,0,0,0,0,conceptual,0,0.5,1,0
33,985,15,3,6052,1,1,1,0,0,1,0,0,procedimiento,1,0.39,2,0
33,986,19,4,5452,1,0,0,0,1,3,0,0,procedimiento,0,0.59,0,0
33,987,12,3,6775,1,0,0,0,1,0,0,0,procedimiento,0,0.58,0,0
33,988,16,4,6809,3,0,0,0,0,0,0,0,aleatorio,0,0.47,1,0
33,989,18,3,4136,1,0,0,0,1,2,0,0,procedimiento,0,0.56,0,0
33,990,15,4,7732,1,1,1,0,1,2,0,0,procedimiento,0,0.55,0,0
34,991,18,2,2667,1,0,0,0,1,0,0,0,procedimiento,0,0.82,0,0
34,992,5,3,4278,1,0,0,0,0,0,0,0,consigna,0,0.71,1,0
34,993,5,3,5046,3,1,0,0,0,0,0,0,conceptual,1,0.6,2,0
34,994,6,2,2867,1,0,0,0,1,0,0,0,procedimiento,0,0.79,0,0
34,995,5,1,2883,1,0,0,0,1,0,0,0,procedimiento,0,0.78,0,0
34,996,1,2,4137,1,0,0,0,1,0,0,0,procedimiento,0,0.78,0,0
34,997,14,2,3770,1,0,0,0,1,0,0,0,procedimiento,0,0.77,0,0
34,998,16,2,3708,3,1,0,0,0,0,0,0,consigna,0,0.66,1,0
34,999,1,3,4925,1,0,0,0,1,0,0,0,procedimiento,0,0.75,0,0
34,1000,18,4,6493,2,0,0,0,0,0,0,0,procedimiento,0,0.64,1,0
34,1001,3,2,3653,2,0,0,0,0,0,0,0,conceptual,1,0.54,2,0
34,1002,4,1,2318,1,1,0,0,1,0,0,0,procedimiento,0,0.73,0,0
34,1003,17,3,3033,1,1,0,0,0,0,0,0,procedimiento,0,0.62,1,0
34,1004,14,3,3493,1,1,2,0,1,0,0,0,procedimiento,0,0.71,0,0
34,1005,1,2,2735,1,0,0,0,1,0,0,0,procedimiento,0,0.7,0,0
34,1006,10,3,3408,2,0,0,0,0,0,0,0,consigna,0,0.59,1,0
34,1007,7,3,4332,1,0,0,0,0,0,0,1,inatencion,1,0.49,2,0
34,1008,8,2,3508,1,1,0,0,1,0,0,0,procedimiento,0,0.68,0,0
34,1009,12,3,3678,1,0,0,0,0,0,0,0,procedimiento,0,0.57,1,0
34,1010,8,3,5055,1,0,0,0,1,0,0,0,procedimiento,0,0.66,0,0
34,1011,13,2,3111,1,0,0,0,1,0,0,0,procedimiento,0,0.65,0,0
34,1012,18,2,4444,1,1,0,0,0,0,0,0,aleatorio,0,0.55,1,0
34,1013,18,2,4384,1,0,0,0,1,0,0,0,procedimiento,0,0.64,0,0
34,1014,12,3,5794,1,0,0,0,0,0,0,0,inatencion,0,0.53,1,0
34,1015,14,2,5255,1,0,0,0,1,0,0,0,procedimiento,0,0.62,0,0
34,1016,18,2,4215,2,0,0,0,0,0,0,0,inatencion,0,0.51,1,0
34,1017,4,4,6991,3,0,0,0,0,0,0,2,inatencion,1,0.4,2,0
34,1018,1,4,6424,1,0,0,0,1,2,0,0,procedimiento,0,0.6,0,0
34,1019,2,4,5910,1,0,0,0,1,1,0,0,procedimiento,0,0.59,0,0
34,1020,4,4,7056,1,0,0,0,1,0,0,0,procedimiento,0,0.58,0,0
35,1021,5,2,2271,2,0,0,0,0,0,0,0,procedimiento,0,0.64,1,0
35,1022,16,2,3241,1,0,0,0,0,0,0,2,procedimiento,1,0.53,2,0
35,1023,1,2,3650,1,0,0,0,1,0,0,0,procedimiento,0,0.73,0,0
35,1024,11,2,3012,1,0,0,0,0,0,0,0,inatencion,0,0.62,1,0
35,1025,3,2,2256,3,0,0,0,0,0,0,0,aleatorio,1,0.51,2,0
35,1026,9,2,2350,1,1,0,0,1,0,0,0,procedimiento,0,0.7,0,0
35,1027,9,3,3424,1,0,0,0,0,0,0,0,inatencion,0,0.6,1,0
35,1028,9,3,3022,1,0,0,0,0,0,0,0,conceptual,1,0.49,2,0
35,1029,6,2,3746,1,1,0,0,0,0,0,1,inatencion,1,0.38,3,0
35,1030,12,3,4465,1,0,0,0,1,0,0,0,procedimiento,0,0.67,0,0
35,1031,12,3,2870,1,1,1,0,1,0,0,0,procedimiento,0,0.67,0,0
35,1032,13,2,3572,1,0,0,0,1,0,0,0,procedimiento,0,0.66,0,0
35,1033,5,2,3536,1,0,0,0,1,0,0,0,procedimiento,0,0.65,0,0
35,1034,11,2,3210,2,1,1,0,0,0,0,0,inatencion,0,0.54,1,0
35,1035,4,1,2030,1,0,0,0,1,0,0,0,procedimiento,0,0.64,0,0
35,1036,14,3,4798,1,0,0,0,0,0,0,0,inatencion,0,0.53,1,0
35,1037,17,2,3794,2,0,0,0,0,0,0,0,inatencion,1,0.42,2,0
35,1038,5,3,3109,2,1,0,0,0,0,0,2,inatencion,1,0.31,3,0
35,1039,1,4,3874,3,1,0,0,0,0,0,2,inatencion,1,0.21,4,0
35,1040,4,1,1906,1,0,0,1,1,0,0,0,procedimiento,0,0.6,0,0
35,1041,16,3,3864,3,1,1,0,0,0,0,0,conceptual,0,0.49,1,0
35,1042,13,2,4483,2,1,1,0,0,3,0,1,conceptual,1,0.39,2,0
35,1043,13,3,4703,1,1,0,0,0,2,0,0,aleatorio,1,0.28,3,0
35,1044,13,3,4795,2,0,0,0,0,1,0,1,inatencion,1,0.17,4,0
35,1045,4,2,2829,2,0,0,0,0,1,0,1,inatencion,1,0.15,5,0
35,1046,3,4,4860,3,0,0,0,0,0,0,1,inatencion,1,0.15,6,0
35,1047,12,4,5494,1,0,0,0,1,3,0,0,procedimiento,0,0.55,0,0
35,1048,8,4,6833,1,0,0,0,1,4,0,0,procedimiento,0,0.54,0,0
35,1049,6,4,4851,1,1,0,0,0,1,0,0,procedimiento,0,0.43,1,0
35,1050,5,3,5530,2,1,0,0,0,2,0,0,procedimiento,1,0.33,2,0
36,1051,16,3,3748,1,0,0,0,1,0,0,0,procedimiento,0,0.56,0,0
36,1052,2,1,2638,1,0,0,0,0,0,0,0,consigna,0,0.46,1,0
36,1053,14,2,2565,1,0,0,0,0,3,0,1,inatencion,1,0.35,2,0
36,1054,13,2,3357,3,0,0,0,0,3,0,0,inatencion,1,0.25,3,0
36,1055,4,3,4788,1,0,0,0,1,1,0,0,procedimiento,0,0.54,0,0
36,1056,13,2,2378,1,0,0,0,1,0,0,0,procedimiento,0,0.53,0,0
36,1057,17,3,3557,1,0,0,0,1,3,0,0,procedimiento,0,0.53,0,0
36,1058,1,1,2094,2,0,0,0,0,0,0,0,aleatorio,0,0.42,1,0
36,1059,6,4,5815,1,0,0,0,1,3,0,0,procedimiento,0,0.52,0,0
36,1060,1,2,3413,1,0,0,0,1,2,0,0,procedimiento,0,0.51,0,0
36,1061,19,4,5858,1,0,0,0,1,0,0,0,procedimiento,0,0.51,0,0
36,1062,18,2,2560,1,0,0,0,1,2,0,0,procedimiento,0,0.5,0,0
36,1063,9,3,3617,1,0,0,0,0,2,255,0,procedimiento,1,0.4,1,0
36,1064,17,3,4729,3,0,0,0,0,2,482,2,inatencion,1,0.29,2,0
36,1065,9,2,3213,3,0,0,0,0,0,172,1,inatencion,1,0.18,3,0
36,1066,10,3,4252,2,1,1,0,0,0,562,1,aleatorio,1,0.15,4,0
36,1067,1,2,3997,1,1,0,0,1,0,764,0,procedimiento,1,0.47,0,0
36,1068,3,2,3945,1,0,0,0,1,1,90,0,procedimiento,1,0.47,0,0
36,1069,5,2,3859,1,0,0,0,1,1,790,0,procedimiento,1,0.46,0,0
36,1070,10,1,2426,1,0,0,0,1,2,1069,0,procedimiento,1,0.46,0,0
36,1071,4,2,2610,1,0,0,0,1,2,275,0,procedimiento,1,0.45,0,0
36,1072,9,2,3707,1,0,0,0,1,1,220,0,procedimiento,1,0.44,0,0
36,1073,7,2,6107,2,0,0,0,0,2,238,0,procedimiento,1,0.34,1,0
36,1074,10,2,4404,1,0,0,0,0,4,209,2,consigna,1,0.23,2,0
36,1075,1,1,2898,1,0,0,0,1,3,165,0,procedimiento,1,0.43,0,0
36,1076,15,1,3067,1,0,0,0,0,3,368,0,conceptual,1,0.32,1,0
36,1077,12,1,3778,3,0,0,0,0,1,222,1,inatencion,1,0.22,2,0
36,1078,2,1,2736,1,0,0,0,1,2,208,0,procedimiento,1,0.41,0,0
36,1079,18,2,2746,1,0,0,0,1,2,316,0,procedimiento,1,0.41,0,0
36,1080,1,3,5394,1,0,0,0,1,2,141,0,procedimiento,1,0.4,0,0
37,1081,10,1,1423,1,0,0,1,1,0,0,0,procedimiento,0,0.84,0,0
37,1082,19,1,2176,1,0,0,0,1,0,0,0,procedimiento,0,0.83,0,0
37,1083,18,1,1873,1,0,0,1,1,0,0,0,procedimiento,0,0.82,0,0
37,1084,9,2,2421,1,0,0,0,1,0,0,0,procedimiento,0,0.82,0,0
37,1085,3,3,3050,1,0,0,0,0,0,0,0,conceptual,0,0.71,1,0
37,1086,1,2,2129,1,0,0,0,0,0,0,2,procedimiento,1,0.6,2,0
37,1087,8,3,2562,1,0,0,0,0,0,0,0,aleatorio,1,0.4,3,0
37,1088,14,2,3043,1,1,2,0,1,0,0,0,procedimiento,0,0.78,0,0
37,1089,7,1,1448,2,0,0,1,0,0,0,0,aleatorio,0,0.67,1,0
37,1090,7,1,1679,1,0,0,1,1,0,0,0,procedimiento,0,0.77,0,0
37,1091,13,3,3752,1,0,0,0,1,0,0,0,procedimiento,0,0.76,0,0
37,1092,12,2,2733,1,0,0,0,1,0,0,0,procedimiento,0,0.75,0,0
37,1093,17,3,3733,3,0,0,0,0,0,0,0,inatencion,0,0.64,1,0
37,1094,7,3,2343,1,0,0,0,1,0,0,0,procedimiento,0,0.73,0,0
37,1095,4,1,2035,1,0,0,0,1,0,0,0,procedimiento,0,0.72,0,0
37,1096,2,4,3909,3,1,0,0,0,0,0,0,procedimiento,0,0.61,1,0
37,1097,1,4,3975,1,1,3,0,0,0,0,2,consigna,1,0.51,2,0
37,1098,7,4,3517,1,0,0,0,1,0,0,0,procedimiento,0,0.7,0,0
37,1099,6,2,2184,1,1,0,0,0,0,0,0,conceptual,0,0.59,1,0
37,1100,11,3,3581,1,0,0,0,1,0,0,0,procedimiento,0,0.68,0,0
37,1101,15,2,2743,1,1,1,0,1,0,0,0,procedimiento,0,0.67,0,0
37,1102,18,2,2382,1,1,0,0,0,0,0,0,aleatorio,0,0.56,1,0
37,1103,17,2,2466,1,0,0,0,0,0,0,1,procedimiento,1,0.46,2,0
37,1104,15,2,2815,1,1,1,0,1,0,0,0,procedimiento,0,0.65,0,0
37,1105,14,4,5699,1,0,0,0,1,0,0,0,procedimiento,0,0.64,0,0
37,1106,4,3,2964,1,0,0,0,0,0,0,0,inatencion,0,0.53,1,0
37,1107,2,2,3354,1,0,0,0,1,0,0,0,procedimiento,0,0.62,0,0
37,1108,19,4,4397,1,1,0,0,0,0,0,0,conceptual,0,0.51,1,0
37,1109,2,2,2344,1,0,0,0,1,0,0,0,procedimiento,0,0.61,0,0
37,1110,6,2,3148,1,0,0,0,0,0,0,0,procedimiento,0,0.5,1,0
38,1111,9,3,3325,2,0,0,0,0,0,0,0,conceptual,0,0.81,1,0
38,1112,4,2,3324,2,0,0,0,0,0,0,0,consigna,1,0.7,2,0
38,1113,2,4,5309,1,0,0,0,1,0,0,0,procedimiento,0,0.89,0,0
38,1114,11,2,3822,1,1,0,0,0,0,0,0,inatencion,0,0.78,1,0
38,1115,7,3,4187,1,0,0,0,0,0,0,0,inatencion,1,0.67,2,0
38,1116,4,3,4330,1,0,0,0,1,0,0,0,procedimiento,0,0.86,0,0
38,1117,6,2,3016,1,1,0,0,1,0,0,0,procedimiento,0,0.85,0,0
38,1118,17,3,3065,2,0,0,0,0,0,0,0,inatencion,0,0.75,1,0
38,1119,7,3,4310,2,1,0,0,0,0,0,0,conceptual,1,0.64,2,0
38,1120,2,2,3100,1,0,0,0,1,0,0,0,procedimiento,0,0.83,0,0
38,1121,5,3,4251,2,1,2,0,0,0,0,0,conceptual,0,0.72,1,0
38,1122,4,1,2810,1,0,0,0,0,0,0,1,conceptual,1,0.61,2,0
38,1123,13,3,4547,2,1,0,0,0,0,0,0,inatencion,1,0.4,3,0
38,1124,8,3,4907,2,0,0,0,0,0,0,0,inatencion,1,0.39,4,0
38,1125,12,2,2621,1,0,0,0,0,0,0,1,aleatorio,1,0.28,5,0
38,1126,6,2,3100,1,1,1,0,0,0,0,2,aleatorio,1,0.17,6,0
38,1127,2,2,3119,3,1,1,0,0,0,0,1,inatencion,1,0.15,7,0
38,1128,19,3,4706,1,0,0,0,0,0,0,0,aleatorio,1,0.15,8,0
38,1129,17,4,4136,1,0,0,0,0,0,0,0,inatencion,1,0.15,9,0
38,1130,9,3,4380,2,1,0,0,0,0,0,1,inatencion,1,0.15,10,0
38,1131,19,2,4028,3,1,3,0,0,0,0,0,aleatorio,1,0.15,11,0
38,1132,18,2,3362,2,1,0,0,0,0,0,0,inatencion,1,0.15,12,0
38,1133,18,2,4346,1,0,0,0,0,0,0,0,aleatorio,1,0.15,13,0
38,1134,1,3,5248,1,0,0,0,1,0,0,0,procedimiento,0,0.7,0,0
38,1135,4,1,2480,3,0,0,0,0,0,0,0,inatencion,0,0.59,1,0
38,1136,1,2,4362,1,0,0,0,1,0,0,0,procedimiento,0,0.68,0,0
38,1137,1,2,4468,1,0,0,0,1,0,0,0,procedimiento,0,0.67,0,0
38,1138,10,3,6485,1,0,0,0,0,0,0,0,inatencion,0,0.56,1,0
38,1139,9,2,3840,1,0,0,0,0,0,0,2,consigna,1,0.45,2,0
38,1140,13,2,4282,1,0,0,0,0,0,0,1,inatencion,1,0.35,3,0
39,1141,16,1,2072,2,0,0,0,0,0,0,0,conceptual,0,0.64,1,0
39,1142,19,1,2469,3,0,0,0,0,0,0,1,conceptual,1,0.53,2,0
39,1143,1,3,4448,2,0,0,0,0,0,0,0,inatencion,1,0.4,3,0
39,1144,10,3,3595,1,1,0,0,0,0,0,1,inatencion,1,0.32,4,0
39,1145,10,4,5898,2,1,0,0,0,0,0,0,inatencion,1,0.21,5,0
39,1146,2,2,3255,2,0,0,0,0,0,0,0,inatencion,1,0.15,6,0
39,1147,4,3,3902,1,0,0,0,1,0,0,0,procedimiento,0,0.7,0,0
39,1148,2,2,2997,1,0,0,0,0,0,0,0,inatencion,0,0.59,1,0
39,1149,9,3,4606,2,1,2,0,0,0,0,0,inatencion,1,0.48,2,0
39,1150,17,1,2333,1,0,0,0,0,0,0,2,inatencion,1,0.37,3,0
39,1151,8,2,3687,1,0,0,0,1,0,0,0,procedimiento,0,0.67,0,0
39,1152,14,4,4220,1,0,0,0,1,0,0,0,procedimiento,0,0.66,0,0
39,1153,10,1,2809,1,0,0,0,1,0,0,0,procedimiento,0,0.65,0,0
39,1154,2,2,3353,1,0,0,0,1,0,0,0,procedimiento,0,0.64,0,0
39,1155,19,3,4907,1,0,0,0,0,0,0,0,inatencion,0,0.54,1,0
39,1156,7,2,4193,1,0,0,0,1,0,0,0,procedimiento,0,0.63,0,0
39,1157,1,3,3816,3,1,2,0,0,0,0,0,procedimiento,0,0.52,1,0
39,1158,9,2,3389,2,0,0,0,0,0,0,2,procedimiento,1,0.41,2,0
39,1159,7,3,4583,3,0,0,0,0,0,0,0,inatencion,1,0.31,3,0
39,1160,8,2,3067,1,1,1,0,1,1,0,0,procedimiento,0,0.6,0,0
39,1161,19,3,3374,2,1,0,0,0,2,0,0,procedimiento,0,0.49,1,0
39,1162,10,3,4185,2,0,0,0,0,0,0,1,conceptual,1,0.38,2,0
39,1163,10,3,5164,1,0,0,0,0,1,0,0,inatencion,1,0.28,3,0
39,1164,4,3,7609,1,1,0,0,0,2,0,1,inatencion,1,0.17,4,0
39,1165,18,1,2545,1,1,0,0,1,2,0,0,procedimiento,0,0.56,0,0
39,1166,19,2,2734,1,0,0,0,0,0,0,0,inatencion,0,0.45,1,0
39,1167,16,3,4084,1,1,0,0,1,2,0,0,procedimiento,0,0.55,0,0
39,1168,18,2,5383,1,0,0,0,1,0,0,0,procedimiento,0,0.54,0,0
39,1169,7,2,5046,1,0,0,0,0,0,0,0,conceptual,0,0.43,1,0
39,1170,4,3,6151,1,0,0,0,0,3,0,2,procedimiento,1,0.33,2,0
40,1171,7,4,3236,1,0,0,0,1,0,0,0,procedimiento,0,0.72,0,0
40,1172,11,3,2614,1,1,0,0,1,0,0,0,procedimiento,0,0.72,0,0
40,1173,6,3,2101,1,0,0,0,1,0,0,0,procedimiento,0,0.71,0,0
40,1174,5,2,2093,2,0,0,0,0,0,0,0,conceptual,0,0.6,1,0
40,1175,10,3,2481,2,0,0,0,0,0,0,0,inatencion,1,0.49,2,0
40,1176,6,2,1877,3,1,0,1,0,0,0,0,inatencion,1,0.39,3,0
40,1177,10,1,1438,1,0,0,1,0,0,0,1,inatencion,1,0.28,4,0
40,1178,16,2,2213,1,0,0,0,0,0,0,0,inatencion,1,0.17,5,0
40,1179,6,2,2421,1,0,0,0,1,0,0,0,procedimiento,0,0.67,0,0
40,1180,4,3,3482,1,1,1,0,1,0,0,0,procedimiento,0,0.66,0,0
40,1181,16,3,2828,1,0,0,0,1,0,0,0,procedimiento,0,0.65,0,0
40,1182,11,3,2496,1,1,0,0,0,0,0,0,conceptual,0,0.54,1,0
40,1183,2,4,3415,1,0,0,0,1,0,0,0,procedimiento,0,0.64,0,0
40,1184,2,3,2227,3,1,0,0,0,0,0,0,inatencion,0,0.53,1,0
40,1185,2,1,1316,1,0,0,1,1,0,0,0,procedimiento,0,0.62,0,0
40,1186,9,4,3511,1,1,0,0,1,0,0,0,procedimiento,0,0.61,0,0
40,1187,11,3,2329,2,0,0,0,0,0,0,0,inatencion,0,0.51,1,0
40,1188,5,3,3152,3,1,2,0,0,0,0,3,inatencion,1,0.4,2,0
40,1189,19,2,1644,1,1,0,1,0,0,0,0,aleatorio,1,0.29,3,0
40,1190,13,2,2546,1,0,0,0,1,0,0,0,procedimiento,0,0.59,0,0
40,1191,5,4,2889,2,0,0,0,0,1,0,0,procedimiento,0,0.48,1,0
40,1192,8,1,1760,1,0,0,1,1,2,0,0,procedimiento,0,0.57,0,0
40,1193,18,4,3480,2,0,0,0,0,0,0,0,conceptual,0,0.46,1,0
40,1194,17,3,3875,1,1,0,0,1,0,0,0,procedimiento,0,0.56,0,0
40,1195,2,3,2553,1,1,1,0,0,2,0,0,procedimiento,0,0.45,1,0
40,1196,15,4,3907,2,0,0,0,0,2,0,0,procedimiento,1,0.34,2,0
40,1197,9,1,1721,1,0,0,1,1,3,0,0,procedimiento,0,0.54,0,0
40,1198,3,4,4702,1,0,0,0,0,2,0,0,inatencion,0,0.43,1,0
40,1199,10,1,2110,1,0,0,0,0,1,0,0,procedimiento,1,0.32,2,0
40,1200,7,3,2488,1,0,0,0,0,0,0,1,inatencion,1,0.21,3,0
41,1201,9,2,2054,2,1,0,0,0,0,0,0,aleatorio,0,0.74,1,0
41,1202,17,3,3082,1,1,0,0,0,0,0,1,aleatorio,1,0.63,2,0
41,1203,8,2,1931,2,0,0,1,0,0,0,0,inatencion,1,0.4,3,0
41,1204,6,1,1808,1,1,0,1,0,0,0,0,inatencion,1,0.4,4,0
41,1205,6,4,3667,1,0,0,0,0,0,0,0,aleatorio,1,0.31,5,0
41,1206,10,2,1725,1,0,0,1,1,0,0,0,procedimiento,0,0.8,0,0
41,1207,10,1,1203,1,0,0,1,1,0,0,0,procedimiento,0,0.79,0,0
41,1208,6,2,1907,2,0,0,1,0,0,0,0,inatencion,0,0.68,1,0
41,1209,9,4,2872,1,0,0,0,0,0,0,1,inatencion,1,0.57,2,0
41,1210,9,3,2674,1,1,0,0,0,0,0,1,inatencion,1,0.4,3,0
41,1211,9,2,2019,1,0,0,0,1,0,0,0,procedimiento,0,0.76,0,0
41,1212,10,2,1729,1,1,0,1,0,0,0,0,aleatorio,0,0.65,1,0
41,1213,5,3,3153,3,0,0,0,0,0,0,0,conceptual,1,0.54,2,0
41,1214,12,3,2037,2,0,0,0,0,0,0,1,aleatorio,1,0.4,3,0
41,1215,10,2,2073,1,0,0,0,0,0,0,3,inatencion,1,0.32,4,0
41,1216,19,1,1592,3,0,0,1,0,0,0,1,inatencion,1,0.21,5,0
41,1217,11,1,1922,1,0,0,1,1,0,0,0,procedimiento,0,0.7,0,0
41,1218,5,3,2210,1,1,0,0,0,0,0,0,consigna,0,0.6,1,0
41,1219,9,4,3949,2,0,0,0,0,0,0,0,inatencion,1,0.49,2,0
41,1220,11,4,3817,1,0,0,0,0,0,0,0,inatencion,1,0.38,3,0
41,1221,4,3,2733,2,1,0,0,0,0,0,1,inatencion,1,0.27,4,0
41,1222,5,4,4507,3,1,2,0,0,0,0,0,inatencion,1,0.16,5,0
41,1223,8,4,3418,1,1,0,0,1,0,0,0,procedimiento,0,0.65,0,0
41,1224,4,3,2721,1,0,0,0,0,0,0,0,conceptual,0,0.55,1,0
41,1225,4,3,2512,2,0,0,0,0,0,0,0,procedimiento,1,0.44,2,0
41,1226,11,2,2656,1,0,0,0,1,0,0,0,procedimiento,0,0.63,0,0
41,1227,10,1,1693,3,0,0,1,0,0,0,0,aleatorio,0,0.52,1,0
41,1228,3,4,4882,2,0,0,0,0,0,0,2,procedimiento,1,0.41,2,0
41,1229,13,3,3023,1,0,0,0,1,0,0,0,procedimiento,0,0.6,0,0
41,1230,3,1,1974,1,1,2,1,0,1,0,0,aleatorio,0,0.5,1,0
42,1231,9,3,4428,1,0,0,0,1,0,0,0,procedimiento,0,0.71,0,0
42,1232,7,4,4148,2,1,0,0,0,0,0,0,inatencion,0,0.6,1,0
42,1233,15,1,2230,3,0,0,0,0,0,0,1,conceptual,1,0.5,2,0
42,1234,6,2,2368,1,0,0,0,0,0,0,0,inatencion,1,0.39,3,0
42,1235,4,1,2163,1,0,0,0,1,0,0,0,procedimiento,0,0.68,0,0
42,1236,15,4,5463,1,0,0,0,0,0,0,0,consigna,0,0.58,1,0
42,1237,4,3,3585,1,0,0,0,1,0,0,0,procedimiento,0,0.67,0,0
42,1238,10,2,2741,1,0,0,0,1,0,0,0,procedimiento,0,0.66,0,0
42,1239,9,4,4491,1,1,0,0,0,0,0,0,inatencion,0,0.55,1,0
42,1240,11,1,2544,1,0,0,0,1,0,0,0,procedimiento,0,0.65,0,0
42,1241,7,3,4270,1,0,0,0,1,0,0,0,procedimiento,0,0.64,0,0
42,1242,7,2,2693,2,0,0,0,0,0,0,0,inatencion,0,0.53,1,0
42,1243,17,4,4109,1,0,0,0,1,0,0,0,procedimiento,0,0.63,0,0
42,1244,3,1,1907,1,1,0,1,1,0,0,0,procedimiento,0,0.62,0,0
42,1245,5,2,3177,1,1,0,0,0,0,0,0,inatencion,0,0.51,1,0
42,1246,9,1,2027,1,1,0,0,1,0,0,0,procedimiento,0,0.6,0,0
42,1247,16,2,2400,1,1,0,0,0,3,0,0,inatencion,0,0.5,1,0
42,1248,16,3,4628,1,1,0,0,1,2,0,0,procedimiento,0,0.59,0,0
42,1249,17,2,2692,2,0,0,0,0,2,0,0,conceptual,0,0.48,1,0
42,1250,19,3,3695,1,0,0,0,1,2,0,0,procedimiento,0,0.58,0,0
42,1251,14,2,2764,1,1,0,0,1,2,0,0,procedimiento,0,0.57,0,0
42,1252,13,2,3732,1,0,0,0,1,5,0,0,procedimiento,0,0.56,0,0
42,1253,18,3,5477,2,1,0,0,0,2,0,0,inatencion,0,0.45,1,0
42,1254,18,1,2788,1,1,1,0,0,0,0,0,consigna,1,0.35,2,0
42,1255,12,3,5243,1,1,0,0,1,1,0,0,procedimiento,0,0.54,0,0
42,1256,5,2,3293,1,0,0,0,1,1,0,0,procedimiento,0,0.53,0,0
42,1257,1,2,3402,2,0,0,0,0,0,0,0,inatencion,0,0.43,1,0
42,1258,12,3,5324,2,0,0,0,0,1,0,0,conceptual,1,0.32,2,0
42,1259,9,3,4742,2,0,0,0,0,2,0,1,aleatorio,1,0.21,3,0
42,1260,13,2,4231,2,0,0,0,0,0,0,1,aleatorio,1,0.15,4,0
43,1261,6,4,4660,3,0,0,0,0,0,0,0,inatencion,0,0.59,1,0
43,1262,12,3,3700,1,0,0,0,1,0,0,0,procedimiento,0,0.69,0,0
43,1263,3,2,2830,2,0,0,0,0,0,0,0,conceptual,0,0.58,1,0
43,1264,19,1,2608,1,0,0,0,1,0,0,0,procedimiento,0,0.67,0,0
43,1265,10,4,5372,1,1,0,0,0,0,0,0,inatencion,0,0.57,1,0
43,1266,6,2,3294,1,1,0,0,0,0,0,0,consigna,1,0.46,2,0
43,1267,14,3,2910,1,0,0,0,0,0,0,1,inatencion,1,0.35,3,0
43,1268,17,1,2115,1,0,0,0,0,0,0,0,inatencion,1,0.25,4,0
43,1269,4,2,2759,2,0,0,0,0,0,0,2,inatencion,1,0.15,5,0
43,1270,12,1,1842,2,0,0,1,0,0,0,0,aleatorio,1,0.15,6,0
43,1271,15,2,3181,1,0,0,0,1,0,0,0,procedimiento,0,0.62,0,0
43,1272,18,2,3358,2,1,0,0,0,0,0,0,consigna,0,0.52,1,0
43,1273,4,2,3147,1,1,1,0,0,0,0,0,conceptual,1,0.41,2,0
43,1274,3,1,2633,1,0,0,0,1,0,0,0,procedimiento,0,0.6,0,0
43,1275,8,3,4508,1,0,0,0,0,3,0,0,conceptual,0,0.5,1,0
43,1276,8,1,2103,1,0,0,0,1,4,0,0,procedimiento,0,0.59,0,0
43,1277,11,1,2002,1,0,0,0,1,2,0,0,procedimiento,0,0.58,0,0
43,1278,16,4,4612,2,1,0,0,0,2,0,0,conceptual,0,0.48,1,0
43,1279,6,1,2093,1,0,0,0,1,3,0,0,procedimiento,0,0.57,0,0
43,1280,11,2,3151,1,0,0,0,0,1,0,0,inatencion,0,0.46,1,0
43,1281,17,3,4140,1,1,0,0,0,0,0,1,procedimiento,1,0.36,2,0
43,1282,15,3,4688,1,0,0,0,0,0,0,1,aleatorio,1,0.25,3,0
43,1283,14,1,2615,1,0,0,0,0,1,0,1,inatencion,1,0.15,4,0
43,1284,13,3,5416,2,1,0,0,0,3,0,1,aleatorio,1,0.15,5,0
43,1285,4,3,4416,2,1,1,0,0,0,0,2,aleatorio,1,0.15,6,0
43,1286,2,2,4181,1,0,0,0,1,0,0,0,procedimiento,0,0.52,0,0
43,1287,19,3,3591,1,0,0,0,0,0,0,0,aleatorio,0,0.41,1,0
43,1288,3,2,3458,2,1,0,0,0,1,0,0,conceptual,1,0.31,2,0
43,1289,16,3,4439,1,1,0,0,0,2,85,1,inatencion,1,0.2,3,0
43,1290,14,3,4637,1,0,0,0,0,2,457,0,inatencion,1,0.15,4,0
44,1291,3,1,2327,1,0,0,0,1,0,0,0,procedimiento,0,0.68,0,0
44,1292,4,2,2171,3,1,0,0,0,0,0,0,procedimiento,0,0.57,1,0
44,1293,9,2,2419,1,1,0,0,1,0,0,0,procedimiento,0,0.66,0,0
44,1294,19,3,3620,2,0,0,0,0,0,0,0,consigna,0,0.56,1,0
44,1295,2,3,2884,1,1,0,0,0,0,0,0,inatencion,1,0.45,2,0
44,1296,4,2,2024,1,0,0,0,1,0,0,0,procedimiento,0,0.64,0,0
44,1297,4,1,1914,1,1,0,1,0,0,0,0,aleatorio,0,0.54,1,0
44,1298,9,2,2251,1,1,2,0,1,0,0,0,procedimiento,0,0.63,0,0
44,1299,13,2,2117,2,0,0,0,0,0,0,0,procedimiento,0,0.52,1,0
44,1300,3,1,2122,1,0,0,0,1,0,0,0,procedimiento,0,0.62,0,0
44,1301,9,4,3717,1,0,0,0,1,0,0,0,procedimiento,0,0.61,0,0
44,1302,18,3,3915,1,1,0,0,1,0,0,0,procedimiento,0,0.6,0,0
44,1303,3,2,2667,2,0,0,0,0,0,0,0,conceptual,0,0.5,1,0
44,1304,7,4,3551,1,0,0,0,0,1,0,1,conceptual,1,0.39,2,0
44,1305,17,3,2830,2,1,0,0,0,1,0,1,aleatorio,1,0.28,3,0
44,1306,14,1,2005,1,0,0,0,1,2,0,0,procedimiento,0,0.58,0,0
44,1307,11,3,3226,1,0,0,0,1,0,0,0,procedimiento,0,0.57,0,0
44,1308,17,4,3755,1,0,0,0,0,2,0,0,conceptual,0,0.46,1,0
44,1309,17,3,4262,1,1,0,0,0,0,0,1,procedimiento,1,0.36,2,0
44,1310,14,2,3064,1,0,0,0,1,2,0,0,procedimiento,0,0.55,0,0
44,1311,6,4,4674,2,1,0,0,0,0,0,0,procedimiento,0,0.44,1,0
44,1312,2,2,3567,1,0,0,0,1,1,0,0,procedimiento,0,0.53,0,0
44,1313,10,2,3336,1,0,0,0,1,1,0,0,procedimiento,0,0.53,0,0
44,1314,4,4,5119,1,1,0,0,0,0,0,0,inatencion,0,0.42,1,0
44,1315,1,2,2411,1,1,2,0,0,1,0,3,procedimiento,1,0.31,2,0
44,1316,14,1,2582,1,0,0,0,1,3,0,0,procedimiento,0,0.51,0,0
44,1317,16,1,2323,1,0,0,0,0,0,0,0,procedimiento,0,0.4,1,0
44,1318,13,3,3038,2,1,0,0,0,1,131,1,procedimiento,1,0.29,2,0
44,1319,5,3,3691,2,1,1,0,0,1,139,1,inatencion,1,0.19,3,0
44,1320,17,3,2989,1,0,0,0,1,0,1157,0,procedimiento,1,0.48,0,0
45,1321,12,4,3485,1,0,0,0,1,2,399,0,procedimiento,1,0.45,0,0
45,1322,1,1,1809,1,0,0,1,1,1,238,0,procedimiento,1,0.45,0,0
45,1323,1,3,2702,1,1,0,0,1,2,249,0,procedimiento,1,0.45,0,0
45,1324,13,2,2914,1,0,0,0,1,1,23,0,procedimiento,1,0.44,0,0
45,1325,17,3,2777,2,0,0,0,0,2,503,0,consigna,1,0.34,1,0
45,1326,4,1,1560,1,0,0,1,1,0,403,0,procedimiento,1,0.43,0,0
45,1327,4,2,2258,1,1,0,0,0,1,257,0,conceptual,1,0.33,1,0
45,1328,11,3,2587,1,0,0,0,1,1,292,0,procedimiento,1,0.42,0,0
45,1329,18,2,2225,1,1,0,0,1,2,1527,0,procedimiento,1,0.42,0,0
45,1330,14,3,2277,1,1,0,0,0,3,27,0,conceptual,1,0.31,1,0
45,1331,3,3,3235,1,0,0,0,0,0,156,2,conceptual,1,0.21,2,0
45,1332,4,2,2070,1,1,0,0,0,6,841,0,inatencion,1,0.15,3,0
45,1333,10,2,1924,1,0,0,1,1,3,180,1,procedimiento,1,0.4,0,0
45,1334,3,2,1863,1,0,0,1,1,3,179,0,procedimiento,1,0.4,0,0
45,1335,4,2,1819,3,0,0,1,0,1,713,2,aleatorio,1,0.29,1,0
45,1336,10,3,2744,1,0,0,0,0,2,578,0,aleatorio,1,0.19,2,0
45,1337,14,4,3510,1,0,0,0,0,0,457,1,inatencion,1,0.15,3,0
45,1338,15,4,4589,1,1,0,0,0,1,152,2,aleatorio,1,0.15,4,0
45,1339,14,3,2288,1,0,0,0,0,0,23,2,inatencion,1,0.15,5,0
45,1340,5,3,2543,1,1,0,0,1,3,269,0,procedimiento,1,0.37,0,0
45,1341,6,2,2348,2,0,0,0,0,0,35,1,inatencion,1,0.26,1,0
45,1342,17,3,4290,1,0,0,0,1,1,214,2,procedimiento,1,0.36,0,0
45,1343,10,1,2314,1,0,0,0,1,3,1382,0,procedimiento,1,0.35,0,0
45,1344,18,2,2951,1,0,0,0,1,4,22,1,procedimiento,1,0.35,0,0
45,1345,14,3,2802,2,1,1,0,0,5,118,2,consigna,1,0.25,1,0
45,1346,15,1,2102,1,1,0,0,0,3,77,1,inatencion,1,0.15,2,0
45,1347,2,3,4876,1,0,0,0,1,0,1283,1,procedimiento,1,0.34,0,0
45,1348,4,3,4188,2,0,0,0,0,4,170,3,aleatorio,1,0.23,1,0
45,1349,11,2,2775,1,0,0,0,1,5,739,0,procedimiento,1,0.33,0,0
45,1350,14,2,3437,1,0,0,0,0,1,2278,1,procedimiento,1,0.22,1,0
46,1351,16,4,3576,2,0,0,0,0,0,0,0,conceptual,0,0.72,1,0
46,1352,8,2,1775,1,0,0,1,0,0,0,1,aleatorio,1,0.61,2,0
46,1353,4,3,1931,2,0,0,1,0,0,0,0,inatencion,1,0.4,3,0
46,1354,7,4,3955,1,1,0,0,1,0,0,0,procedimiento,0,0.8,0,0
46,1355,16,1,1180,1,0,0,1,0,0,0,0,inatencion,0,0.69,1,0
46,1356,1,4,2991,1,0,0,0,0,0,0,0,inatencion,1,0.58,2,0
46,1357,5,3,2726,1,0,0,0,1,0,0,0,procedimiento,0,0.77,0,0
46,1358,18,4,3750,3,0,0,0,0,0,0,0,procedimiento,0,0.66,1,0
46,1359,3,2,2027,1,0,0,0,0,0,0,0,consigna,1,0.55,2,0
46,1360,5,1,1261,1,0,0,1,1,0,0,0,procedimiento,0,0.75,0,0
46,1361,18,2,1499,1,0,0,1,1,0,0,0,procedimiento,0,0.74,0,0
46,1362,2,4,3590,1,1,1,0,0,0,0,0,procedimiento,0,0.63,1,0
46,1363,18,3,3071,1,0,0,0,1,0,0,0,procedimiento,0,0.72,0,0
46,1364,19,2,1889,1,1,2,1,0,0,0,0,aleatorio,0,0.61,1,0
46,1365,15,2,2484,2,0,0,0,0,0,0,0,inatencion,1,0.51,2,0
46,1366,13,4,3729,1,0,0,0,0,0,0,0,inatencion,1,0.4,3,0
46,1367,16,1,1220,1,0,0,1,1,0,0,0,procedimiento,0,0.69,0,0
46,1368,5,4,3976,1,1,0,0,1,0,0,0,procedimiento,0,0.68,0,0
46,1369,7,2,2153,1,0,0,0,1,0,0,0,procedimiento,0,0.67,0,0
46,1370,15,2,1689,2,0,0,1,0,0,0,0,aleatorio,0,0.56,1,0
46,1371,7,3,3279,1,0,0,0,1,0,0,0,procedimiento,0,0.66,0,0
46,1372,2,2,2965,1,0,0,0,1,0,0,0,procedimiento,0,0.65,0,0
46,1373,16,2,2510,1,0,0,0,0,0,0,0,consigna,0,0.54,1,0
46,1374,17,3,3316,2,1,0,0,0,0,0,0,inatencion,1,0.43,2,0
46,1375,11,1,1353,1,1,2,1,0,0,0,0,inatencion,1,0.32,3,0
46,1376,10,4,4451,2,1,0,0,0,0,0,0,aleatorio,1,0.21,4,0
46,1377,11,3,2999,1,0,0,0,0,0,0,0,inatencion,1,0.15,5,0
46,1378,3,2,2089,1,0,0,0,0,2,0,0,inatencion,1,0.15,6,0
46,1379,11,2,2641,1,0,0,0,1,1,0,0,procedimiento,0,0.59,0,0
46,1380,15,3,3992,2,1,0,0,0,2,0,0,conceptual,0,0.48,1,0
47,1381,9,2,3224,1,1,0,0,1,0,0,0,procedimiento,0,0.72,0,0
47,1382,2,2,3368,1,0,0,0,1,0,0,0,procedimiento,0,0.72,0,0
47,1383,16,3,4264,1,1,0,0,1,0,0,0,procedimiento,0,0.71,0,0
47,1384,18,2,3200,2,0,0,0,0,0,0,0,inatencion,0,0.6,1,0
47,1385,6,3,3112,1,1,2,0,0,0,0,1,conceptual,1,0.5,2,0
47,1386,18,4,4092,1,0,0,0,1,0,0,0,procedimiento,0,0.69,0,0
47,1387,3,4,5837,1,1,0,0,1,0,0,0,procedimiento,0,0.68,0,0
47,1388,11,3,3971,1,1,2,0,0,0,0,0,conceptual,0,0.57,1,0
47,1389,2,3,4426,1,1,2,0,0,0,0,2,conceptual,1,0.47,2,0
47,1390,12,4,5231,1,0,0,0,1,0,0,0,procedimiento,0,0.66,0,0
47,1391,8,3,4773,1,0,0,0,1,0,0,0,procedimiento,0,0.65,0,0
47,1392,3,2,3104,3,0,0,0,0,0,0,0,conceptual,0,0.54,1,0
47,1393,12,4,4484,3,1,0,0,0,0,0,0,inatencion,1,0.44,2,0
47,1394,2,1,1971,1,0,0,1,0,0,0,0,aleatorio,1,0.33,3,0
47,1395,2,2,2478,1,0,0,0,1,0,0,0,procedimiento,0,0.62,0,0
47,1396,2,2,3577,1,0,0,0,1,0,0,0,procedimiento,0,0.62,0,0
47,1397,7,1,2386,1,1,0,0,1,0,0,0,procedimiento,0,0.61,0,0
47,1398,18,3,3956,1,1,2,0,0,0,0,0,inatencion,0,0.5,1,0
47,1399,15,4,4381,1,0,0,0,1,1,0,0,procedimiento,0,0.59,0,0
47,1400,15,2,2889,3,1,0,0,0,0,0,0,conceptual,0,0.49,1,0
47,1401,15,3,4666,1,1,1,0,1,1,0,0,procedimiento,0,0.58,0,0
47,1402,3,3,3880,1,1,0,0,1,2,0,0,procedimiento,0,0.57,0,0
47,1403,10,3,6410,1,0,0,0,1,1,0,0,procedimiento,0,0.56,0,0
47,1404,15,2,3433,1,0,0,0,1,3,0,0,procedimiento,0,0.56,0,0
47,1405,4,3,6043,2,1,0,0,0,2,0,0,inatencion,0,0.45,1,0
47,1406,15,3,4797,1,0,0,0,1,0,0,0,procedimiento,0,0.54,0,0
47,1407,7,3,5639,1,1,0,0,1,3,0,0,procedimiento,0,0.54,0,0
47,1408,4,2,2399,1,1,0,0,1,0,0,0,procedimiento,0,0.53,0,0
47,1409,6,2,3732,1,0,0,0,1,3,0,0,procedimiento,0,0.52,0,0
47,1410,11,4,4319,1,0,0,0,1,3,0,0,procedimiento,0,0.51,0,0
48,1411,8,1,1567,1,0,0,1,0,0,0,0,inatencion,0,0.82,1,0
48,1412,17,1,1169,1,0,0,1,1,0,0,0,procedimiento,0,0.91,0,0
48,1413,10,2,2456,2,0,0,0,0,0,0,0,inatencion,0,0.8,1,0
48,1414,19,3,2103,1,1,0,0,0,0,0,0,inatencion,1,0.69,2,0
48,1415,18,2,2361,1,1,0,0,0,0,0,0,aleatorio,1,0.4,3,0
48,1416,8,3,2209,2,0,0,0,0,0,0,0,aleatorio,1,0.4,4,0
48,1417,19,1,1541,1,0,0,1,1,0,0,0,procedimiento,0,0.86,0,0
48,1418,12,2,1884,2,0,0,1,0,0,0,0,aleatorio,0,0.75,1,0
48,1419,2,2,1652,1,0,0,1,1,0,0,0,procedimiento,0,0.85,0,0
48,1420,8,2,2188,1,1,0,0,0,0,0,0,inatencion,0,0.74,1,0
48,1421,9,4,2932,1,1,2,0,1,0,0,0,procedimiento,0,0.83,0,0
48,1422,13,4,3960,1,1,0,0,1,0,0,0,procedimiento,0,0.82,0,0
48,1423,8,2,2503,1,1,0,0,1,0,0,0,procedimiento,0,0.81,0,0
48,1424,3,2,1482,1,0,0,1,1,0,0,0,procedimiento,0,0.8,0,0
48,1425,3,1,1524,1,0,0,1,1,0,0,0,procedimiento,0,0.79,0,0
48,1426,4,2,2557,1,1,0,0,1,0,0,0,procedimiento,0,0.78,0,0
48,1427,17,1,1532,2,0,0,1,0,0,0,0,aleatorio,0,0.67,1,0
48,1428,10,2,1630,1,1,1,1,1,0,0,0,procedimiento,0,0.76,0,0
48,1429,11,2,1888,2,1,0,1,0,0,0,0,aleatorio,0,0.65,1,0
48,1430,3,3,2745,1,0,0,0,1,0,0,0,procedimiento,0,0.74,0,0
48,1431,12,2,2050,1,0,0,0,1,0,0,0,procedimiento,0,0.74,0,0
48,1432,9,2,2397,2,1,0,0,0,0,0,0,conceptual,0,0.63,1,0
48,1433,12,2,3163,1,1,0,0,0,0,0,0,inatencion,1,0.52,2,0
48,1434,5,2,2379,1,0,0,0,1,0,0,0,procedimiento,0,0.71,0,0
48,1435,8,4,3974,1,1,1,0,1,0,0,0,procedimiento,0,0.7,0,0
48,1436,10,1,2011,3,1,0,0,0,0,0,0,inatencion,0,0.59,1,0
48,1437,7,4,3422,1,0,0,0,0,0,0,1,procedimiento,1,0.48,2,0
48,1438,16,2,3410,1,0,0,0,1,0,0,0,procedimiento,0,0.67,0,0
48,1439,15,3,3560,1,1,0,0,0,0,0,0,aleatorio,0,0.56,1,0
48,1440,10,2,2265,2,0,0,0,0,0,0,1,inatencion,1,0.45,2,0
49,1441,5,2,3069,1,1,0,0,1,0,0,0,procedimiento,0,0.79,0,0
49,1442,18,2,3416,1,0,0,0,1,0,0,0,procedimiento,0,0.79,0,0
49,1443,8,1,2265,1,0,0,0,1,0,0,0,procedimiento,0,0.78,0,0
49,1444,6,2,3045,1,0,0,0,0,0,0,0,consigna,0,0.67,1,0
49,1445,13,3,3721,2,0,0,0,0,0,0,0,procedimiento,1,0.56,2,0
49,1446,5,2,2175,1,0,0,0,1,0,0,0,procedimiento,0,0.75,0,0
49,1447,7,2,2908,1,0,0,0,1,0,0,0,procedimiento,0,0.75,0,0
49,1448,15,4,4822,1,0,0,0,0,0,0,0,conceptual,0,0.64,1,0
49,1449,18,1,2345,1,0,0,0,1,0,0,0,procedimiento,0,0.73,0,0
49,1450,16,2,3276,1,1,0,0,1,0,0,0,procedimiento,0,0.72,0,0
49,1451,16,2,2630,1,0,0,0,1,0,0,0,procedimiento,0,0.71,0,0
49,1452,15,1,1844,2,0,0,1,0,0,0,0,aleatorio,0,0.61,1,0
49,1453,15,2,3400,1,1,0,0,0,0,0,1,procedimiento,1,0.5,2,0
49,1454,15,3,3361,1,0,0,0,0,0,0,0,aleatorio,1,0.39,3,0
49,1455,15,2,2206,1,0,0,0,1,0,0,0,procedimiento,0,0.68,0,0
49,1456,8,3,2916,1,0,0,0,1,0,0,0,procedimiento,0,0.67,0,0
49,1457,5,2,3204,1,0,0,0,0,0,0,0,procedimiento,0,0.57,1,0
49,1458,3,3,4207,1,0,0,0,1,0,0,0,procedimiento,0,0.66,0,0
49,1459,11,3,3909,2,1,0,0,0,0,0,0,conceptual,0,0.55,1,0
49,1460,5,2,3338,1,0,0,0,1,0,0,0,procedimiento,0,0.64,0,0
49,1461,1,3,3613,1,1,0,0,0,0,0,0,inatencion,0,0.53,1,0
49,1462,15,4,5121,2,1,0,0,0,0,0,2,procedimiento,1,0.43,2,0
49,1463,14,2,3179,1,0,0,0,0,0,0,0,inatencion,1,0.32,3,0
49,1464,13,1,2657,1,0,0,0,0,0,0,0,inatencion,1,0.21,4,0
49,1465,18,2,3312,2,0,0,0,0,0,0,0,inatencion,1,0.15,5,0
49,1466,13,4,4939,2,0,0,0,0,1,0,0,inatencion,1,0.15,6,0
49,1467,4,2,2943,1,1,0,0,0,4,0,0,aleatorio,1,0.15,7,0
49,1468,13,1,2084,1,0,0,0,0,0,0,1,inatencion,1,0.15,8,0
49,1469,4,4,4388,1,1,0,0,0,1,0,0,aleatorio,1,0.15,9,0
49,1470,18,2,4038,1,0,0,0,1,1,0,0,procedimiento,0,0.56,0,0
50,1471,6,4,5453,2,1,2,0,0,0,0,0,inatencion,0,0.65,1,0
50,1472,8,3,4580,1,0,0,0,1,0,0,0,procedimiento,0,0.74,0,0
50,1473,10,2,2683,1,1,0,0,1,0,0,0,procedimiento,0,0.73,0,0
50,1474,18,2,2608,1,1,0,0,1,0,0,0,procedimiento,0,0.72,0,0
50,1475,3,2,2830,2,1,0,0,0,0,0,0,inatencion,0,0.62,1,0
50,1476,6,2,2104,1,1,0,0,1,0,0,0,procedimiento,0,0.71,0,0
50,1477,19,4,4199,3,1,1,0,0,0,0,0,conceptual,0,0.6,1,0
50,1478,17,3,2724,1,1,0,0,1,0,0,0,procedimiento,0,0.69,0,0
50,1479,19,2,2895,1,0,0,0,1,0,0,0,procedimiento,0,0.69,0,0
50,1480,11,1,2215,1,1,0,0,1,0,0,0,procedimiento,0,0.68,0,0
50,1481,17,1,1563,1,0,0,1,1,0,0,0,procedimiento,0,0.67,0,0
50,1482,8,1,1928,1,0,0,1,1,0,0,0,procedimiento,0,0.66,0,0
50,1483,2,1,2455,1,0,0,0,1,0,0,0,procedimiento,0,0.66,0,0
50,1484,10,1,1571,1,1,0,1,1,0,0,0,procedimiento,0,0.65,0,0
50,1485,7,1,2245,1,0,0,0,1,0,0,0,procedimiento,0,0.64,0,0
50,1486,3,1,2380,1,0,0,0,1,0,0,0,procedimiento,0,0.63,0,0
50,1487,4,3,3280,3,1,0,0,0,0,0,0,consigna,0,0.53,1,0
50,1488,2,4,4212,1,0,0,0,1,0,0,0,procedimiento,0,0.62,0,0
50,1489,6,2,3232,1,0,0,0,1,0,0,0,procedimiento,0,0.61,0,0
50,1490,13,1,2459,1,1,1,0,1,0,0,0,procedimiento,0,0.6,0,0
50,1491,2,3,2825,1,0,0,0,0,1,0,0,inatencion,0,0.5,1,0
50,1492,13,4,5780,3,0,0,0,0,1,0,0,procedimiento,1,0.39,2,0
50,1493,19,2,3877,2,0,0,0,0,1,0,0,aleatorio,1,0.28,3,0
50,1494,8,3,4671,1,1,0,0,0,1,0,0,inatencion,1,0.17,4,0
50,1495,18,2,2656,1,1,0,0,0,0,0,1,aleatorio,1,0.15,5,0
50,1496,6,4,7373,1,0,0,0,1,4,0,0,procedimiento,0,0.56,0,0
50,1497,6,1,2604,1,0,0,0,1,0,0,0,procedimiento,0,0.55,0,0
50,1498,8,3,3721,1,0,0,0,1,4,0,0,procedimiento,0,0.54,0,0
50,1499,2,3,4596,1,0,0,0,0,1,0,0,inatencion,0,0.44,1,0
50,1500,5,1,3334,1,0,0,0,1,3,0,0,procedimiento,0,0.53,0,0
51,1501,2,3,3709,1,1,0,0,0,0,408,0,conceptual,1,0.36,1,0
51,1502,9,3,2552,3,0,0,0,0,2,5,1,procedimiento,1,0.25,2,0
51,1503,4,1,1995,1,0,0,1,1,1,32,0,procedimiento,1,0.45,0,0
51,1504,7,2,3363,1,1,2,0,1,3,1141,0,procedimiento,1,0.45,0,0
51,1505,13,3,3052,1,0,0,0,1,4,38,0,procedimiento,1,0.44,0,0
51,1506,10,1,1833,1,0,0,1,1,3,476,0,procedimiento,1,0.44,0,0
51,1507,5,3,3964,1,1,3,0,0,1,98,0,procedimiento,1,0.33,1,0
51,1508,15,2,3408,1,0,0,0,1,0,898,0,procedimiento,1,0.43,0,0
51,1509,19,2,3193,3,0,0,0,0,2,232,0,consigna,1,0.32,1,0
51,1510,13,4,4768,3,0,0,0,0,1,601,0,procedimiento,1,0.22,2,0
51,1511,3,2,3374,3,0,0,0,0,2,966,2,aleatorio,1,0.15,3,0
51,1512,19,3,3680,2,0,0,0,0,2,362,2,inatencion,1,0.15,4,0
51,1513,13,1,2204,1,0,0,0,1,2,67,0,procedimiento,1,0.4,0,0
51,1514,1,3,3625,1,0,0,0,1,3,138,0,procedimiento,1,0.4,0,0
51,1515,18,2,3147,3,0,0,0,0,1,771,1,aleatorio,1,0.29,1,0
51,1516,8,2,3247,2,0,0,0,0,3,350,1,aleatorio,1,0.19,2,0
51,1517,7,2,3215,1,0,0,0,1,0,382,2,procedimiento,1,0.39,0,0
51,1518,19,2,1998,1,0,0,1,1,3,246,1,procedimiento,1,0.38,0,0
51,1519,10,4,4671,1,0,0,0,0,3,2300,0,procedimiento,1,0.28,1,0
51,1520,3,2,3265,1,0,0,0,1,2,119,0,procedimiento,1,0.37,0,0
51,1521,18,4,4408,1,0,0,0,1,3,359,1,procedimiento,1,0.37,0,0
51,1522,3,4,4585,1,0,0,0,1,2,1038,1,procedimiento,1,0.36,0,0
51,1523,8,3,3698,3,0,0,0,0,3,138,0,conceptual,1,0.26,1,0
51,1524,11,1,2776,1,0,0,0,1,2,916,1,procedimiento,1,0.35,0,0
51,1525,12,4,7065,1,1,0,0,1,4,1074,2,procedimiento,1,0.35,0,0
51,1526,15,1,2223,1,0,0,0,1,3,1915,0,procedimiento,1,0.34,0,0
51,1527,7,2,2518,2,0,0,0,0,5,86,1,conceptual,1,0.24,1,0
51,1528,8,3,3795,1,1,0,0,1,1,28,0,procedimiento,1,0.33,0,0
51,1529,5,2,4659,1,0,0,0,0,1,643,0,inatencion,1,0.23,1,0
51,1530,12,3,4295,2,1,0,0,0,1,516,0,procedimiento,1,0.15,2,0
52,1531,6,2,1882,1,0,0,1,0,0,0,0,aleatorio,0,0.74,1,0
52,1532,4,3,3723,3,0,0,0,0,0,0,0,inatencion,1,0.63,2,0
52,1533,12,3,3836,2,0,0,0,0,0,0,0,inatencion,1,0.4,3,0
52,1534,16,2,2134,1,1,0,0,0,0,0,0,inatencion,1,0.4,4,0
52,1535,12,4,4900,1,0,0,0,0,0,0,0,inatencion,1,0.31,5,0
52,1536,5,2,3102,1,0,0,0,0,0,0,0,inatencion,1,0.2,6,0
52,1537,11,4,3231,2,1,0,0,0,0,0,0,aleatorio,1,0.15,7,0
52,1538,17,3,2286,1,1,0,0,0,0,0,1,inatencion,1,0.15,8,0
52,1539,3,4,4343,1,1,0,0,1,0,0,0,procedimiento,0,0.77,0,0
52,1540,15,2,2770,2,1,0,0,0,0,0,0,conceptual,0,0.67,1,0
52,1541,11,1,1605,1,0,0,1,1,0,0,0,procedimiento,0,0.76,0,0
52,1542,17,2,1976,2,0,0,1,0,0,0,0,aleatorio,0,0.65,1,0
52,1543,17,2,2138,2,0,0,0,0,0,0,0,consigna,1,0.54,2,0
52,1544,18,2,2565,2,0,0,0,0,0,0,0,inatencion,1,0.4,3,0
52,1545,8,2,1818,1,1,0,1,0,0,0,0,aleatorio,1,0.32,4,0
52,1546,2,4,3275,1,1,2,0,1,0,0,0,procedimiento,0,0.72,0,0
52,1547,5,1,1486,2,0,0,1,0,0,0,0,inatencion,0,0.61,1,0
52,1548,9,2,2909,1,0,0,0,0,0,0,0,procedimiento,1,0.5,2,0
52,1549,7,3,2255,3,0,0,0,0,0,0,1,inatencion,1,0.39,3,0
52,1550,2,3,2507,1,1,0,0,0,0,0,0,inatencion,1,0.28,4,0
52,1551,6,2,2353,1,0,0,0,0,0,0,1,aleatorio,1,0.17,5,0
52,1552,11,1,1677,1,0,0,1,1,0,0,0,procedimiento,0,0.67,0,0
52,1553,3,1,2644,1,0,0,0,1,0,0,0,procedimiento,0,0.66,0,0
52,1554,5,2,2812,1,0,0,0,0,0,0,0,aleatorio,0,0.55,1,0
52,1555,6,2,2738,1,0,0,0,0,0,0,0,procedimiento,1,0.44,2,0
52,1556,19,2,2559,1,0,0,0,1,0,0,0,procedimiento,0,0.63,0,0
52,1557,18,2,3757,2,1,2,0,0,0,0,0,procedimiento,0,0.52,1,0
52,1558,16,4,4720,2,1,0,0,0,0,0,1,procedimiento,1,0.41,2,0
52,1559,6,1,2286,2,0,0,0,0,0,0,1,aleatorio,1,0.31,3,0
52,1560,9,3,3264,2,1,1,0,0,2,0,0,inatencion,1,0.2,4,0
53,1561,17,4,3301,1,1,0,0,1,2,1198,0,procedimiento,1,0.49,0,0
53,1562,19,4,3776,1,0,0,0,1,1,218,0,procedimiento,1,0.48,0,0
53,1563,16,2,2005,1,0,0,0,1,3,261,0,procedimiento,1,0.48,0,0
53,1564,1,3,1869,3,1,0,1,0,1,86,0,inatencion,1,0.37,1,0
53,1565,5,4,3170,1,0,0,0,1,1,152,0,procedimiento,1,0.47,0,0
53,1566,1,1,1437,1,1,0,1,1,1,521,0,procedimiento,1,0.46,0,0
53,1567,8,1,1190,2,0,0,1,0,1,475,0,inatencion,1,0.36,1,0
53,1568,15,4,2528,2,1,0,0,0,2,344,1,procedimiento,1,0.25,2,0
53,1569,17,2,1907,3,0,0,1,0,2,512,0,inatencion,1,0.15,3,0
53,1570,16,2,2079,1,0,0,0,0,1,429,3,inatencion,1,0.15,4,0
53,1571,1,3,3143,1,1,0,0,0,3,531,0,aleatorio,1,0.15,5,0
53,1572,19,1,1120,1,1,0,1,1,2,427,0,procedimiento,1,0.43,0,0
53,1573,17,2,1562,1,1,0,1,1,1,484,0,procedimiento,1,0.43,0,0
53,1574,6,2,2152,1,1,2,0,0,4,231,0,aleatorio,1,0.32,1,0
53,1575,13,4,3545,1,1,0,0,0,0,987,2,consigna,1,0.22,2,0
53,1576,10,2,2371,1,0,0,0,0,1,535,0,aleatorio,1,0.15,3,0
53,1577,10,2,2439,2,1,2,0,0,2,355,1,inatencion,1,0.15,4,0
53,1578,15,3,1884,2,0,0,1,0,2,717,1,inatencion,1,0.15,5,0
53,1579,2,1,1749,2,0,0,1,0,0,50,1,inatencion,1,0.15,6,0
53,1580,11,3,2525,3,1,0,0,0,2,102,3,inatencion,1,0.15,7,0
53,1581,5,2,1667,2,1,0,1,0,3,1026,3,inatencion,1,0.15,8,0
53,1582,7,3,3068,1,1,0,0,0,0,184,0,inatencion,1,0.15,9,0
53,1583,17,2,2730,1,0,0,0,0,0,338,4,inatencion,1,0.15,10,0
53,1584,9,3,1969,2,0,0,1,0,2,310,1,aleatorio,1,0.15,11,0
53,1585,2,4,4329,2,0,0,0,0,1,68,3,aleatorio,1,0.15,12,0
53,1586,2,2,2128,2,1,0,0,0,0,406,2,inatencion,1,0.15,13,0
53,1587,19,1,2525,3,1,1,0,0,1,90,1,inatencion,1,0.15,14,0
53,1588,5,2,1815,2,0,0,1,0,4,203,1,inatencion,1,0.15,15,0
53,1589,10,2,2467,1,0,0,0,1,4,1018,0,procedimiento,1,0.35,0,0
53,1590,16,4,4116,2,1,0,0,0,4,901,2,inatencion,1,0.25,1,0
54,1591,5,3,3857,1,0,0,0,0,0,0,0,procedimiento,0,0.44,1,0
54,1592,14,1,2245,3,1,0,0,0,2,0,2,inatencion,1,0.33,2,0
54,1593,16,1,2206,1,0,0,0,0,0,0,2,aleatorio,1,0.23,3,0
54,1594,17,2,2818,1,0,0,0,1,0,0,0,procedimiento,0,0.52,0,0
54,1595,1,3,4970,2,1,0,0,0,1,0,0,inatencion,0,0.42,1,0
54,1596,16,2,3542,3,0,0,0,0,0,0,2,consigna,1,0.31,2,0
54,1597,19,1,1838,2,0,0,1,0,2,0,2,inatencion,1,0.21,3,0
54,1598,1,2,3908,1,0,0,0,1,0,0,0,procedimiento,0,0.5,0,0
54,1599,4,1,2723,1,0,0,0,1,0,39,0,procedimiento,1,0.5,0,0
54,1600,16,3,3964,1,0,0,0,0,2,226,0,conceptual,1,0.39,1,0
54,1601,1,2,3065,1,0,0,0,1,1,743,0,procedimiento,1,0.48,0,0
54,1602,15,2,2551,1,1,1,0,1,1,681,0,procedimiento,1,0.48,0,0
54,1603,13,1,2869,1,1,2,0,1,3,363,0,procedimiento,1,0.47,0,0
54,1604,13,2,3908,1,0,0,0,1,0,196,0,procedimiento,1,0.47,0,0
54,1605,4,2,2765,1,1,0,0,1,3,125,0,procedimiento,1,0.46,0,0
54,1606,10,2,2432,1,0,0,0,1,2,383,0,procedimiento,1,0.46,0,0
54,1607,3,3,4630,1,0,0,0,1,0,449,0,procedimiento,1,0.45,0,0
54,1608,16,1,2817,1,0,0,0,1,0,52,0,procedimiento,1,0.45,0,0
54,1609,2,3,4156,1,1,0,0,0,1,64,0,conceptual,1,0.34,1,0
54,1610,12,4,5324,3,1,0,0,0,2,92,1,procedimiento,1,0.24,2,0
54,1611,4,4,6097,2,0,0,0,0,1,949,2,aleatorio,1,0.15,3,0
54,1612,7,1,2638,1,0,0,0,1,3,248,0,procedimiento,1,0.43,0,0
54,1613,7,4,6832,1,1,0,0,0,2,41,0,procedimiento,1,0.32,1,0
54,1614,9,4,8232,2,1,0,0,0,2,688,0,consigna,1,0.21,2,0
54,1615,16,3,7354,1,0,0,0,1,3,1042,0,procedimiento,1,0.41,0,0
54,1616,14,3,4910,1,0,0,0,0,1,242,0,consigna,1,0.3,1,0
54,1617,17,2,4764,1,0,0,0,0,1,119,1,inatencion,1,0.2,2,0
54,1618,3,4,4833,1,0,0,0,0,2,599,0,inatencion,1,0.15,3,0
54,1619,4,4,7047,2,1,0,0,0,0,244,0,aleatorio,1,0.15,4,0
54,1620,12,1,3431,1,0,0,0,1,2,382,2,procedimiento,1,0.38,0,0
55,1621,15,1,1399,1,1,0,1,0,0,0,0,aleatorio,0,0.78,1,0
55,1622,2,2,1898,1,0,0,1,1,0,0,0,procedimiento,0,0.87,0,0
55,1623,3,2,1486,1,0,0,1,0,0,0,0,inatencion,0,0.76,1,0
55,1624,6,2,1546,3,1,0,1,0,0,0,0,aleatorio,1,0.65,2,0
55,1625,6,1,1278,2,0,0,1,0,0,0,0,inatencion,1,0.4,3,0
55,1626,3,2,2498,1,0,0,0,0,0,0,0,aleatorio,1,0.4,4,0
55,1627,11,2,2379,1,0,0,0,1,0,0,0,procedimiento,0,0.83,0,0
55,1628,11,3,2234,1,0,0,0,1,0,0,0,procedimiento,0,0.82,0,0
55,1629,1,1,1250,1,0,0,1,1,0,0,0,procedimiento,0,0.81,0,0
55,1630,14,3,2645,1,1,0,0,1,0,0,0,procedimiento,0,0.8,0,0
55,1631,9,1,1221,1,0,0,1,1,0,0,0,procedimiento,0,0.79,0,0
55,1632,17,3,2485,3,0,0,0,0,0,0,0,inatencion,0,0.68,1,0
55,1633,7,2,1630,1,0,0,1,0,0,0,0,inatencion,1,0.57,2,0
55,1634,3,3,1910,2,1,0,1,0,0,0,1,inatencion,1,0.4,3,0
55,1635,16,2,2078,3,1,1,0,0,0,0,1,inatencion,1,0.36,4,0
55,1636,3,1,1183,1,0,0,1,1,0,0,0,procedimiento,0,0.75,0,0
55,1637,19,3,1994,3,1,0,1,0,0,0,0,aleatorio,0,0.64,1,0
55,1638,11,2,2334,1,1,0,0,1,0,0,0,procedimiento,0,0.73,0,0
55,1639,4,2,1671,1,0,0,1,0,0,0,0,inatencion,0,0.62,1,0
55,1640,8,3,2493,3,1,1,0,0,0,0,2,inatencion,1,0.51,2,0
55,1641,10,3,2855,1,0,0,0,0,0,0,1,aleatorio,1,0.4,3,0
55,1642,13,3,3513,3,0,0,0,0,0,0,1,aleatorio,1,0.29,4,0
55,1643,19,1,1560,1,1,0,1,0,0,0,0,inatencion,1,0.19,5,0
55,1644,19,3,2394,1,0,0,0,1,0,0,0,procedimiento,0,0.68,0,0
55,1645,14,2,2315,1,1,1,0,0,0,0,0,conceptual,0,0.57,1,0
55,1646,12,2,2028,2,1,0,0,0,0,0,0,conceptual,1,0.46,2,0
55,1647,12,2,3070,1,1,0,0,1,0,0,0,procedimiento,0,0.65,0,0
55,1648,17,2,2195,2,0,0,0,0,0,0,0,consigna,0,0.54,1,0
55,1649,6,4,4372,2,0,0,0,0,0,0,0,inatencion,1,0.43,2,0
55,1650,18,3,1816,2,0,0,1,0,0,0,0,aleatorio,1,0.32,3,0
56,1651,5,2,2297,1,1,0,0,0,0,0,0,conceptual,0,0.76,1,0
56,1652,18,3,2361,3,0,0,0,0,0,0,1,conceptual,1,0.66,2,0
56,1653,18,2,2467,1,0,0,0,1,0,0,0,procedimiento,0,0.85,0,0
56,1654,13,3,3114,1,0,0,0,1,0,0,0,procedimiento,0,0.84,0,0
56,1655,2,2,2341,1,0,0,0,1,0,0,0,procedimiento,0,0.83,0,0
56,1656,18,2,2536,2,0,0,0,0,0,0,0,conceptual,0,0.72,1,0
56,1657,15,3,3922,1,1,1,0,1,0,0,0,procedimiento,0,0.81,0,0
56,1658,2,1,2197,1,0,0,0,0,0,0,0,inatencion,0,0.7,1,0
56,1659,8,1,1932,1,0,0,1,1,0,0,0,procedimiento,0,0.79,0,0
56,1660,19,1,1878,1,0,0,1,1,0,0,0,procedimiento,0,0.79,0,0
56,1661,12,1,1747,1,0,0,1,1,0,0,0,procedimiento,0,0.78,0,0
56,1662,19,1,1547,1,0,0,1,1,0,0,0,procedimiento,0,0.77,0,0
56,1663,8,2,1927,1,0,0,1,1,0,0,0,procedimiento,0,0.76,0,0
56,1664,7,3,3869,1,1,3,0,1,0,0,0,procedimiento,0,0.75,0,0
56,1665,11,2,3027,1,1,0,0,1,0,0,0,procedimiento,0,0.74,0,0
56,1666,7,2,3145,1,1,0,0,0,0,0,0,procedimiento,0,0.63,1,0
56,1667,4,2,3032,1,0,0,0,1,0,0,0,procedimiento,0,0.73,0,0
56,1668,17,1,2045,1,1,0,0,1,0,0,0,procedimiento,0,0.72,0,0
56,1669,6,1,1943,1,1,0,1,1,0,0,0,procedimiento,0,0.71,0,0
56,1670,13,2,2676,1,1,0,0,1,0,0,0,procedimiento,0,0.7,0,0
56,1671,11,3,2897,1,1,0,0,1,0,0,0,procedimiento,0,0.69,0,0
56,1672,10,2,2682,1,0,0,0,1,0,0,0,procedimiento,0,0.68,0,0
56,1673,4,3,3409,1,0,0,0,0,0,0,0,inatencion,0,0.57,1,0
56,1674,16,2,3196,1,0,0,0,0,0,0,0,procedimiento,1,0.47,2,0
56,1675,7,1,1957,3,0,0,1,0,0,0,1,aleatorio,1,0.36,3,0
56,1676,9,3,5132,1,0,0,0,1,0,0,0,procedimiento,0,0.65,0,0
56,1677,3,2,2912,1,0,0,0,1,0,0,0,procedimiento,0,0.64,0,0
56,1678,11,2,3313,1,0,0,0,0,0,0,0,inatencion,0,0.53,1,0
56,1679,1,3,3075,1,1,0,0,1,0,0,0,procedimiento,0,0.62,0,0
56,1680,9,3,4071,1,0,0,0,1,0,0,0,procedimiento,0,0.61,0,0
57,1681,10,1,1891,1,0,0,1,1,0,0,0,procedimiento,0,0.68,0,0
57,1682,5,2,3288,1,0,0,0,1,0,0,0,procedimiento,0,0.67,0,0
57,1683,12,4,5470,1,0,0,0,1,0,0,0,procedimiento,0,0.66,0,0
57,1684,4,4,4349,2,1,0,0,0,0,0,0,conceptual,0,0.56,1,0
57,1685,16,1,1952,1,0,0,1,1,0,0,0,procedimiento,0,0.65,0,0
57,1686,1,1,2640,1,0,0,0,1,0,0,0,procedimiento,0,0.64,0,0
57,1687,7,3,3558,1,0,0,0,1,0,0,0,procedimiento,0,0.63,0,0
57,1688,10,2,3484,2,0,0,0,0,0,0,0,consigna,0,0.53,1,0
57,1689,19,3,4865,2,0,0,0,0,0,0,0,procedimiento,1,0.42,2,0
57,1690,16,3,2818,1,1,0,0,1,0,0,0,procedimiento,0,0.61,0,0
57,1691,19,2,2381,1,1,0,0,1,0,0,0,procedimiento,0,0.61,0,0
57,1692,8,3,4227,1,1,2,0,1,0,0,0,procedimiento,0,0.6,0,0
57,1693,10,2,3425,1,1,0,0,1,1,0,0,procedimiento,0,0.59,0,0
57,1694,11,2,3288,1,0,0,0,1,2,0,0,procedimiento,0,0.59,0,0
57,1695,6,2,2774,1,0,0,0,0,0,0,0,procedimiento,0,0.48,1,0
57,1696,14,1,2690,1,0,0,0,1,2,0,0,procedimiento,0,0.57,0,0
57,1697,18,1,1952,1,0,0,1,1,2,0,0,procedimiento,0,0.57,0,0
57,1698,15,1,2336,1,0,0,0,1,4,0,0,procedimiento,0,0.56,0,0
57,1699,17,4,4315,1,1,0,0,1,1,0,0,procedimiento,0,0.55,0,0
57,1700,2,3,4108,1,1,1,0,1,3,0,0,procedimiento,0,0.55,0,0
57,1701,1,4,4380,1,0,0,0,1,1,0,0,procedimiento,0,0.54,0,0
57,1702,5,1,2438,1,0,0,0,1,0,0,0,procedimiento,0,0.53,0,0
57,1703,17,1,2119,1,0,0,0,1,1,0,0,procedimiento,0,0.53,0,0
57,1704,4,2,2979,1,0,0,0,1,2,0,0,procedimiento,0,0.52,0,0
57,1705,19,4,4486,2,0,0,0,0,0,0,0,aleatorio,0,0.41,1,0
57,1706,2,1,3265,2,0,0,0,0,2,0,1,conceptual,1,0.31,2,0
57,1707,12,2,3533,1,0,0,0,1,1,998,0,procedimiento,1,0.5,0,0
57,1708,9,2,2826,1,1,0,0,1,2,5,0,procedimiento,1,0.49,0,0
57,1709,3,1,2398,1,0,0,0,1,0,155,0,procedimiento,1,0.49,0,0
57,1710,5,4,7870,1,1,1,0,1,0,729,0,procedimiento,1,0.48,0,0
58,1711,18,3,3451,1,0,0,0,1,0,0,0,procedimiento,0,0.76,0,0
58,1712,1,3,3866,1,0,0,0,0,0,0,0,procedimiento,0,0.66,1,0
58,1713,7,2,2497,1,0,0,0,1,0,0,0,procedimiento,0,0.75,0,0
58,1714,6,2,2987,1,0,0,0,0,0,0,0,procedimiento,0,0.64,1,0
58,1715,3,3,4247,2,0,0,0,0,0,0,0,inatencion,1,0.53,2,0
58,1716,8,3,3335,1,1,0,0,1,0,0,0,procedimiento,0,0.73,0,0
58,1717,12,2,2623,2,0,0,0,0,0,0,0,procedimiento,0,0.62,1,0
58,1718,17,4,4320,2,0,0,0,0,0,0,0,procedimiento,1,0.51,2,0
58,1719,13,2,2370,1,0,0,0,1,0,0,0,procedimiento,0,0.7,0,0
58,1720,4,3,4012,2,1,1,0,0,0,0,0,procedimiento,0,0.59,1,0
58,1721,10,2,2951,1,0,0,0,1,0,0,0,procedimiento,0,0.69,0,0
58,1722,8,3,3386,3,1,1,0,0,0,0,0,procedimiento,0,0.58,1,0
58,1723,11,3,4001,1,0,0,0,0,0,0,0,conceptual,1,0.47,2,0
58,1724,9,3,3255,1,1,0,0,1,0,0,0,procedimiento,0,0.66,0,0
58,1725,16,4,4307,2,0,0,0,0,0,0,0,inatencion,0,0.56,1,0
58,1726,2,3,3477,2,0,0,0,0,0,0,0,conceptual,1,0.45,2,0
58,1727,8,2,2582,1,1,2,0,1,0,0,0,procedimiento,0,0.64,0,0
58,1728,6,3,2692,1,0,0,0,0,0,0,0,procedimiento,0,0.53,1,0
58,1729,6,1,1584,1,0,0,1,0,0,0,2,aleatorio,1,0.43,2,0
58,1730,15,1,2129,1,0,0,0,1,0,0,0,procedimiento,0,0.62,0,0
58,1731,11,1,2266,1,0,0,0,1,0,0,0,procedimiento,0,0.61,0,0
58,1732,1,2,4451,1,0,0,0,1,0,0,0,procedimiento,0,0.6,0,0
58,1733,18,4,6266,1,0,0,0,1,0,0,0,procedimiento,0,0.6,0,0
58,1734,12,4,5202,1,1,0,0,0,0,0,0,procedimiento,0,0.49,1,0
58,1735,8,2,2495,1,0,0,0,0,1,0,1,procedimiento,1,0.38,2,0
58,1736,7,1,2335,1,0,0,0,1,0,0,0,procedimiento,0,0.57,0,0
58,1737,9,3,3728,1,0,0,0,1,3,0,0,procedimiento,0,0.56,0,0
58,1738,15,4,4965,1,0,0,0,1,1,0,0,procedimiento,0,0.56,0,0
58,1739,12,1,2703,1,0,0,0,1,0,0,0,procedimiento,0,0.55,0,0
58,1740,6,2,3135,1,0,0,0,0,1,0,0,inatencion,0,0.44,1,0
59,1741,15,2,3001,1,0,0,0,1,0,0,0,procedimiento,0,0.71,0,0
59,1742,6,2,2014,1,1,0,0,1,0,0,0,procedimiento,0,0.71,0,0
59,1743,10,2,2114,2,0,0,0,0,0,0,0,consigna,0,0.6,1,0
59,1744,12,4,5038,1,0,0,0,0,0,0,1,consigna,1,0.49,2,0
59,1745,5,3,3537,2,0,0,0,0,0,0,0,inatencion,1,0.39,3,0
59,1746,17,2,2328,2,1,0,0,0,0,0,0,inatencion,1,0.28,4,0
59,1747,6,3,4101,1,1,0,0,1,0,0,0,procedimiento,0,0.67,0,0
59,1748,5,3,2744,1,1,0,0,0,0,0,0,inatencion,0,0.56,1,0
59,1749,15,1,2327,1,0,0,0,1,0,0,0,procedimiento,0,0.66,0,0
59,1750,2,3,3483,1,1,1,0,1,0,0,0,procedimiento,0,0.65,0,0
59,1751,12,4,4706,1,0,0,0,0,0,0,0,inatencion,0,0.54,1,0
59,1752,12,2,2176,1,0,0,0,0,0,0,0,procedimiento,1,0.44,2,0
59,1753,18,2,2233,3,0,0,0,0,0,0,1,aleatorio,1,0.33,3,0
59,1754,15,3,2870,1,0,0,0,1,0,0,0,procedimiento,0,0.62,0,0
59,1755,15,1,2162,2,0,0,0,0,0,0,0,inatencion,0,0.51,1,0
59,1756,16,4,3709,1,1,0,0,0,0,0,1,aleatorio,1,0.41,2,0
59,1757,14,3,3614,1,1,0,0,1,0,0,0,procedimiento,0,0.6,0,0
59,1758,4,1,2239,2,0,0,0,0,0,0,0,conceptual,0,0.49,1,0
59,1759,1,1,1744,1,0,0,1,0,2,0,0,aleatorio,1,0.39,2,0
59,1760,18,2,2165,2,1,3,0,0,2,0,2,inatencion,1,0.28,3,0
59,1761,9,4,3663,3,0,0,0,0,5,0,1,aleatorio,1,0.17,4,0
59,1762,1,1,2716,1,0,0,0,1,1,0,0,procedimiento,0,0.56,0,0
59,1763,14,1,2288,1,1,2,0,0,1,0,0,inatencion,0,0.46,1,0
59,1764,8,4,5104,2,1,0,0,0,1,0,0,inatencion,1,0.35,2,0
59,1765,2,1,1791,1,0,0,1,1,1,0,0,procedimiento,0,0.54,0,0
59,1766,16,2,4195,1,1,2,0,0,1,0,0,procedimiento,0,0.44,1,0
59,1767,18,2,2835,2,0,0,0,0,0,0,2,inatencion,1,0.33,2,0
59,1768,6,4,4428,1,0,0,0,1,1,0,0,procedimiento,0,0.52,0,0
59,1769,19,4,4851,1,0,0,0,0,0,0,0,conceptual,0,0.41,1,0
59,1770,17,1,3371,2,1,0,0,0,1,0,2,consigna,1,0.31,2,0
60,1771,10,4,3329,1,0,0,0,1,0,0,0,procedimiento,0,0.81,0,0
60,1772,3,3,3029,1,1,2,0,0,0,0,0,inatencion,0,0.71,1,0
60,1773,6,3,3222,1,0,0,0,1,0,0,0,procedimiento,0,0.8,0,0
60,1774,6,2,2933,1,0,0,0,0,0,0,0,inatencion,0,0.69,1,0
60,1775,10,4,4076,1,0,0,0,1,0,0,0,procedimiento,0,0.78,0,0
60,1776,17,3,3515,1,0,0,0,0,0,0,0,consigna,0,0.67,1,0
60,1777,1,2,2714,1,0,0,0,1,0,0,0,procedimiento,0,0.76,0,0
60,1778,1,3,3657,1,1,0,0,1,0,0,0,procedimiento,0,0.76,0,0
60,1779,11,3,2383,1,1,0,0,0,0,0,0,aleatorio,0,0.65,1,0
60,1780,3,1,1415,2,0,0,1,0,0,0,1,aleatorio,1,0.54,2,0
60,1781,15,1,2188,3,0,0,0,0,0,0,0,aleatorio,1,0.4,3,0
60,1782,4,4,4395,1,0,0,0,0,0,0,0,aleatorio,1,0.32,4,0
60,1783,11,2,2386,1,1,0,0,1,0,0,0,procedimiento,0,0.72,0,0
60,1784,8,2,2822,2,1,2,0,0,0,0,0,inatencion,0,0.61,1,0
60,1785,15,1,1466,1,1,0,1,0,0,0,0,aleatorio,1,0.5,2,0
60,1786,8,4,4217,3,0,0,0,0,0,0,0,inatencion,1,0.39,3,0
60,1787,13,1,1937,1,0,0,1,0,0,0,0,inatencion,1,0.28,4,0
60,1788,10,4,4289,2,1,0,0,0,0,0,1,inatencion,1,0.17,5,0
60,1789,9,2,2811,3,1,1,0,0,0,0,0,aleatorio,1,0.15,6,0
60,1790,8,3,3007,2,1,0,0,0,0,0,0,inatencion,1,0.15,7,0
60,1791,3,1,1499,2,0,0,1,0,0,0,1,inatencion,1,0.15,8,0
60,1792,6,2,3013,2,0,0,0,0,0,0,0,inatencion,1,0.15,9,0
60,1793,3,2,2292,1,0,0,0,1,0,0,0,procedimiento,0,0.63,0,0
60,1794,19,3,4314,3,0,0,0,0,0,0,0,procedimiento,0,0.53,1,0
60,1795,4,1,2250,1,0,0,0,1,0,0,0,procedimiento,0,0.62,0,0
60,1796,3,2,3882,1,1,0,0,0,0,0,0,inatencion,0,0.51,1,0
60,1797,6,1,2170,1,1,0,0,1,0,0,0,procedimiento,0,0.6,0,0
60,1798,9,2,3439,2,1,0,0,0,0,0,0,procedimiento,0,0.49,1,0
60,1799,18,1,1979,3,0,0,1,0,1,0,0,aleatorio,1,0.39,2,0
60,1800,12,4,3325,3,1,0,0,0,3,0,0,inatencion,1,0.28,3,0
61,1801,6,2,2003,1,0,0,0,1,0,0,0,procedimiento,0,0.75,0,0
61,1802,6,2,1703,1,1,0,1,1,0,0,0,procedimiento,0,0.74,0,0
61,1803,17,3,3255,1,1,0,0,1,0,0,0,procedimiento,0,0.73,0,0
61,1804,7,2,1917,1,0,0,1,1,0,0,0,procedimiento,0,0.73,0,0
61,1805,1,1,1808,1,0,0,1,1,0,0,0,procedimiento,0,0.72,0,0
61,1806,2,2,1853,1,0,0,1,1,0,0,0,procedimiento,0,0.71,0,0
61,1807,11,2,2233,1,0,0,0,0,0,0,0,consigna,0,0.6,1,0
61,1808,8,4,3539,1,0,0,0,0,0,0,3,conceptual,1,0.5,2,0
61,1809,6,3,2524,1,0,0,0,1,0,0,0,procedimiento,0,0.69,0,0
61,1810,17,2,1875,1,0,0,1,1,0,0,0,procedimiento,0,0.68,0,0
61,1811,12,4,3180,1,1,0,0,1,0,0,0,procedimiento,0,0.67,0,0
61,1812,16,1,1780,1,0,0,1,0,0,0,0,aleatorio,0,0.57,1,0
61,1813,9,2,1505,1,0,0,1,1,0,0,0,procedimiento,0,0.66,0,0
61,1814,7,1,1187,1,0,0,1,1,0,0,0,procedimiento,0,0.65,0,0
61,1815,13,3,2418,1,0,0,0,1,0,0,0,procedimiento,0,0.64,0,0
61,1816,2,4,3105,1,0,0,0,1,0,0,0,procedimiento,0,0.64,0,0
61,1817,15,1,1265,1,0,0,1,1,0,0,0,procedimiento,0,0.63,0,0
61,1818,9,4,2681,3,0,0,0,0,0,0,0,consigna,0,0.52,1,0
61,1819,19,2,1939,1,0,0,1,1,0,0,0,procedimiento,0,0.61,0,0
61,1820,10,4,2712,2,0,0,0,0,0,0,0,conceptual,0,0.51,1,0
61,1821,14,3,2053,2,1,0,0,0,2,0,1,conceptual,1,0.4,2,0
61,1822,13,3,3717,1,1,1,0,1,2,0,0,procedimiento,0,0.59,0,0
61,1823,1,1,1933,1,1,0,1,1,2,0,0,procedimiento,0,0.58,0,0
61,1824,2,1,1281,1,1,0,1,1,1,0,0,procedimiento,0,0.58,0,0
61,1825,6,1,2340,1,0,0,0,1,1,0,0,procedimiento,0,0.57,0,0
61,1826,15,2,2866,1,0,0,0,1,1,0,0,procedimiento,0,0.56,0,0
61,1827,1,3,3701,2,1,0,0,0,1,0,0,procedimiento,0,0.45,1,0
61,1828,12,2,2918,1,0,0,0,1,1,0,0,procedimiento,0,0.55,0,0
61,1829,11,2,2052,1,1,0,0,1,3,0,0,procedimiento,0,0.54,0,0
61,1830,6,4,4449,1,1,0,0,1,0,0,0,procedimiento,0,0.53,0,0
62,1831,11,3,3844,1,0,0,0,1,0,0,0,procedimiento,0,0.84,0,0
62,1832,17,1,1867,1,1,0,1,1,0,0,0,procedimiento,0,0.83,0,0
62,1833,1,1,1817,1,0,0,1,1,0,0,0,procedimiento,0,0.82,0,0
62,1834,19,4,4418,1,0,0,0,1,0,0,0,procedimiento,0,0.81,0,0
62,1835,13,1,1916,1,1,2,1,1,0,0,0,procedimiento,0,0.8,0,0
62,1836,8,2,2467,2,1,2,0,0,0,0,0,consigna,0,0.69,1,0
62,1837,10,4,4524,1,0,0,0,1,0,0,0,procedimiento,0,0.79,0,0
62,1838,4,1,1776,1,0,0,1,1,0,0,0,procedimiento,0,0.78,0,0
62,1839,5,2,1890,1,1,1,1,1,0,0,0,procedimiento,0,0.77,0,0
62,1840,11,2,2024,1,0,0,0,1,0,0,0,procedimiento,0,0.76,0,0
62,1841,9,3,2668,1,0,0,0,1,0,0,0,procedimiento,0,0.75,0,0
62,1842,15,3,3138,1,0,0,0,1,0,0,0,procedimiento,0,0.74,0,0
62,1843,19,2,2048,1,0,0,0,1,0,0,0,procedimiento,0,0.73,0,0
62,1844,5,3,3104,1,0,0,0,1,0,0,0,procedimiento,0,0.73,0,0
62,1845,17,3,2365,1,1,0,0,0,0,0,0,inatencion,0,0.62,1,0
62,1846,18,3,4055,1,0,0,0,1,0,0,0,procedimiento,0,0.71,0,0
62,1847,9,3,2340,1,0,0,0,1,0,0,0,procedimiento,0,0.7,0,0
62,1848,1,1,1551,2,0,0,1,0,0,0,0,inatencion,0,0.59,1,0
62,1849,19,4,3355,1,1,1,0,1,0,0,0,procedimiento,0,0.68,0,0
62,1850,3,1,1645,1,1,0,1,1,0,0,0,procedimiento,0,0.68,0,0
62,1851,6,2,2473,1,1,2,0,1,0,0,0,procedimiento,0,0.67,0,0
62,1852,18,2,3412,1,0,0,0,1,0,0,0,procedimiento,0,0.66,0,0
62,1853,2,1,1679,1,1,0,1,1,0,0,0,procedimiento,0,0.65,0,0
62,1854,13,1,1952,1,1,0,1,1,0,0,0,procedimiento,0,0.64,0,0
62,1855,8,2,2638,1,1,1,0,1,0,0,0,procedimiento,0,0.63,0,0
62,1856,14,3,5897,1,1,0,0,1,0,0,0,procedimiento,0,0.63,0,0
62,1857,15,4,4327,1,1,0,0,0,0,0,0,inatencion,0,0.52,1,0
62,1858,12,3,5276,1,1,1,0,1,0,0,0,procedimiento,0,0.61,0,0
62,1859,7,2,2082,1,1,0,0,1,0,0,0,procedimiento,0,0.6,0,0
62,1860,3,2,4393,1,1,1,0,1,0,0,0,procedimiento,0,0.59,0,0
63,1861,10,1,2590,1,0,0,0,1,0,0,0,procedimiento,0,0.75,0,0
63,1862,8,2,3876,1,0,0,0,0,0,0,0,inatencion,0,0.65,1,0
63,1863,5,3,5079,2,1,0,0,0,0,0,0,inatencion,1,0.54,2,0
63,1864,10,1,2600,1,0,0,0,1,0,0,0,procedimiento,0,0.73,0,0
63,1865,14,2,3866,1,0,0,0,1,0,0,0,procedimiento,0,0.72,0,0
63,1866,19,1,2131,1,0,0,0,1,0,0,0,procedimiento,0,0.72,0,0
63,1867,2,4,5816,1,1,0,0,0,0,0,0,consigna,0,0.61,1,0
63,1868,6,3,4341,1,1,1,0,1,0,0,0,procedimiento,0,0.7,0,0
63,1869,18,3,3773,1,1,2,0,1,0,0,0,procedimiento,0,0.69,0,0
63,1870,9,3,3857,1,0,0,0,1,0,0,0,procedimiento,0,0.69,0,0
63,1871,1,2,3841,2,1,0,0,0,0,0,0,inatencion,0,0.58,1,0
63,1872,15,2,3948,1,1,0,0,1,0,0,0,procedimiento,0,0.67,0,0
63,1873,2,2,2905,1,1,0,0,0,0,0,0,inatencion,0,0.56,1,0
63,1874,1,2,4312,1,0,0,0,0,0,0,2,inatencion,1,0.46,2,0
63,1875,5,3,3388,1,0,0,0,1,0,0,0,procedimiento,0,0.65,0,0
63,1876,3,1,2405,1,1,0,0,1,0,0,0,procedimiento,0,0.64,0,0
63,1877,15,2,2997,3,0,0,0,0,0,0,0,inatencion,0,0.53,1,0
63,1878,11,1,2342,1,0,0,0,1,0,0,0,procedimiento,0,0.63,0,0
63,1879,15,3,4587,1,1,1,0,0,0,0,0,conceptual,0,0.52,1,0
63,1880,3,3,5192,2,0,0,0,0,0,0,0,conceptual,1,0.41,2,0
63,1881,6,2,3610,1,0,0,0,1,0,0,0,procedimiento,0,0.6,0,0
63,1882,8,3,3537,1,1,0,0,0,0,0,0,inatencion,0,0.5,1,0
63,1883,3,2,4244,3,0,0,0,0,0,0,1,conceptual,1,0.39,2,0
63,1884,12,1,2597,1,0,0,0,1,2,0,0,procedimiento,0,0.58,0,0
63,1885,13,4,9045,1,0,0,0,1,1,0,0,procedimiento,0,0.57,0,0
63,1886,19,4,6196,1,0,0,0,1,0,0,0,procedimiento,0,0.57,0,0
63,1887,16,3,6606,1,1,0,0,1,2,0,0,procedimiento,0,0.56,0,0
63,1888,14,2,3392,1,0,0,0,1,2,0,0,procedimiento,0,0.55,0,0
63,1889,11,4,8209,1,0,0,0,0,0,0,0,conceptual,0,0.44,1,0
63,1890,11,4,5579,1,0,0,0,0,1,0,0,inatencion,1,0.34,2,0
64,1891,5,3,2838,1,1,1,0,0,0,0,0,inatencion,0,0.69,1,0
64,1892,17,3,2964,1,1,0,0,1,0,0,0,procedimiento,0,0.78,0,0
64,1893,5,1,1828,1,0,0,1,1,0,0,0,procedimiento,0,0.77,0,0
64,1894,13,3,2983,1,0,0,0,1,0,0,0,procedimiento,0,0.76,0,0
64,1895,13,3,3609,1,0,0,0,0,0,0,0,procedimiento,0,0.66,1,0
64,1896,1,4,4154,1,0,0,0,1,0,0,0,procedimiento,0,0.75,0,0
64,1897,19,4,4360,1,0,0,0,1,0,0,0,procedimiento,0,0.74,0,0
64,1898,2,4,6133,2,0,0,0,0,0,0,0,inatencion,0,0.63,1,0
64,1899,15,2,2375,1,1,0,0,1,0,0,0,procedimiento,0,0.73,0,0
64,1900,5,2,2728,1,0,0,0,1,0,0,0,procedimiento,0,0.72,0,0
64,1901,19,2,2673,1,1,0,0,1,0,0,0,procedimiento,0,0.71,0,0
64,1902,12,3,4523,1,1,0,0,0,0,0,0,procedimiento,0,0.6,1,0
64,1903,1,2,3399,1,1,0,0,1,0,0,0,procedimiento,0,0.69,0,0
64,1904,9,4,5364,1,1,2,0,0,0,0,0,inatencion,0,0.59,1,0
64,1905,6,3,3220,1,1,0,0,1,0,0,0,procedimiento,0,0.68,0,0
64,1906,8,3,4430,1,1,1,0,0,0,0,0,conceptual,0,0.57,1,0
64,1907,10,2,2448,2,0,0,0,0,0,0,0,consigna,1,0.46,2,0
64,1908,6,3,4909,1,1,0,0,0,0,0,2,inatencion,1,0.35,3,0
64,1909,11,2,3469,2,0,0,0,0,0,0,3,inatencion,1,0.25,4,0
64,1910,19,1,2747,1,0,0,0,0,0,0,0,inatencion,1,0.15,5,0
64,1911,17,4,5556,2,0,0,0,0,0,0,1,inatencion,1,0.15,6,0
64,1912,17,2,3184,1,0,0,0,1,0,0,0,procedimiento,0,0.62,0,0
64,1913,9,1,3351,2,1,0,0,0,0,0,0,inatencion,0,0.51,1,0
64,1914,19,3,4075,1,1,0,0,0,0,0,0,procedimiento,1,0.41,2,0
64,1915,19,3,3221,1,1,0,0,0,3,0,1,inatencion,1,0.3,3,0
64,1916,2,1,3298,1,0,0,0,1,4,0,0,procedimiento,0,0.59,0,0
64,1917,8,2,5621,1,0,0,0,1,0,0,0,procedimiento,0,0.58,0,0
64,1918,16,2,3271,3,1,2,0,0,0,0,0,procedimiento,0,0.48,1,0
64,1919,16,1,2044,1,0,0,0,0,0,0,0,inatencion,1,0.37,2,0
64,1920,16,2,4532,1,0,0,0,1,0,0,0,procedimiento,0,0.56,0,0
65,1921,7,4,4375,3,1,0,0,0,0,0,0,consigna,0,0.68,1,0
65,1922,11,1,1719,3,0,0,1,0,0,0,0,aleatorio,1,0.57,2,0
65,1923,2,3,3717,2,0,0,0,0,0,0,0,inatencion,1,0.4,3,0
65,1924,17,3,3628,3,1,0,0,0,0,0,1,aleatorio,1,0.35,4,0
65,1925,6,2,2632,1,0,0,0,0,0,0,0,inatencion,1,0.25,5,0
65,1926,7,3,2772,2,1,2,0,0,0,0,1,aleatorio,1,0.15,6,0
65,1927,11,2,2421,1,1,0,0,1,0,0,0,procedimiento,0,0.73,0,0
65,1928,2,2,2623,1,0,0,0,1,0,0,0,procedimiento,0,0.72,0,0
65,1929,16,2,3395,1,1,0,0,1,0,0,0,procedimiento,0,0.71,0,0
65,1930,11,2,2316,3,0,0,0,0,0,0,0,procedimiento,0,0.61,1,0
65,1931,8,2,2362,1,0,0,0,1,0,0,0,procedimiento,0,0.7,0,0
65,1932,12,4,4287,1,0,0,0,0,0,0,0,consigna,0,0.59,1,0
65,1933,13,2,3221,1,0,0,0,1,0,0,0,procedimiento,0,0.68,0,0
65,1934,12,3,3037,1,0,0,0,1,0,0,0,procedimiento,0,0.68,0,0
65,1935,5,2,3217,1,1,0,0,1,0,0,0,procedimiento,0,0.67,0,0
65,1936,18,2,2502,1,1,1,0,1,0,0,0,procedimiento,0,0.66,0,0
65,1937,13,2,1977,1,0,0,1,1,0,0,0,procedimiento,0,0.65,0,0
65,1938,6,3,3740,1,0,0,0,0,0,0,0,conceptual,0,0.54,1,0
65,1939,3,2,3362,1,1,0,0,1,0,0,0,procedimiento,0,0.64,0,0
65,1940,9,3,3614,2,0,0,0,0,0,0,0,inatencion,0,0.53,1,0
65,1941,8,3,4201,1,0,0,0,1,0,0,0,procedimiento,0,0.62,0,0
65,1942,17,2,3781,1,0,0,0,1,0,0,0,procedimiento,0,0.61,0,0
65,1943,16,3,4079,2,0,0,0,0,0,0,0,inatencion,0,0.51,1,0
65,1944,6,3,3516,3,0,0,0,0,0,0,0,consigna,1,0.4,2,0
65,1945,3,3,3283,1,1,1,0,1,2,0,0,procedimiento,0,0.59,0,0
65,1946,2,2,4274,1,0,0,0,1,2,0,0,procedimiento,0,0.58,0,0
65,1947,12,2,2835,1,0,0,0,1,0,0,0,procedimiento,0,0.57,0,0
65,1948,15,2,4261,1,1,1,0,1,0,0,0,procedimiento,0,0.57,0,0
65,1949,16,2,2580,2,0,0,0,0,1,0,0,inatencion,0,0.46,1,0
65,1950,14,2,3186,1,1,0,0,0,1,0,2,conceptual,1,0.35,2,0
66,1951,14,3,4962,1,1,0,0,0,0,0,0,consigna,0,0.9,1,0
66,1952,8,3,3461,3,0,0,0,0,0,0,0,conceptual,1,0.79,2,0
66,1953,4,3,4322,1,1,2,0,0,0,0,0,aleatorio,1,0.4,3,0
66,1954,19,4,4741,1,0,0,0,1,0,0,0,procedimiento,0,0.97,0,0
66,1955,12,2,3509,2,0,0,0,0,0,0,0,consigna,0,0.86,1,0
66,1956,6,3,4425,3,1,1,0,0,0,0,0,conceptual,1,0.75,2,0
66,1957,8,1,1770,1,0,0,1,1,0,0,0,procedimiento,0,0.94,0,0
66,1958,13,3,5182,1,1,0,0,1,0,0,0,procedimiento,0,0.93,0,0
66,1959,15,4,5224,1,0,0,0,1,0,0,0,procedimiento,0,0.92,0,0
66,1960,7,3,4954,1,0,0,0,1,0,0,0,procedimiento,0,0.91,0,0
66,1961,15,3,3812,1,0,0,0,0,0,0,0,conceptual,0,0.8,1,0
66,1962,3,2,2505,1,0,0,0,0,0,0,1,conceptual,1,0.69,2,0
66,1963,3,2,3366,2,1,1,0,0,0,0,0,aleatorio,1,0.4,3,0
66,1964,3,2,3391,2,1,0,0,0,0,0,0,inatencion,1,0.4,4,0
66,1965,1,1,2326,1,0,0,0,1,0,0,0,procedimiento,0,0.86,0,0
66,1966,12,3,4315,1,1,0,0,0,0,0,0,conceptual,0,0.75,1,0
66,1967,4,3,5253,3,0,0,0,0,0,0,0,aleatorio,1,0.64,2,0
66,1968,2,1,2076,1,0,0,0,1,0,0,0,procedimiento,0,0.83,0,0
66,1969,17,4,5109,3,1,1,0,0,0,0,0,procedimiento,0,0.72,1,0
66,1970,2,3,3708,1,1,0,0,0,0,0,0,procedimiento,1,0.61,2,0
66,1971,4,3,4172,1,1,0,0,1,0,0,0,procedimiento,0,0.8,0,0
66,1972,6,2,4228,1,0,0,0,1,0,0,0,procedimiento,0,0.79,0,0
66,1973,17,1,1798,1,1,0,1,0,0,0,0,aleatorio,0,0.68,1,0
66,1974,2,1,3682,2,0,0,0,0,0,0,0,inatencion,1,0.57,2,0
66,1975,13,2,3614,2,0,0,0,0,0,0,0,inatencion,1,0.4,3,0
66,1976,14,2,5581,1,0,0,0,0,0,0,0,inatencion,1,0.35,4,0
66,1977,9,1,1875,1,1,0,1,0,0,0,1,aleatorio,1,0.24,5,0
66,1978,11,2,5243,2,0,0,0,0,0,0,2,aleatorio,1,0.15,6,0
66,1979,17,2,3841,2,0,0,0,0,0,0,1,inatencion,1,0.15,7,0
66,1980,17,3,4263,1,1,0,0,0,0,0,0,inatencion,1,0.15,8,0
67,1981,3,3,4515,1,0,0,0,1,0,0,0,procedimiento,0,0.84,0,0
67,1982,14,1,2395,3,0,0,0,0,0,0,0,inatencion,0,0.73,1,0
67,1983,6,2,2910,3,1,1,0,0,0,0,0,conceptual,1,0.62,2,0
67,1984,15,2,3424,1,0,0,0,0,0,0,0,inatencion,1,0.4,3,0
67,1985,4,2,3942,1,0,0,0,0,0,0,0,inatencion,1,0.4,4,0
67,1986,14,2,2671,3,0,0,0,0,0,0,0,inatencion,1,0.29,5,0
67,1987,1,2,3633,3,0,0,0,0,0,0,0,inatencion,1,0.19,6,0
67,1988,3,3,5429,2,1,0,0,0,0,0,0,inatencion,1,0.15,7,0
67,1989,8,1,2057,1,0,0,0,1,0,0,0,procedimiento,0,0.77,0,0
67,1990,7,3,4882,1,1,0,0,1,0,0,0,procedimiento,0,0.76,0,0
67,1991,3,4,4975,1,0,0,0,0,0,0,0,conceptual,0,0.65,1,0
67,1992,8,4,7015,1,0,0,0,0,0,0,0,conceptual,1,0.54,2,0
67,1993,16,1,2081,3,0,0,0,0,0,0,0,inatencion,1,0.4,3,0
67,1994,6,2,2931,1,1,0,0,1,0,0,0,procedimiento,0,0.73,0,0
67,1995,8,2,4065,2,0,0,0,0,0,0,0,conceptual,0,0.62,1,0
67,1996,3,4,6739,2,1,0,0,0,0,0,2,conceptual,1,0.51,2,0
67,1997,2,1,2303,1,1,1,0,1,0,0,0,procedimiento,0,0.7,0,0
67,1998,9,4,6710,1,0,0,0,1,0,0,0,procedimiento,0,0.69,0,0
67,1999,11,1,2648,1,0,0,0,1,0,0,0,procedimiento,0,0.69,0,0
67,2000,8,1,2365,1,0,0,0,1,0,0,0,procedimiento,0,0.68,0,0
67,2001,6,2,3187,2,1,0,0,0,0,0,0,procedimiento,0,0.57,1,0
67,2002,3,2,6049,1,1,1,0,1,0,0,0,procedimiento,0,0.66,0,0
67,2003,6,4,6921,1,0,0,0,1,0,0,0,procedimiento,0,0.65,0,0
67,2004,13,3,5017,1,1,1,0,0,0,0,0,procedimiento,0,0.54,1,0
67,2005,9,4,6048,1,1,1,0,1,0,0,0,procedimiento,0,0.64,0,0
67,2006,3,1,2735,1,0,0,0,1,0,0,0,procedimiento,0,0.63,0,0
67,2007,14,1,2781,1,1,1,0,1,0,0,0,procedimiento,0,0.62,0,0
67,2008,17,3,5626,2,0,0,0,0,0,0,0,inatencion,0,0.51,1,0
67,2009,3,1,3738,1,0,0,0,1,0,0,0,procedimiento,0,0.6,0,0
67,2010,16,3,5619,1,0,0,0,0,0,0,0,conceptual,0,0.49,1,0
68,2011,8,3,4656,2,0,0,0,0,0,0,0,inatencion,0,0.71,1,0
68,2012,5,3,4741,1,0,0,0,1,0,0,0,procedimiento,0,0.8,0,0
68,2013,12,4,5350,1,0,0,0,1,0,0,0,procedimiento,0,0.79,0,0
68,2014,5,2,3905,1,0,0,0,0,0,0,0,inatencion,0,0.68,1,0
68,2015,19,3,4353,1,1,0,0,0,0,0,1,consigna,1,0.57,2,0
68,2016,18,1,2978,1,0,0,0,1,0,0,0,procedimiento,0,0.77,0,0
68,2017,5,1,2680,1,1,1,0,1,0,0,0,procedimiento,0,0.76,0,0
68,2018,15,3,4482,1,0,0,0,1,0,0,0,procedimiento,0,0.75,0,0
68,2019,10,3,3612,1,0,0,0,1,0,0,0,procedimiento,0,0.74,0,0
68,2020,3,2,3676,1,1,0,0,0,0,0,0,inatencion,0,0.63,1,0
68,2021,11,2,2770,3,0,0,0,0,0,0,0,procedimiento,1,0.53,2,0
68,2022,12,2,2838,2,0,0,0,0,0,0,1,aleatorio,1,0.4,3,0
68,2023,10,1,3125,1,0,0,0,1,0,0,0,procedimiento,0,0.71,0,0
68,2024,19,2,4392,1,0,0,0,0,0,0,0,conceptual,0,0.6,1,0
68,2025,4,2,2953,1,0,0,0,1,0,0,0,procedimiento,0,0.69,0,0
68,2026,12,3,5730,1,0,0,0,0,0,0,0,procedimiento,0,0.59,1,0
68,2027,15,2,3961,2,1,1,0,0,0,0,0,inatencion,1,0.48,2,0
68,2028,7,2,4257,2,0,0,0,0,0,0,0,inatencion,1,0.37,3,0
68,2029,13,4,7339,1,0,0,0,0,0,0,0,inatencion,1,0.26,4,0
68,2030,15,2,4483,1,0,0,0,0,0,0,0,inatencion,1,0.15,5,0
68,2031,6,3,4270,1,1,0,0,0,0,0,0,aleatorio,1,0.15,6,0
68,2032,3,3,4401,1,0,0,0,0,0,0,0,inatencion,1,0.15,7,0
68,2033,10,2,4005,1,0,0,0,1,0,0,0,procedimiento,0,0.63,0,0
68,2034,7,3,7563,1,0,0,0,0,0,0,0,inatencion,0,0.52,1,0
68,2035,6,2,4355,1,0,0,0,1,0,0,0,procedimiento,0,0.61,0,0
68,2036,18,2,3398,1,1,2,0,0,0,0,0,procedimiento,0,0.5,1,0
68,2037,11,3,4366,2,1,0,0,0,1,0,3,inatencion,1,0.4,2,0
68,2038,8,4,6548,2,0,0,0,0,0,0,3,inatencion,1,0.29,3,0
68,2039,3,1,3331,1,0,0,0,1,1,0,0,procedimiento,0,0.58,0,0
68,2040,3,2,3919,1,1,2,0,1,1,0,0,procedimiento,0,0.57,0,0
69,2041,5,1,2308,1,1,0,0,1,0,0,0,procedimiento,0,0.63,0,0
69,2042,19,2,3175,1,0,0,0,1,0,0,0,procedimiento,0,0.63,0,0
69,2043,2,3,5027,1,0,0,0,1,0,0,0,procedimiento,0,0.62,0,0
69,2044,13,4,5843,3,1,0,0,0,0,0,0,inatencion,0,0.51,1,0
69,2045,16,1,2047,1,0,0,0,1,0,0,0,procedimiento,0,0.61,0,0
69,2046,14,3,4846,2,0,0,0,0,0,0,0,conceptual,0,0.5,1,0
69,2047,12,4,5760,1,0,0,0,1,2,0,0,procedimiento,0,0.6,0,0
69,2048,18,2,3656,1,0,0,0,1,1,0,0,procedimiento,0,0.59,0,0
69,2049,17,3,4142,1,0,0,0,1,1,0,0,procedimiento,0,0.58,0,0
69,2050,2,2,3228,1,1,0,0,0,3,0,0,procedimiento,0,0.48,1,0
69,2051,9,3,4695,1,0,0,0,1,0,0,0,procedimiento,0,0.57,0,0
69,2052,12,3,3522,1,0,0,0,1,0,0,0,procedimiento,0,0.56,0,0
69,2053,9,2,3064,1,0,0,0,1,0,0,0,procedimiento,0,0.56,0,0
69,2054,11,3,3125,1,0,0,0,0,4,0,0,procedimiento,0,0.45,1,0
69,2055,3,3,3579,1,0,0,0,1,1,0,0,procedimiento,0,0.55,0,0
69,2056,6,2,3705,1,0,0,0,1,5,0,0,procedimiento,0,0.54,0,0
69,2057,8,2,3304,2,0,0,0,0,1,0,0,procedimiento,0,0.43,1,0
69,2058,10,2,2645,2,1,1,0,0,0,0,1,conceptual,1,0.33,2,0
69,2059,16,1,2114,1,1,0,0,1,1,0,0,procedimiento,0,0.52,0,0
69,2060,14,3,3217,1,0,0,0,0,0,0,0,procedimiento,0,0.41,1,0
69,2061,17,2,2840,2,0,0,0,0,1,0,2,procedimiento,1,0.31,2,0
69,2062,2,1,4001,1,0,0,0,1,4,0,0,procedimiento,0,0.5,0,0
69,2063,6,4,6872,1,1,2,0,0,1,15,0,procedimiento,1,0.39,1,0
69,2064,5,1,2848,3,0,0,0,0,2,178,0,procedimiento,1,0.29,2,0
69,2065,1,1,3606,1,0,0,0,1,2,846,0,procedimiento,1,0.48,0,0
69,2066,10,2,3679,1,1,2,0,1,1,78,0,procedimiento,1,0.48,0,0
69,2067,13,3,3829,3,0,0,0,0,2,134,0,procedimiento,1,0.37,1,0
69,2068,9,1,2310,1,0,0,0,1,1,180,0,procedimiento,1,0.46,0,0
69,2069,9,4,5318,2,1,2,0,0,2,127,0,inatencion,1,0.36,1,0
69,2070,7,2,3925,1,0,0,0,1,1,148,0,procedimiento,1,0.45,0,0
70,2071,15,2,1665,1,0,0,1,1,5,1092,2,procedimiento,1,0.23,0,0
70,2072,14,2,2265,1,0,0,0,1,2,1001,2,procedimiento,1,0.23,0,0
70,2073,5,1,1710,1,0,0,1,1,1,1370,2,procedimiento,1,0.23,0,0
70,2074,11,1,1655,1,0,0,1,1,0,698,3,procedimiento,1,0.23,0,0
70,2075,7,1,1388,1,0,0,1,1,5,507,1,procedimiento,1,0.22,0,0
70,2076,6,4,2975,1,0,0,0,1,3,618,1,procedimiento,1,0.22,0,0
70,2077,18,3,3442,2,1,0,0,0,2,167,1,inatencion,1,0.15,1,0
70,2078,5,2,1708,1,0,0,1,1,3,86,1,procedimiento,1,0.22,0,0
70,2079,17,2,1907,3,1,2,1,0,2,21,1,inatencion,1,0.15,1,0
70,2080,14,1,1387,1,0,0,1,1,1,172,5,procedimiento,1,0.21,0,0
70,2081,13,4,3778,3,0,0,0,0,4,450,2,consigna,1,0.15,1,0
70,2082,8,3,3342,2,0,0,0,0,1,188,1,procedimiento,1,0.15,2,0
70,2083,18,4,4245,1,1,1,0,1,0,260,2,procedimiento,1,0.2,0,0
70,2084,8,2,2766,1,1,1,0,1,4,43,0,procedimiento,1,0.2,0,0
70,2085,12,3,2515,2,1,1,0,0,2,179,2,inatencion,1,0.15,1,0
70,2086,13,1,1223,1,0,0,1,1,3,92,0,procedimiento,1,0.2,0,0
70,2087,19,1,1262,3,0,0,1,0,0,155,1,aleatorio,1,0.15,1,0
70,2088,5,4,4192,1,1,1,0,1,2,2182,2,procedimiento,1,0.19,0,0
70,2089,12,3,2733,1,0,0,0,1,5,1438,2,procedimiento,1,0.19,0,0
70,2090,13,4,4138,1,1,0,0,1,6,20,2,procedimiento,1,0.19,0,0
70,2091,15,1,1298,1,0,0,1,0,3,742,2,aleatorio,1,0.15,1,0
70,2092,3,1,1550,1,0,0,1,1,2,811,1,procedimiento,1,0.18,0,0
70,2093,2,3,3933,1,1,0,0,0,1,10,1,inatencion,1,0.15,1,0
70,2094,14,2,2815,1,0,0,0,1,4,1045,2,procedimiento,1,0.18,0,0
70,2095,9,1,1322,1,0,0,1,1,2,57,1,procedimiento,1,0.18,0,0
70,2096,8,2,3072,1,1,0,0,1,2,54,1,procedimiento,1,0.17,0,0
70,2097,3,1,1668,1,0,0,1,1,3,686,6,procedimiento,1,0.17,0,0
70,2098,18,1,1836,2,0,0,1,0,2,903,0,aleatorio,1,0.15,1,0
70,2099,9,2,2292,2,0,0,0,0,0,337,2,conceptual,1,0.15,2,0
70,2100,11,3,2942,1,0,0,0,1,6,496,3,procedimiento,1,0.16,0,0
71,2101,18,3,3467,3,1,0,0,0,0,0,0,inatencion,0,0.66,1,0
71,2102,10,1,1428,2,1,0,1,0,0,0,0,aleatorio,1,0.55,2,0
71,2103,2,3,3432,1,0,0,0,0,0,0,0,inatencion,1,0.4,3,0
71,2104,10,3,3474,1,0,0,0,1,0,0,0,procedimiento,0,0.73,0,0
71,2105,1,2,1955,1,0,0,1,1,0,0,0,procedimiento,0,0.73,0,0
71,2106,14,4,3436,1,1,0,0,0,0,0,0,consigna,0,0.62,1,0
71,2107,9,2,2417,1,1,0,0,1,0,0,0,procedimiento,0,0.71,0,0
71,2108,13,3,1971,2,0,0,1,0,0,0,0,inatencion,0,0.6,1,0
71,2109,7,1,1488,1,0,0,1,0,0,0,1,aleatorio,1,0.5,2,0
71,2110,16,3,3175,3,0,0,0,0,0,0,2,inatencion,1,0.39,3,0
71,2111,6,4,3242,2,1,0,0,0,0,0,0,aleatorio,1,0.28,4,0
71,2112,13,3,2472,1,1,0,0,0,0,0,0,inatencion,1,0.17,5,0
71,2113,6,1,1282,1,1,1,1,0,0,0,1,inatencion,1,0.15,6,0
71,2114,8,4,3510,1,1,0,0,1,0,0,0,procedimiento,0,0.66,0,0
71,2115,1,3,1982,1,0,0,1,0,0,0,0,inatencion,0,0.55,1,0
71,2116,19,1,1882,2,0,0,1,0,0,0,0,aleatorio,1,0.44,2,0
71,2117,18,2,2198,1,1,2,0,1,0,0,0,procedimiento,0,0.64,0,0
71,2118,3,1,1386,1,1,0,1,0,0,0,0,aleatorio,0,0.53,1,0
71,2119,9,3,2004,1,0,0,0,0,0,0,1,conceptual,1,0.42,2,0
71,2120,16,2,1739,1,1,0,1,0,0,0,0,inatencion,1,0.31,3,0
71,2121,14,1,1443,1,0,0,1,1,0,0,0,procedimiento,0,0.61,0,0
71,2122,1,3,3882,2,1,0,0,0,0,0,0,conceptual,0,0.5,1,0
71,2123,15,1,2121,1,1,0,0,1,1,0,0,procedimiento,0,0.59,0,0
71,2124,7,4,4717,1,1,0,0,0,1,0,0,conceptual,0,0.48,1,0
71,2125,14,4,3462,3,0,0,0,0,4,0,0,inatencion,1,0.38,2,0
71,2126,16,3,3278,1,0,0,0,0,1,0,1,inatencion,1,0.27,3,0
71,2127,5,2,3080,1,1,0,0,0,0,0,0,aleatorio,1,0.16,4,0
71,2128,8,2,3388,1,0,0,0,0,2,0,1,inatencion,1,0.15,5,0
71,2129,12,1,1967,1,0,0,1,0,0,0,1,inatencion,1,0.15,6,0
71,2130,7,3,2710,1,0,0,0,0,0,0,2,inatencion,1,0.15,7,0
72,2131,7,2,3903,1,1,1,0,1,0,91,4,procedimiento,1,0.3,0,0
72,2132,10,3,4116,1,0,0,0,1,6,233,1,procedimiento,1,0.3,0,0
72,2133,9,2,3261,1,0,0,0,1,0,3697,1,procedimiento,1,0.29,0,0
72,2134,15,2,3597,1,0,0,0,1,3,2787,1,procedimiento,1,0.29,0,0
72,2135,5,1,2640,1,0,0,0,1,1,153,0,procedimiento,1,0.29,0,0
72,2136,5,3,3680,1,0,0,0,1,3,244,2,procedimiento,1,0.28,0,0
72,2137,8,2,3171,2,0,0,0,0,2,248,1,conceptual,1,0.18,1,0
72,2138,10,1,2582,1,0,0,0,1,4,278,2,procedimiento,1,0.28,0,0
72,2139,6,2,3931,1,0,0,0,1,2,280,2,procedimiento,1,0.28,0,0
72,2140,4,1,2229,1,0,0,0,1,1,29,1,procedimiento,1,0.27,0,0
72,2141,19,1,3035,1,1,3,0,1,3,12,1,procedimiento,1,0.27,0,0
72,2142,6,3,3851,2,1,0,0,0,2,158,1,procedimiento,1,0.17,1,0
72,2143,9,4,4609,1,0,0,0,0,1,1700,3,procedimiento,1,0.15,2,0
72,2144,2,3,3735,1,0,0,0,1,4,630,2,procedimiento,1,0.26,0,0
72,2145,1,1,3147,2,1,0,0,0,2,496,2,procedimiento,1,0.16,1,0
72,2146,18,3,5801,1,1,1,0,0,4,393,0,procedimiento,1,0.15,2,0
72,2147,7,3,5235,1,0,0,0,1,1,1515,1,procedimiento,1,0.25,0,0
72,2148,2,2,3068,1,0,0,0,1,2,18,1,procedimiento,1,0.25,0,0
72,2149,19,1,2397,1,0,0,0,1,3,123,0,procedimiento,1,0.25,0,0
72,2150,15,2,3934,1,0,0,0,0,4,71,1,inatencion,1,0.15,1,0
72,2151,18,2,3382,1,1,1,0,0,3,888,2,conceptual,1,0.15,2,0
72,2152,3,2,6196,1,0,0,0,1,4,1401,1,procedimiento,1,0.24,0,0
72,2153,13,3,3662,2,1,1,0,0,1,489,3,inatencion,1,0.15,1,0
72,2154,14,3,6134,1,1,1,0,1,2,360,3,procedimiento,1,0.23,0,0
72,2155,18,1,3363,1,0,0,0,0,1,2660,4,consigna,1,0.15,1,0
72,2156,2,3,8576,1,0,0,0,1,3,462,3,procedimiento,1,0.22,0,0
72,2157,16,1,3515,1,0,0,0,1,4,481,2,procedimiento,1,0.22,0,0
72,2158,8,4,6075,3,1,0,0,0,6,1092,1,procedimiento,1,0.15,1,0
72,2159,2,4,8281,1,0,0,0,0,2,84,2,procedimiento,1,0.15,2,0
72,2160,7,2,4277,1,0,0,0,1,4,325,0,procedimiento,1,0.21,0,0
73,2161,6,2,1794,1,1,0,1,0,0,0,0,inatencion,0,0.77,1,0
73,2162,13,2,1504,1,0,0,1,1,0,0,0,procedimiento,0,0.86,0,0
73,2163,1,4,2796,1,1,1,0,0,0,0,0,inatencion,0,0.75,1,0
73,2164,7,3,3204,1,0,0,0,1,0,0,0,procedimiento,0,0.84,0,0
73,2165,18,1,1319,1,0,0,1,1,0,0,0,procedimiento,0,0.83,0,0
73,2166,15,3,2577,1,1,0,0,1,0,0,0,procedimiento,0,0.82,0,0
73,2167,18,3,2438,1,1,1,0,0,0,0,0,conceptual,0,0.71,1,0
73,2168,7,4,3920,1,1,0,0,1,0,0,0,procedimiento,0,0.81,0,0
73,2169,12,1,1597,1,0,0,1,1,0,0,0,procedimiento,0,0.8,0,0
73,2170,4,3,2253,1,1,0,0,1,0,0,0,procedimiento,0,0.79,0,0
73,2171,11,2,1577,1,0,0,1,1,0,0,0,procedimiento,0,0.78,0,0
73,2172,7,2,2194,1,1,0,0,0,0,0,0,conceptual,0,0.67,1,0
73,2173,8,2,2023,1,0,0,0,1,0,0,0,procedimiento,0,0.76,0,0
73,2174,4,3,2537,2,1,0,0,0,0,0,0,inatencion,0,0.65,1,0
73,2175,6,1,1424,1,0,0,1,1,0,0,0,procedimiento,0,0.75,0,0
73,2176,7,4,3419,1,1,1,0,1,0,0,0,procedimiento,0,0.74,0,0
73,2177,15,3,2756,3,0,0,0,0,0,0,0,inatencion,0,0.63,1,0
73,2178,4,2,2147,1,0,0,0,1,0,0,0,procedimiento,0,0.72,0,0
73,2179,1,2,2504,1,1,0,0,1,0,0,0,procedimiento,0,0.71,0,0
73,2180,17,2,2467,1,1,1,0,1,0,0,0,procedimiento,0,0.7,0,0
73,2181,5,1,1738,1,0,0,1,1,0,0,0,procedimiento,0,0.69,0,0
73,2182,10,3,2325,1,0,0,0,0,0,0,0,procedimiento,0,0.58,1,0
73,2183,6,3,3603,3,0,0,0,0,0,0,1,procedimiento,1,0.48,2,0
73,2184,19,2,2838,1,0,0,0,0,0,0,1,inatencion,1,0.37,3,0
73,2185,4,3,3760,2,0,0,0,0,0,0,0,aleatorio,1,0.26,4,0
73,2186,17,4,3094,2,1,0,0,0,0,0,2,inatencion,1,0.15,5,0
73,2187,3,2,2462,1,1,0,0,0,0,0,1,aleatorio,1,0.15,6,0
73,2188,7,2,2242,1,0,0,0,1,0,0,0,procedimiento,0,0.63,0,0
73,2189,4,3,2619,1,0,0,0,1,0,0,0,procedimiento,0,0.62,0,0
73,2190,18,1,1376,1,0,0,1,1,0,0,0,procedimiento,0,0.62,0,0
74,2191,6,2,2840,1,0,0,0,1,0,0,0,procedimiento,0,0.83,0,0
74,2192,7,4,3875,1,0,0,0,1,0,0,0,procedimiento,0,0.82,0,0
74,2193,18,4,3754,1,1,0,0,1,0,0,0,procedimiento,0,0.81,0,0
74,2194,12,2,2822,1,0,0,0,0,0,0,0,procedimiento,0,0.7,1,0
74,2195,12,4,4924,1,0,0,0,1,0,0,0,procedimiento,0,0.8,0,0
74,2196,6,2,2803,1,0,0,0,1,0,0,0,procedimiento,0,0.79,0,0
74,2197,18,3,4109,1,0,0,0,0,0,0,0,inatencion,0,0.68,1,0
74,2198,5,1,1696,1,0,0,1,1,0,0,0,procedimiento,0,0.77,0,0
74,2199,13,2,1971,2,0,0,1,0,0,0,0,aleatorio,0,0.66,1,0
74,2200,9,3,2940,1,1,0,0,0,0,0,0,inatencion,1,0.55,2,0
74,2201,1,2,2378,1,0,0,0,1,0,0,0,procedimiento,0,0.75,0,0
74,2202,7,1,1953,1,1,0,1,1,0,0,0,procedimiento,0,0.74,0,0
74,2203,6,3,2890,1,1,0,0,0,0,0,0,procedimiento,0,0.63,1,0
74,2204,8,2,2790,1,0,0,0,1,0,0,0,procedimiento,0,0.72,0,0
74,2205,9,3,4070,1,0,0,0,1,0,0,0,procedimiento,0,0.71,0,0
74,2206,4,4,3653,1,0,0,0,1,0,0,0,procedimiento,0,0.7,0,0
74,2207,10,3,3809,1,0,0,0,0,0,0,0,inatencion,0,0.6,1,0
74,2208,12,4,3398,1,0,0,0,1,0,0,0,procedimiento,0,0.69,0,0
74,2209,8,2,2347,1,0,0,0,0,0,0,0,inatencion,0,0.58,1,0
74,2210,12,2,2409,1,0,0,0,1,0,0,0,procedimiento,0,0.67,0,0
74,2211,6,2,2650,1,0,0,0,1,0,0,0,procedimiento,0,0.66,0,0
74,2212,8,2,3695,1,0,0,0,0,0,0,0,procedimiento,0,0.56,1,0
74,2213,10,3,2941,1,0,0,0,1,0,0,0,procedimiento,0,0.65,0,0
74,2214,19,3,4532,1,1,0,0,1,0,0,0,procedimiento,0,0.64,0,0
74,2215,10,1,2274,1,0,0,0,1,0,0,0,procedimiento,0,0.63,0,0
74,2216,3,2,2473,1,0,0,0,1,0,0,0,procedimiento,0,0.62,0,0
74,2217,14,3,5043,1,0,0,0,1,0,0,0,procedimiento,0,0.61,0,0
74,2218,13,2,2743,1,0,0,0,1,0,0,0,procedimiento,0,0.61,0,0
74,2219,6,3,3174,1,0,0,0,1,2,0,0,procedimiento,0,0.6,0,0
74,2220,1,3,3225,1,1,1,0,0,0,0,0,aleatorio,0,0.49,1,0
75,2221,5,3,4387,1,0,0,0,1,0,0,0,procedimiento,0,0.59,0,0
75,2222,5,2,2995,2,1,0,0,0,1,0,0,inatencion,0,0.49,1,0
75,2223,13,2,4392,1,0,0,0,0,1,0,1,consigna,1,0.38,2,0
75,2224,10,3,4791,1,1,0,0,0,1,0,1,inatencion,1,0.27,3,0
75,2225,1,1,2495,1,1,0,0,1,0,0,0,procedimiento,0,0.57,0,0
75,2226,15,3,6059,1,1,1,0,0,1,0,0,procedimiento,0,0.46,1,0
75,2227,14,2,3610,3,1,0,0,0,0,0,2,procedimiento,1,0.36,2,0
75,2228,11,3,4142,1,1,0,0,0,2,0,0,inatencion,1,0.25,3,0
75,2229,13,3,3874,2,0,0,0,0,1,0,0,inatencion,1,0.15,4,0
75,2230,12,4,5629,1,0,0,0,0,1,0,0,aleatorio,1,0.15,5,0
75,2231,1,2,3782,1,0,0,0,1,3,0,0,procedimiento,0,0.53,0,0
75,2232,14,2,4156,1,1,0,0,1,2,0,0,procedimiento,0,0.53,0,0
75,2233,4,4,5172,1,0,0,0,0,0,0,0,inatencion,0,0.42,1,0
75,2234,10,2,3429,2,0,0,0,0,1,0,1,inatencion,1,0.31,2,0
75,2235,19,2,4514,1,0,0,0,0,5,0,0,aleatorio,1,0.21,3,0
75,2236,5,1,2358,1,0,0,0,1,2,0,0,procedimiento,0,0.5,0,0
75,2237,18,2,2849,1,0,0,0,1,2,224,0,procedimiento,1,0.5,0,0
75,2238,13,4,5880,1,0,0,0,1,3,62,0,procedimiento,1,0.49,0,0
75,2239,4,2,4521,1,0,0,0,1,1,653,0,procedimiento,1,0.49,0,0
75,2240,4,3,5929,1,0,0,0,0,2,701,0,consigna,1,0.38,1,0
75,2241,2,1,2669,2,0,0,0,0,0,580,1,conceptual,1,0.27,2,0
75,2242,19,3,4784,3,0,0,0,0,2,104,0,inatencion,1,0.17,3,0
75,2243,17,2,4290,1,0,0,0,0,1,94,0,aleatorio,1,0.15,4,0
75,2244,14,3,7330,1,0,0,0,0,2,247,1,inatencion,1,0.15,5,0
75,2245,11,3,5550,1,0,0,0,1,1,47,0,procedimiento,1,0.45,0,0
75,2246,1,1,2656,1,0,0,0,1,1,52,0,procedimiento,1,0.44,0,0
75,2247,8,4,6542,1,1,0,0,1,3,1857,0,procedimiento,1,0.44,0,0
75,2248,19,3,6304,1,1,0,0,1,0,329,0,procedimiento,1,0.43,0,0
75,2249,11,2,4825,1,0,0,0,0,4,548,0,conceptual,1,0.33,1,0
75,2250,6,1,4025,2,0,0,0,0,1,525,0,inatencion,1,0.22,2,0
76,2251,19,2,3070,3,1,3,0,0,0,0,0,procedimiento,0,0.79,1,0
76,2252,8,1,2338,1,0,0,0,1,0,0,0,procedimiento,0,0.88,0,0
76,2253,2,3,4209,1,0,0,0,1,0,0,0,procedimiento,0,0.87,0,0
76,2254,4,2,3884,1,1,1,0,0,0,0,0,procedimiento,0,0.76,1,0
76,2255,9,3,5278,2,1,1,0,0,0,0,0,consigna,1,0.65,2,0
76,2256,17,2,4533,1,1,0,0,0,0,0,0,inatencion,1,0.4,3,0
76,2257,9,3,4083,1,0,0,0,1,0,0,0,procedimiento,0,0.83,0,0
76,2258,7,2,4203,1,1,0,0,1,0,0,0,procedimiento,0,0.82,0,0
76,2259,10,2,3795,2,1,1,0,0,0,0,0,conceptual,0,0.72,1,0
76,2260,16,2,3533,1,0,0,0,1,0,0,0,procedimiento,0,0.81,0,0
76,2261,13,2,3445,2,0,0,0,0,0,0,0,inatencion,0,0.7,1,0
76,2262,11,3,5614,2,0,0,0,0,0,0,0,procedimiento,1,0.59,2,0
76,2263,4,1,3237,1,0,0,0,0,0,0,0,inatencion,1,0.4,3,0
76,2264,15,2,3243,1,0,0,0,1,0,0,0,procedimiento,0,0.77,0,0
76,2265,1,4,6259,1,0,0,0,1,0,0,0,procedimiento,0,0.76,0,0
76,2266,19,1,2919,1,0,0,0,1,0,0,0,procedimiento,0,0.75,0,0
76,2267,17,3,5369,1,1,3,0,0,0,0,0,aleatorio,0,0.64,1,0
76,2268,1,1,2526,1,0,0,0,1,0,0,0,procedimiento,0,0.74,0,0
76,2269,3,1,2659,1,0,0,0,1,0,0,0,procedimiento,0,0.73,0,0
76,2270,19,1,2177,1,0,0,0,1,0,0,0,procedimiento,0,0.72,0,0
76,2271,10,3,4696,1,1,2,0,1,0,0,0,procedimiento,0,0.71,0,0
76,2272,9,2,6303,2,1,1,0,0,0,0,0,consigna,0,0.6,1,0
76,2273,2,1,2855,1,0,0,0,1,0,0,0,procedimiento,0,0.69,0,0
76,2274,16,2,4072,2,0,0,0,0,0,0,0,inatencion,0,0.58,1,0
76,2275,18,1,2993,1,0,0,0,1,0,0,0,procedimiento,0,0.67,0,0
76,2276,1,3,6304,2,0,0,0,0,0,0,0,procedimiento,0,0.56,1,0
76,2277,18,2,4120,1,0,0,0,1,0,0,0,procedimiento,0,0.66,0,0
76,2278,1,1,4058,1,0,0,0,1,0,0,0,procedimiento,0,0.65,0,0
76,2279,5,2,3969,1,0,0,0,1,0,0,0,procedimiento,0,0.64,0,0
76,2280,12,1,2459,1,0,0,0,0,0,0,0,inatencion,0,0.53,1,0
77,2281,3,3,2742,2,1,0,0,0,0,0,0,consigna,0,0.55,1,0
77,2282,6,2,2884,1,0,0,0,0,0,0,0,conceptual,1,0.45,2,0
77,2283,9,3,3107,1,1,0,0,1,0,0,0,procedimiento,0,0.64,0,0
77,2284,5,2,2609,1,0,0,0,1,0,0,0,procedimiento,0,0.63,0,0
77,2285,6,2,2615,1,0,0,0,1,0,0,0,procedimiento,0,0.63,0,0
77,2286,14,4,4824,3,0,0,0,0,0,0,0,procedimiento,0,0.52,1,0
77,2287,2,1,1792,1,0,0,1,1,0,0,0,procedimiento,0,0.61,0,0
77,2288,3,1,1771,1,0,0,1,1,0,0,0,procedimiento,0,0.61,0,0
77,2289,2,3,2840,1,0,0,0,0,1,0,0,procedimiento,0,0.5,1,0
77,2290,6,3,2513,3,0,0,0,0,0,0,2,conceptual,1,0.39,2,0
77,2291,4,3,2739,2,1,0,0,0,2,0,1,inatencion,1,0.29,3,0
77,2292,10,2,3347,1,0,0,0,1,0,0,0,procedimiento,0,0.58,0,0
77,2293,8,3,3188,1,1,2,0,0,1,0,0,conceptual,0,0.47,1,0
77,2294,6,2,2425,1,0,0,0,0,1,0,1,inatencion,1,0.37,2,0
77,2295,6,3,2519,2,0,0,0,0,0,0,0,inatencion,1,0.26,3,0
77,2296,1,1,2263,1,0,0,0,1,2,0,0,procedimiento,0,0.55,0,0
77,2297,1,2,2544,3,0,0,0,0,0,0,0,inatencion,0,0.45,1,0
77,2298,4,3,2535,2,1,0,0,0,0,0,0,inatencion,1,0.34,2,0
77,2299,4,2,2595,1,0,0,0,0,2,0,2,inatencion,1,0.23,3,0
77,2300,8,2,3369,1,0,0,0,0,1,0,1,inatencion,1,0.15,4,0
77,2301,3,3,3496,1,1,2,0,1,0,0,0,procedimiento,0,0.52,0,0
77,2302,3,3,4612,2,0,0,0,0,2,0,0,conceptual,0,0.42,1,0
77,2303,18,2,3044,1,1,1,0,0,2,0,1,procedimiento,1,0.31,2,0
77,2304,17,3,3687,1,0,0,0,0,1,0,2,inatencion,1,0.2,3,0
77,2305,8,3,2894,1,1,0,0,0,3,187,1,inatencion,1,0.15,4,0
77,2306,19,4,5270,1,0,0,0,1,2,348,0,procedimiento,1,0.49,0,0
77,2307,19,4,6731,1,0,0,0,1,0,233,0,procedimiento,1,0.48,0,0
77,2308,7,4,5631,2,0,0,0,0,2,1120,0,consigna,1,0.38,1,0
77,2309,18,3,6085,1,0,0,0,1,1,307,0,procedimiento,1,0.47,0,0
77,2310,5,1,2105,1,0,0,0,1,1,214,0,procedimiento,1,0.46,0,0
78,2311,1,1,1341,1,0,0,1,1,0,0,0,procedimiento,0,0.69,0,0
78,2312,4,2,2081,1,0,0,0,0,0,0,0,conceptual,0,0.59,1,0
78,2313,3,3,3567,2,0,0,0,0,0,0,1,conceptual,1,0.48,2,0
78,2314,17,2,2052,1,0,0,0,1,0,0,0,procedimiento,0,0.67,0,0
78,2315,14,1,1272,1,0,0,1,1,0,0,0,procedimiento,0,0.66,0,0
78,2316,12,3,2808,2,0,0,0,0,0,0,0,procedimiento,0,0.56,1,0
78,2317,7,2,2102,1,0,0,0,1,0,0,0,procedimiento,0,0.65,0,0
78,2318,9,3,3395,1,0,0,0,1,0,0,0,procedimiento,0,0.64,0,0
78,2319,7,2,2117,1,0,0,0,1,0,0,0,procedimiento,0,0.64,0,0
78,2320,9,3,2526,1,1,0,0,1,0,0,0,procedimiento,0,0.63,0,0
78,2321,8,2,2056,1,0,0,0,0,0,0,0,procedimiento,0,0.52,1,0
78,2322,1,3,2026,1,1,1,0,1,0,0,0,procedimiento,0,0.62,0,0
78,2323,14,2,1712,2,1,0,1,0,0,0,0,aleatorio,0,0.51,1,0
78,2324,16,2,2179,1,0,0,0,1,0,0,0,procedimiento,0,0.6,0,0
78,2325,15,2,1905,1,0,0,1,0,1,0,0,aleatorio,0,0.5,1,0
78,2326,17,3,3145,3,1,1,0,0,0,0,0,conceptual,1,0.39,2,0
78,2327,12,1,1736,1,0,0,1,1,0,0,0,procedimiento,0,0.58,0,0
78,2328,13,3,3207,1,1,0,0,1,0,0,0,procedimiento,0,0.57,0,0
78,2329,4,2,2101,3,1,0,0,0,3,0,0,conceptual,0,0.47,1,0
78,2330,11,2,1948,1,1,0,1,1,1,0,0,procedimiento,0,0.56,0,0
78,2331,11,2,1849,1,0,0,1,1,2,0,0,procedimiento,0,0.55,0,0
78,2332,1,3,4987,1,0,0,0,0,3,0,0,procedimiento,0,0.45,1,0
78,2333,2,4,5904,2,1,1,0,0,0,0,3,procedimiento,1,0.34,2,0
78,2334,18,2,3705,1,0,0,0,1,2,0,0,procedimiento,0,0.53,0,0
78,2335,13,2,3406,3,1,2,0,0,1,0,0,conceptual,0,0.43,1,0
78,2336,16,4,4018,1,1,0,0,0,2,0,2,conceptual,1,0.32,2,0
78,2337,17,3,2402,1,0,0,0,0,3,0,2,inatencion,1,0.21,3,0
78,2338,3,3,4622,2,0,0,0,0,0,0,1,inatencion,1,0.15,4,0
78,2339,3,4,3902,1,1,0,0,1,0,621,0,procedimiento,1,0.5,0,0
78,2340,5,2,2785,1,0,0,0,1,1,234,0,procedimiento,1,0.49,0,0
79,2341,16,3,5550,2,0,0,0,0,2,0,0,conceptual,0,0.47,1,0
79,2342,10,4,5440,1,0,0,0,1,2,0,0,procedimiento,0,0.57,0,0
79,2343,11,3,5963,1,0,0,0,0,2,0,0,consigna,0,0.46,1,0
79,2344,18,1,2427,2,0,0,0,0,0,0,0,inatencion,1,0.36,2,0
79,2345,8,4,6169,1,1,0,0,1,0,0,0,procedimiento,0,0.55,0,0
79,2346,12,3,5387,1,1,0,0,0,1,0,0,conceptual,0,0.44,1,0
79,2347,11,4,5023,1,1,0,0,0,2,0,0,inatencion,1,0.34,2,0
79,2348,18,1,3115,1,0,0,0,1,2,0,0,procedimiento,0,0.53,0,0
79,2349,16,1,2234,1,0,0,0,0,1,0,0,consigna,0,0.43,1,0
79,2350,6,2,3145,1,1,0,0,1,3,0,0,procedimiento,0,0.52,0,0
79,2351,14,4,5882,1,0,0,0,1,1,0,0,procedimiento,0,0.52,0,0
79,2352,17,3,4755,1,0,0,0,1,5,0,0,procedimiento,0,0.51,0,0
79,2353,11,2,2911,2,1,1,0,0,0,0,0,conceptual,0,0.4,1,0
79,2354,6,3,5824,1,1,0,0,1,3,175,0,procedimiento,1,0.5,0,0
79,2355,1,3,4668,1,0,0,0,1,2,463,0,procedimiento,1,0.49,0,0
79,2356,9,2,4333,1,0,0,0,1,0,185,0,procedimiento,1,0.49,0,0
79,2357,2,3,5490,1,0,0,0,0,0,183,0,consigna,1,0.38,1,0
79,2358,14,3,5817,1,1,0,0,1,2,93,0,procedimiento,1,0.48,0,0
79,2359,5,1,2301,1,0,0,0,0,4,226,0,inatencion,1,0.37,1,0
79,2360,4,2,3180,2,0,0,0,0,1,16,1,inatencion,1,0.26,2,0
79,2361,9,3,6172,1,0,0,0,1,2,94,0,procedimiento,1,0.46,0,0
79,2362,4,3,5479,3,0,0,0,0,0,1004,0,procedimiento,1,0.35,1,0
79,2363,3,4,7307,3,1,0,0,0,3,503,0,inatencion,1,0.25,2,0
79,2364,3,2,5587,1,0,0,0,1,2,316,0,procedimiento,1,0.44,0,0
79,2365,5,3,8028,2,0,0,0,0,1,453,0,conceptual,1,0.34,1,0
79,2366,3,3,4947,1,0,0,0,0,1,88,0,inatencion,1,0.23,2,0
79,2367,13,2,4341,1,1,0,0,1,2,1261,0,procedimiento,1,0.42,0,0
79,2368,3,2,3732,3,1,0,0,0,1,2358,0,conceptual,1,0.32,1,0
79,2369,9,2,5466,1,0,0,0,0,1,11,2,procedimiento,1,0.21,2,0
79,2370,9,1,3049,1,0,0,0,1,2,251,0,procedimiento,1,0.41,0,0
80,2371,19,3,4459,1,1,1,0,0,1,21,0,procedimiento,1,0.39,1,0
80,2372,11,4,4219,1,1,1,0,0,1,370,1,inatencion,1,0.28,2,0
80,2373,14,2,3623,1,1,0,0,1,4,25,0,procedimiento,1,0.48,0,0
80,2374,6,3,2882,1,1,0,0,1,3,61,0,procedimiento,1,0.47,0,0
80,2375,11,1,1756,1,0,0,1,1,2,186,0,procedimiento,1,0.47,0,0
80,2376,4,1,1915,1,0,0,1,1,3,252,0,procedimiento,1,0.46,0,0
80,2377,8,4,4884,2,1,1,0,0,1,974,0,procedimiento,1,0.36,1,0
80,2378,8,2,2886,1,0,0,0,1,2,593,0,procedimiento,1,0.45,0,0
80,2379,4,1,2005,1,0,0,0,1,1,567,0,procedimiento,1,0.45,0,0
80,2380,16,4,4496,3,0,0,0,0,4,186,0,conceptual,1,0.34,1,0
80,2381,1,2,3059,1,0,0,0,1,0,1205,0,procedimiento,1,0.44,0,0
80,2382,9,3,3401,2,1,1,0,0,1,1177,0,conceptual,1,0.33,1,0
80,2383,17,2,2549,1,0,0,0,1,3,663,0,procedimiento,1,0.43,0,0
80,2384,17,1,1828,1,0,0,1,1,0,266,0,procedimiento,1,0.42,0,0
80,2385,5,4,5761,1,1,0,0,1,2,12,0,procedimiento,1,0.42,0,0
80,2386,3,1,2711,1,0,0,0,1,4,0,0,procedimiento,1,0.41,0,0
80,2387,2,3,4101,1,0,0,0,1,4,238,0,procedimiento,1,0.41,0,0
80,2388,3,2,3987,2,1,0,0,0,3,1022,0,conceptual,1,0.3,1,0
80,2389,14,3,2959,2,1,0,0,0,2,160,2,consigna,1,0.2,2,0
80,2390,11,3,2957,2,0,0,0,0,3,78,2,inatencion,1,0.15,3,0
80,2391,17,1,2726,2,0,0,0,0,1,378,1,inatencion,1,0.15,4,0
80,2392,10,3,3523,1,1,0,0,1,3,1181,0,procedimiento,1,0.38,0,0
80,2393,17,3,3963,1,0,0,0,1,3,130,0,procedimiento,1,0.38,0,0
80,2394,17,4,6146,1,0,0,0,1,2,55,1,procedimiento,1,0.38,0,0
80,2395,12,2,3773,1,1,0,0,1,3,102,2,procedimiento,1,0.37,0,0
80,2396,8,2,4649,1,0,0,0,0,2,148,4,aleatorio,1,0.27,1,0
80,2397,8,2,2679,1,1,0,0,1,3,259,0,procedimiento,1,0.36,0,0
80,2398,10,1,2456,3,0,0,0,0,2,89,2,consigna,1,0.26,1,0
80,2399,1,3,4551,1,1,0,0,0,0,815,1,conceptual,1,0.15,2,0
80,2400,16,1,2238,1,1,0,0,1,1,707,1,procedimiento,1,0.35,0,0
81,2401,13,2,1883,2,0,0,1,0,0,0,0,inatencion,0,0.85,1,0
81,2402,12,1,1502,1,0,0,1,1,0,0,0,procedimiento,0,0.94,0,0
81,2403,17,1,1555,1,0,0,1,1,0,0,0,procedimiento,0,0.93,0,0
81,2404,14,1,1437,2,1,0,1,0,0,0,0,aleatorio,0,0.82,1,0
81,2405,13,1,1298,1,1,0,1,1,0,0,0,procedimiento,0,0.91,0,0
81,2406,7,4,3061,2,0,0,0,0,0,0,0,consigna,0,0.8,1,0
81,2407,13,2,1869,2,1,0,1,0,0,0,0,aleatorio,1,0.69,2,0
81,2408,4,4,2656,1,0,0,0,0,0,0,0,inatencion,1,0.4,3,0
81,2409,5,2,1937,1,1,1,1,0,0,0,0,inatencion,1,0.4,4,0
81,2410,8,4,2838,1,0,0,0,1,0,0,0,procedimiento,0,0.86,0,0
81,2411,13,4,3177,1,0,0,0,0,0,0,0,procedimiento,0,0.75,1,0
81,2412,1,4,3654,1,0,0,0,1,0,0,0,procedimiento,0,0.84,0,0
81,2413,10,2,1731,1,0,0,1,0,0,0,0,inatencion,0,0.73,1,0
81,2414,7,3,2093,1,1,2,0,0,0,0,4,inatencion,1,0.62,2,0
81,2415,18,1,1711,1,0,0,1,1,0,0,0,procedimiento,0,0.81,0,0
81,2416,4,3,2560,1,0,0,0,1,0,0,0,procedimiento,0,0.8,0,0
81,2417,11,2,2473,1,0,0,0,1,0,0,0,procedimiento,0,0.8,0,0
81,2418,11,4,2689,1,1,0,0,0,0,0,0,conceptual,0,0.69,1,0
81,2419,16,3,1942,1,1,0,1,1,0,0,0,procedimiento,0,0.78,0,0
81,2420,4,3,2285,2,0,0,0,0,0,0,0,conceptual,0,0.67,1,0
81,2421,19,3,2355,1,1,0,0,0,0,0,3,conceptual,1,0.56,2,0
81,2422,3,2,2997,2,0,0,0,0,0,0,0,inatencion,1,0.4,3,0
81,2423,18,3,2631,1,1,0,0,1,0,0,0,procedimiento,0,0.74,0,0
81,2424,11,2,2074,3,0,0,0,0,0,0,0,consigna,0,0.63,1,0
81,2425,5,3,3296,3,1,0,0,0,0,0,0,aleatorio,1,0.52,2,0
81,2426,4,4,3080,2,0,0,0,0,0,0,3,aleatorio,1,0.4,3,0
81,2427,10,2,1670,3,0,0,1,0,0,0,1,aleatorio,1,0.3,4,0
81,2428,14,2,2165,2,0,0,0,0,0,0,0,inatencion,1,0.19,5,0
81,2429,18,3,2876,2,0,0,0,0,0,0,1,inatencion,1,0.15,6,0
81,2430,13,2,2563,2,0,0,0,0,0,0,1,aleatorio,1,0.15,7,0
82,2431,9,2,3110,1,0,0,0,1,1,0,0,procedimiento,0,0.55,0,0
82,2432,12,3,4110,1,0,0,0,1,0,0,0,procedimiento,0,0.55,0,0
82,2433,4,4,6064,2,1,3,0,0,1,0,0,inatencion,0,0.44,1,0
82,2434,14,4,4362,1,0,0,0,1,3,0,0,procedimiento,0,0.54,0,0
82,2435,5,4,4625,1,1,2,0,0,2,0,0,inatencion,0,0.43,1,0
82,2436,16,1,2323,1,0,0,0,1,1,0,0,procedimiento,0,0.52,0,0
82,2437,8,4,5629,1,0,0,0,1,2,0,0,procedimiento,0,0.52,0,0
82,2438,14,2,2948,1,0,0,0,1,2,0,0,procedimiento,0,0.51,0,0
82,2439,19,4,5219,1,0,0,0,1,1,0,0,procedimiento,0,0.51,0,0
82,2440,10,3,3428,1,1,1,0,0,1,0,0,inatencion,0,0.4,1,0
82,2441,13,2,3683,1,0,0,0,1,0,783,0,procedimiento,1,0.5,0,0
82,2442,15,2,3602,3,1,0,0,0,2,105,0,conceptual,1,0.39,1,0
82,2443,9,1,2402,1,1,0,0,1,3,1269,0,procedimiento,1,0.49,0,0
82,2444,18,1,2414,1,1,0,0,1,0,257,0,procedimiento,1,0.48,0,0
82,2445,13,2,2904,1,0,0,0,0,3,242,0,conceptual,1,0.37,1,0
82,2446,4,1,2578,1,0,0,0,1,0,405,0,procedimiento,1,0.47,0,0
82,2447,3,2,3686,1,0,0,0,1,1,405,0,procedimiento,1,0.46,0,0
82,2448,8,2,3898,1,0,0,0,1,2,308,0,procedimiento,1,0.46,0,0
82,2449,3,2,3809,2,0,0,0,0,1,311,0,conceptual,1,0.35,1,0
82,2450,18,2,2724,2,0,0,0,0,1,224,0,conceptual,1,0.25,2,0
82,2451,12,2,2291,1,0,0,0,1,2,504,0,procedimiento,1,0.44,0,0
82,2452,14,2,4654,2,0,0,0,0,1,95,0,procedimiento,1,0.34,1,0
82,2453,13,4,6292,1,1,1,0,1,1,74,0,procedimiento,1,0.43,0,0
82,2454,14,1,3009,1,0,0,0,1,3,665,0,procedimiento,1,0.42,0,0
82,2455,7,3,6933,1,1,1,0,0,1,910,0,inatencion,1,0.32,1,0
82,2456,14,2,2830,3,0,0,0,0,1,396,2,inatencion,1,0.21,2,0
82,2457,14,4,6110,1,1,1,0,1,4,76,0,procedimiento,1,0.41,0,0
82,2458,17,4,7606,1,0,0,0,0,0,305,0,procedimiento,1,0.3,1,0
82,2459,1,2,3414,1,0,0,0,1,0,66,2,procedimiento,1,0.4,0,0
82,2460,5,4,5269,1,1,0,0,1,2,272,1,procedimiento,1,0.39,0,0
83,2461,1,4,5001,1,0,0,0,1,0,0,0,procedimiento,0,0.78,0,0
83,2462,4,1,2985,1,0,0,0,1,0,0,0,procedimiento,0,0.78,0,0
83,2463,18,2,2517,1,0,0,0,0,0,0,0,procedimiento,0,0.67,1,0
83,2464,19,3,4287,2,1,0,0,0,0,0,0,consigna,1,0.56,2,0
83,2465,12,1,2792,1,0,0,0,1,0,0,0,procedimiento,0,0.75,0,0
83,2466,2,2,4000,1,1,0,0,0,0,0,0,conceptual,0,0.64,1,0
83,2467,18,3,3984,2,1,0,0,0,0,0,0,conceptual,1,0.54,2,0
83,2468,7,2,2842,2,1,0,0,0,0,0,1,inatencion,1,0.4,3,0
83,2469,7,2,2920,1,1,0,0,0,0,0,0,aleatorio,1,0.32,4,0
83,2470,9,2,3156,1,1,0,0,0,0,0,0,inatencion,1,0.21,5,0
83,2471,6,2,3455,1,0,0,0,0,0,0,2,aleatorio,1,0.15,6,0
83,2472,5,2,3380,1,0,0,0,0,0,0,0,inatencion,1,0.15,7,0
83,2473,4,3,3312,1,1,0,0,1,0,0,0,procedimiento,0,0.69,0,0
83,2474,7,3,3570,1,0,0,0,0,0,0,0,inatencion,0,0.58,1,0
83,2475,12,3,4530,3,1,0,0,0,0,0,3,consigna,1,0.47,2,0
83,2476,9,1,2485,2,0,0,0,0,0,0,1,inatencion,1,0.37,3,0
83,2477,2,3,3522,1,0,0,0,0,0,0,1,aleatorio,1,0.26,4,0
83,2478,3,3,3682,2,1,0,0,0,0,0,0,aleatorio,1,0.15,5,0
83,2479,10,3,4924,1,0,0,0,0,0,0,0,inatencion,1,0.15,6,0
83,2480,16,3,3204,1,0,0,0,0,0,0,0,inatencion,1,0.15,7,0
83,2481,4,2,3918,1,0,0,0,1,0,0,0,procedimiento,0,0.63,0,0
83,2482,17,2,4168,1,0,0,0,0,0,0,0,procedimiento,0,0.52,1,0
83,2483,9,2,4173,1,0,0,0,1,0,0,0,procedimiento,0,0.61,0,0
83,2484,13,2,3225,2,0,0,0,0,0,0,0,conceptual,0,0.5,1,0
83,2485,1,3,6026,1,1,0,0,1,2,0,0,procedimiento,0,0.6,0,0
83,2486,2,3,4013,1,1,0,0,1,0,0,0,procedimiento,0,0.59,0,0
83,2487,12,1,2342,1,0,0,0,1,0,0,0,procedimiento,0,0.58,0,0
83,2488,19,2,3879,1,0,0,0,1,3,0,0,procedimiento,0,0.57,0,0
83,2489,1,4,6240,1,0,0,0,0,1,0,0,procedimiento,0,0.46,1,0
83,2490,5,2,3936,2,0,0,0,0,4,0,0,inatencion,1,0.36,2,0
84,2491,19,3,4022,1,0,0,0,1,0,0,0,procedimiento,0,0.8,0,0
84,2492,14,2,2694,1,0,0,0,1,0,0,0,procedimiento,0,0.79,0,0
84,2493,5,2,3447,1,0,0,0,1,0,0,0,procedimiento,0,0.78,0,0
84,2494,9,1,2034,1,0,0,0,0,0,0,0,inatencion,0,0.67,1,0
84,2495,4,2,2434,1,0,0,0,1,0,0,0,procedimiento,0,0.77,0,0
84,2496,17,3,3794,1,0,0,0,0,0,0,0,conceptual,0,0.66,1,0
84,2497,11,1,2632,1,1,0,0,1,0,0,0,procedimiento,0,0.75,0,0
84,2498,17,2,2683,1,0,0,0,1,0,0,0,procedimiento,0,0.74,0,0
84,2499,3,2,3301,1,0,0,0,1,0,0,0,procedimiento,0,0.73,0,0
84,2500,13,2,3309,1,1,0,0,1,0,0,0,procedimiento,0,0.73,0,0
84,2501,17,2,2673,1,0,0,0,0,0,0,0,conceptual,0,0.62,1,0
84,2502,17,1,2181,1,0,0,0,1,0,0,0,procedimiento,0,0.71,0,0
84,2503,15,1,2372,1,0,0,0,1,0,0,0,procedimiento,0,0.7,0,0
84,2504,13,2,3551,1,0,0,0,1,0,0,0,procedimiento,0,0.69,0,0
84,2505,4,1,2604,1,0,0,0,1,0,0,0,procedimiento,0,0.69,0,0
84,2506,4,3,3755,1,1,0,0,0,0,0,0,procedimiento,0,0.58,1,0
84,2507,16,2,3782,1,0,0,0,1,0,0,0,procedimiento,0,0.67,0,0
84,2508,6,1,2582,1,0,0,0,1,0,0,0,procedimiento,0,0.66,0,0
84,2509,19,3,2797,1,0,0,0,1,0,0,0,procedimiento,0,0.65,0,0
84,2510,4,3,3503,2,1,1,0,0,0,0,0,conceptual,0,0.55,1,0
84,2511,4,3,4089,1,1,0,0,0,0,0,1,conceptual,1,0.44,2,0
84,2512,16,4,5472,1,0,0,0,1,0,0,0,procedimiento,0,0.63,0,0
84,2513,14,2,3815,1,0,0,0,0,0,0,0,procedimiento,0,0.52,1,0
84,2514,3,2,4202,1,1,0,0,0,0,0,1,inatencion,1,0.41,2,0
84,2515,14,2,3302,2,1,1,0,0,0,0,0,aleatorio,1,0.31,3,0
84,2516,2,2,3599,1,1,0,0,1,0,0,0,procedimiento,0,0.6,0,0
84,2517,7,3,6065,1,0,0,0,1,0,0,0,procedimiento,0,0.59,0,0
84,2518,15,2,2663,1,1,0,0,1,1,0,0,procedimiento,0,0.58,0,0
84,2519,10,4,6454,1,0,0,0,1,3,0,0,procedimiento,0,0.57,0,0
84,2520,8,4,5816,1,0,0,0,1,3,0,0,procedimiento,0,0.57,0,0
85,2521,17,2,2600,1,0,0,0,1,2,120,0,procedimiento,1,0.42,0,0
85,2522,2,3,2886,3,1,0,0,0,4,585,0,inatencion,1,0.32,1,0
85,2523,14,2,2698,2,1,1,0,0,1,366,1,conceptual,1,0.21,2,0
85,2524,5,2,2201,1,0,0,0,1,3,453,0,procedimiento,1,0.41,0,0
85,2525,9,2,2411,3,0,0,0,0,1,969,0,inatencion,1,0.31,1,0
85,2526,17,1,1645,1,1,0,1,0,2,1295,0,aleatorio,1,0.2,2,0
85,2527,11,2,2702,1,1,0,0,1,3,1225,1,procedimiento,1,0.4,0,0
85,2528,12,1,2005,1,0,0,0,0,4,621,0,conceptual,1,0.29,1,0
85,2529,10,2,3010,2,1,0,0,0,1,73,1,consigna,1,0.19,2,0
85,2530,18,2,2021,1,1,0,0,0,4,962,2,inatencion,1,0.15,3,0
85,2531,12,2,2738,1,0,0,0,1,3,4,0,procedimiento,1,0.38,0,0
85,2532,4,2,2433,1,0,0,0,0,3,102,2,inatencion,1,0.28,1,0
85,2533,6,3,2650,1,0,0,0,0,4,114,1,consigna,1,0.17,2,0
85,2534,5,2,1896,1,0,0,1,0,5,1123,1,aleatorio,1,0.15,3,0
85,2535,3,3,3277,2,1,1,0,0,2,230,2,aleatorio,1,0.15,4,0
85,2536,15,3,3697,1,1,0,0,1,1,295,2,procedimiento,1,0.36,0,0
85,2537,6,2,1866,1,0,0,1,1,3,0,2,procedimiento,1,0.35,0,0
85,2538,7,1,1539,1,0,0,1,0,1,414,1,aleatorio,1,0.25,1,0
85,2539,2,1,2148,1,0,0,0,0,1,831,3,procedimiento,1,0.15,2,0
85,2540,18,2,1902,1,1,0,1,0,4,152,0,inatencion,1,0.15,3,0
85,2541,9,1,1573,1,0,0,1,1,2,139,4,procedimiento,1,0.34,0,0
85,2542,14,1,1631,1,1,0,1,1,1,182,2,procedimiento,1,0.33,0,0
85,2543,4,3,4263,3,1,2,0,0,3,126,2,inatencion,1,0.23,1,0
85,2544,10,2,2377,1,1,2,0,0,5,83,2,inatencion,1,0.15,2,0
85,2545,4,2,2846,1,1,0,0,0,1,823,2,inatencion,1,0.15,3,0
85,2546,15,3,4116,1,1,0,0,0,3,72,2,inatencion,1,0.15,4,0
85,2547,10,1,1548,1,0,0,1,1,1,864,0,procedimiento,1,0.31,0,0
85,2548,12,3,3749,1,1,2,0,0,0,92,0,aleatorio,1,0.21,1,0
85,2549,2,2,2724,1,0,0,0,0,1,924,1,inatencion,1,0.15,2,0
85,2550,2,2,3776,1,1,0,0,0,1,32,2,aleatorio,1,0.15,3,0
86,2551,8,3,3251,1,1,0,0,1,2,173,1,procedimiento,1,0.27,0,0
86,2552,17,1,1735,2,0,0,1,0,2,68,0,aleatorio,1,0.16,1,0
86,2553,3,3,3025,1,0,0,0,0,0,204,4,inatencion,1,0.15,2,0
86,2554,10,2,2276,3,1,0,0,0,3,83,0,inatencion,1,0.15,3,0
86,2555,13,2,3131,1,1,0,0,0,1,702,1,aleatorio,1,0.15,4,0
86,2556,12,2,2328,1,1,0,0,0,1,459,1,inatencion,1,0.15,5,0
86,2557,1,3,4031,2,1,0,0,0,0,514,0,inatencion,1,0.15,6,0
86,2558,12,3,2459,1,1,2,0,0,2,1012,0,inatencion,1,0.15,7,0
86,2559,3,1,2332,3,0,0,0,0,1,139,2,aleatorio,1,0.15,8,0
86,2560,8,3,3317,2,1,1,0,0,2,12,3,inatencion,1,0.15,9,0
86,2561,9,3,2730,2,1,0,0,0,0,93,1,inatencion,1,0.15,10,0
86,2562,5,3,4090,3,1,0,0,0,0,306,1,aleatorio,1,0.15,11,0
86,2563,6,2,2340,1,0,0,0,1,4,1484,5,procedimiento,1,0.23,0,0
86,2564,18,2,3107,1,1,0,0,1,1,864,2,procedimiento,1,0.23,0,0
86,2565,16,2,2826,3,0,0,0,0,1,1155,1,consigna,1,0.15,1,0
86,2566,8,2,2229,1,1,0,0,1,1,691,0,procedimiento,1,0.23,0,0
86,2567,15,2,2079,1,0,0,0,0,3,1398,2,conceptual,1,0.15,1,0
86,2568,13,1,2153,3,1,0,0,0,4,61,1,inatencion,1,0.15,2,0
86,2569,3,4,4509,1,0,0,0,1,1,621,0,procedimiento,1,0.22,0,0
86,2570,2,1,2287,1,0,0,0,0,0,82,4,consigna,1,0.15,1,0
86,2571,15,2,3301,1,1,0,0,0,4,1450,2,conceptual,1,0.15,2,0
86,2572,1,2,2652,1,1,1,0,1,4,498,1,procedimiento,1,0.21,0,0
86,2573,7,2,2552,1,0,0,0,1,1,1763,2,procedimiento,1,0.21,0,0
86,2574,17,3,3035,3,1,0,0,0,2,1044,2,inatencion,1,0.15,1,0
86,2575,4,3,3492,2,0,0,0,0,4,1096,3,procedimiento,1,0.15,2,0
86,2576,13,2,2705,1,0,0,0,1,4,402,4,procedimiento,1,0.2,0,0
86,2577,11,2,3191,1,1,0,0,0,2,563,0,consigna,1,0.15,1,0
86,2578,4,3,4415,1,0,0,0,0,1,1277,1,inatencion,1,0.15,2,0
86,2579,6,3,2790,3,0,0,0,0,3,946,1,aleatorio,1,0.15,3,0
86,2580,9,3,3916,1,1,0,0,0,4,101,2,aleatorio,1,0.15,4,0
87,2581,11,1,1752,1,0,0,1,0,0,0,0,aleatorio,0,0.73,1,0
87,2582,19,3,4832,1,1,1,0,0,0,0,0,procedimiento,1,0.62,2,0
87,2583,3,2,3762,2,1,0,0,0,0,0,1,inatencion,1,0.4,3,0
87,2584,19,1,2616,1,0,0,0,0,0,0,0,aleatorio,1,0.4,4,0
87,2585,13,1,2126,1,0,0,0,1,0,0,0,procedimiento,0,0.8,0,0
87,2586,11,2,2313,2,1,1,0,0,0,0,0,conceptual,0,0.69,1,0
87,2587,19,2,3221,2,0,0,0,0,0,0,0,inatencion,1,0.58,2,0
87,2588,19,2,3637,1,1,0,0,0,0,0,1,inatencion,1,0.4,3,0
87,2589,16,1,2095,1,0,0,0,1,0,0,0,procedimiento,0,0.76,0,0
87,2590,11,3,3248,1,0,0,0,1,0,0,0,procedimiento,0,0.76,0,0
87,2591,7,2,3596,1,0,0,0,0,0,0,0,procedimiento,0,0.65,1,0
87,2592,10,2,2551,1,0,0,0,1,0,0,0,procedimiento,0,0.74,0,0
87,2593,6,3,4010,2,0,0,0,0,0,0,0,consigna,0,0.63,1,0
87,2594,8,4,4119,2,1,1,0,0,0,0,1,procedimiento,1,0.52,2,0
87,2595,5,1,1905,1,1,0,1,0,0,0,1,aleatorio,1,0.4,3,0
87,2596,15,3,4576,1,0,0,0,0,0,0,0,inatencion,1,0.31,4,0
87,2597,13,2,3086,1,1,0,0,1,0,0,0,procedimiento,0,0.7,0,0
87,2598,19,3,4290,1,1,0,0,0,0,0,0,procedimiento,0,0.59,1,0
87,2599,18,2,3317,2,0,0,0,0,0,0,2,conceptual,1,0.48,2,0
87,2600,13,1,2385,1,0,0,0,1,0,0,0,procedimiento,0,0.67,0,0
87,2601,11,4,4886,2,0,0,0,0,0,0,0,consigna,0,0.56,1,0
87,2602,4,2,3759,1,1,2,0,1,0,0,0,procedimiento,0,0.66,0,0
87,2603,3,4,5313,2,1,0,0,0,0,0,0,procedimiento,0,0.55,1,0
87,2604,3,3,4255,1,1,0,0,0,0,0,2,conceptual,1,0.44,2,0
87,2605,16,3,4483,1,1,2,0,1,0,0,0,procedimiento,0,0.63,0,0
87,2606,9,3,4879,1,1,0,0,0,0,0,0,conceptual,0,0.52,1,0
87,2607,9,2,3674,3,0,0,0,0,0,0,0,aleatorio,1,0.41,2,0
87,2608,6,2,4821,2,1,0,0,0,0,0,0,inatencion,1,0.31,3,0
87,2609,15,3,4857,1,1,0,0,1,1,0,0,procedimiento,0,0.6,0,0
87,2610,12,4,6630,1,0,0,0,0,1,0,0,conceptual,0,0.49,1,0
88,2611,18,2,2562,1,0,0,0,1,0,0,0,procedimiento,0,0.84,0,0
88,2612,4,1,1700,2,0,0,1,0,0,0,0,inatencion,0,0.73,1,0
88,2613,16,2,1649,2,0,0,1,0,0,0,2,inatencion,1,0.63,2,0
88,2614,18,1,1414,1,0,0,1,1,0,0,0,procedimiento,0,0.82,0,0
88,2615,4,2,2570,1,0,0,0,0,0,0,0,inatencion,0,0.71,1,0
88,2616,18,3,2293,1,0,0,0,0,0,0,0,inatencion,1,0.6,2,0
88,2617,18,2,1637,1,0,0,1,1,0,0,0,procedimiento,0,0.79,0,0
88,2618,2,2,2267,3,0,0,0,0,0,0,0,procedimiento,0,0.68,1,0
88,2619,15,3,2852,1,0,0,0,0,0,0,1,conceptual,1,0.58,2,0
88,2620,11,1,1433,1,0,0,1,0,0,0,1,aleatorio,1,0.4,3,0
88,2621,17,1,1531,2,0,0,1,0,0,0,0,inatencion,1,0.36,4,0
88,2622,6,3,2572,1,1,1,0,0,0,0,0,inatencion,1,0.25,5,0
88,2623,14,4,3290,2,1,0,0,0,0,0,0,aleatorio,1,0.15,6,0
88,2624,6,1,1918,1,0,0,1,1,0,0,0,procedimiento,0,0.73,0,0
88,2625,9,2,2390,2,1,1,0,0,0,0,0,procedimiento,0,0.62,1,0
88,2626,10,3,2146,1,1,0,0,1,0,0,0,procedimiento,0,0.72,0,0
88,2627,10,2,2105,1,1,1,0,0,0,0,0,conceptual,0,0.61,1,0
88,2628,11,1,1280,3,1,0,1,0,0,0,0,aleatorio,1,0.5,2,0
88,2629,1,3,2788,2,0,0,0,0,0,0,0,inatencion,1,0.39,3,0
88,2630,2,1,1582,1,0,0,1,0,0,0,2,aleatorio,1,0.28,4,0
88,2631,7,2,1977,3,1,0,1,0,0,0,1,aleatorio,1,0.17,5,0
88,2632,11,4,4222,2,1,2,0,0,0,0,1,aleatorio,1,0.15,6,0
88,2633,10,2,3126,1,0,0,0,0,0,0,0,aleatorio,1,0.15,7,0
88,2634,16,4,3389,1,0,0,0,1,0,0,0,procedimiento,0,0.65,0,0
88,2635,14,3,4655,3,1,2,0,0,0,0,0,conceptual,0,0.54,1,0
88,2636,17,2,2783,1,1,0,0,1,0,0,0,procedimiento,0,0.63,0,0
88,2637,3,1,1860,2,0,0,1,0,0,0,0,aleatorio,0,0.52,1,0
88,2638,4,1,1654,2,0,0,1,0,0,0,2,aleatorio,1,0.42,2,0
88,2639,3,3,4170,1,0,0,0,0,0,0,0,inatencion,1,0.31,3,0
88,2640,17,4,5983,2,1,0,0,0,1,0,0,inatencion,1,0.2,4,0
89,2641,11,3,3334,1,1,0,0,0,3,0,0,procedimiento,0,0.41,1,0
89,2642,13,2,2842,1,0,0,0,1,0,0,0,procedimiento,0,0.51,0,0
89,2643,8,2,3462,1,0,0,0,1,3,0,0,procedimiento,0,0.5,0,0
89,2644,6,1,2410,1,0,0,0,1,3,66,0,procedimiento,1,0.5,0,0
89,2645,4,1,1943,3,0,0,1,0,2,223,0,inatencion,1,0.39,1,0
89,2646,19,3,5059,1,1,0,0,1,1,3,0,procedimiento,1,0.49,0,0
89,2647,5,4,4139,1,0,0,0,0,2,177,0,procedimiento,1,0.38,1,0
89,2648,12,3,3183,1,0,0,0,0,2,75,2,consigna,1,0.28,2,0
89,2649,18,3,3986,3,1,2,0,0,3,275,2,inatencion,1,0.17,3,0
89,2650,18,2,2589,1,0,0,0,1,0,1047,0,procedimiento,1,0.47,0,0
89,2651,4,3,4744,1,1,0,0,0,0,391,0,consigna,1,0.36,1,0
89,2652,7,2,2947,1,0,0,0,1,4,88,0,procedimiento,1,0.46,0,0
89,2653,6,3,3702,2,0,0,0,0,1,17,0,consigna,1,0.35,1,0
89,2654,17,2,2354,1,0,0,0,1,0,561,0,procedimiento,1,0.45,0,0
89,2655,12,3,3841,2,0,0,0,0,0,366,0,conceptual,1,0.34,1,0
89,2656,5,3,3005,1,0,0,0,1,4,2237,0,procedimiento,1,0.43,0,0
89,2657,15,2,3461,2,0,0,0,0,3,903,0,conceptual,1,0.33,1,0
89,2658,17,1,2717,1,0,0,0,1,2,1,0,procedimiento,1,0.42,0,0
89,2659,7,4,5845,2,0,0,0,0,5,13,0,inatencion,1,0.32,1,0
89,2660,2,2,2899,2,1,0,0,0,2,770,1,consigna,1,0.21,2,0
89,2661,19,2,2371,1,0,0,0,0,3,2085,2,inatencion,1,0.15,3,0
89,2662,14,2,3342,1,1,1,0,0,4,455,2,aleatorio,1,0.15,4,0
89,2663,1,3,4775,2,1,1,0,0,1,227,1,inatencion,1,0.15,5,0
89,2664,6,3,6675,2,1,0,0,0,2,145,0,aleatorio,1,0.15,6,0
89,2665,18,2,3461,1,1,0,0,1,2,1767,0,procedimiento,1,0.39,0,0
89,2666,17,4,5970,1,1,0,0,0,4,232,2,inatencion,1,0.28,1,0
89,2667,2,2,3410,1,0,0,0,0,4,630,2,procedimiento,1,0.18,2,0
89,2668,10,3,5061,1,0,0,0,1,3,112,2,procedimiento,1,0.37,0,0
89,2669,10,4,5459,1,0,0,0,1,2,323,1,procedimiento,1,0.37,0,0
89,2670,16,2,2981,1,0,0,0,1,1,196,2,procedimiento,1,0.36,0,0
90,2671,13,2,2907,1,0,0,0,0,0,0,0,inatencion,0,0.51,1,0
90,2672,12,2,3065,1,1,0,0,1,0,0,0,procedimiento,0,0.61,0,0
90,2673,10,2,3039,1,0,0,0,0,1,0,0,inatencion,0,0.5,1,0
90,2674,1,3,4028,1,0,0,0,1,1,0,0,procedimiento,0,0.59,0,0
90,2675,12,3,4694,2,0,0,0,0,1,0,0,procedimiento,0,0.49,1,0
90,2676,1,1,2786,1,0,0,0,1,2,0,0,procedimiento,0,0.58,0,0
90,2677,13,3,5795,1,0,0,0,1,2,0,0,procedimiento,0,0.57,0,0
90,2678,4,3,5646,2,1,0,0,0,0,0,0,procedimiento,0,0.47,1,0
90,2679,18,4,6292,1,0,0,0,1,4,0,0,procedimiento,0,0.56,0,0
90,2680,6,2,4411,2,0,0,0,0,0,0,0,conceptual,0,0.46,1,0
90,2681,3,2,4096,1,0,0,0,1,1,0,0,procedimiento,0,0.55,0,0
90,2682,14,2,3948,1,0,0,0,0,3,0,0,inatencion,0,0.44,1,0
90,2683,8,2,4293,2,0,0,0,0,1,0,0,aleatorio,1,0.34,2,0
90,2684,1,2,3042,1,0,0,0,1,2,0,0,procedimiento,0,0.53,0,0
90,2685,15,1,2382,1,1,0,0,1,2,0,0,procedimiento,0,0.53,0,0
90,2686,14,4,5782,1,0,0,0,1,2,0,0,procedimiento,0,0.52,0,0
90,2687,13,3,5475,1,0,0,0,1,0,0,0,procedimiento,0,0.51,0,0
90,2688,5,3,4480,1,0,0,0,1,1,0,0,procedimiento,0,0.51,0,0
90,2689,1,4,7268,1,1,0,0,1,4,0,0,procedimiento,0,0.5,0,0
90,2690,10,2,4275,1,0,0,0,0,0,742,0,inatencion,1,0.4,1,0
90,2691,11,1,3316,1,0,0,0,1,2,486,0,procedimiento,1,0.49,0,0
90,2692,17,4,6584,1,0,0,0,1,1,1076,0,procedimiento,1,0.48,0,0
90,2693,7,1,4724,2,1,0,0,0,0,38,0,inatencion,1,0.38,1,0
90,2694,11,1,4297,1,0,0,0,1,3,327,0,procedimiento,1,0.47,0,0
90,2695,18,3,4418,1,0,0,0,0,3,1031,0,inatencion,1,0.36,1,0
90,2696,16,2,3476,1,0,0,0,1,1,731,0,procedimiento,1,0.46,0,0
90,2697,11,2,3901,1,0,0,0,1,1,972,0,procedimiento,1,0.45,0,0
90,2698,8,3,8314,2,1,2,0,0,1,350,0,consigna,1,0.35,1,0
90,2699,12,1,2818,1,0,0,0,1,0,146,0,procedimiento,1,0.44,0,0
90,2700,6,4,7973,1,0,0,0,0,0,156,0,consigna,1,0.33,1,0
91,2701,9,3,3659,2,1,0,0,0,0,0,0,inatencion,0,0.77,1,0
91,2702,6,3,4507,1,0,0,0,1,0,0,0,procedimiento,0,0.86,0,0
91,2703,16,1,2042,1,0,0,0,1,0,0,0,procedimiento,0,0.85,0,0
91,2704,7,3,3475,1,1,3,0,0,0,0,0,procedimiento,0,0.74,1,0
91,2705,14,4,6145,1,0,0,0,1,0,0,0,procedimiento,0,0.83,0,0
91,2706,19,1,2944,1,0,0,0,1,0,0,0,procedimiento,0,0.82,0,0
91,2707,10,1,2104,1,0,0,0,1,0,0,0,procedimiento,0,0.82,0,0
91,2708,2,1,2714,1,1,0,0,1,0,0,0,procedimiento,0,0.81,0,0
91,2709,18,2,3950,1,0,0,0,1,0,0,0,procedimiento,0,0.8,0,0
91,2710,14,4,5880,2,0,0,0,0,0,0,0,consigna,0,0.69,1,0
91,2711,8,3,5357,2,0,0,0,0,0,0,1,consigna,1,0.58,2,0
91,2712,10,2,3311,1,0,0,0,1,0,0,0,procedimiento,0,0.77,0,0
91,2713,6,1,1911,1,0,0,1,1,0,0,0,procedimiento,0,0.76,0,0
91,2714,18,3,3756,2,1,0,0,0,0,0,0,conceptual,0,0.66,1,0
91,2715,14,3,4952,2,1,0,0,0,0,0,0,inatencion,1,0.55,2,0
91,2716,2,3,4371,2,1,0,0,0,0,0,1,inatencion,1,0.4,3,0
91,2717,11,2,3103,1,0,0,0,0,0,0,1,inatencion,1,0.33,4,0
91,2718,16,2,3629,1,0,0,0,0,0,0,1,inatencion,1,0.22,5,0
91,2719,9,3,3277,1,0,0,0,0,0,0,1,inatencion,1,0.15,6,0
91,2720,17,2,3103,1,1,1,0,1,0,0,0,procedimiento,0,0.7,0,0
91,2721,8,2,3882,3,0,0,0,0,0,0,0,inatencion,0,0.59,1,0
91,2722,6,1,3336,1,1,0,0,0,0,0,1,conceptual,1,0.49,2,0
91,2723,16,2,4828,1,0,0,0,1,0,0,0,procedimiento,0,0.68,0,0
91,2724,7,1,4062,1,0,0,0,1,0,0,0,procedimiento,0,0.67,0,0
91,2725,17,2,5157,2,1,0,0,0,0,0,0,procedimiento,0,0.56,1,0
91,2726,8,3,4456,2,1,1,0,0,0,0,0,aleatorio,1,0.45,2,0
91,2727,8,2,4396,2,0,0,0,0,0,0,1,inatencion,1,0.34,3,0
91,2728,14,3,4671,3,1,3,0,0,0,0,0,aleatorio,1,0.23,4,0
91,2729,7,2,5759,2,0,0,0,0,0,0,0,inatencion,1,0.15,5,0
91,2730,15,2,4602,3,0,0,0,0,0,0,1,inatencion,1,0.15,6,0
92,2731,3,1,1925,1,0,0,1,1,0,0,0,procedimiento,0,0.88,0,0
92,2732,11,4,5765,2,1,0,0,0,0,0,0,procedimiento,0,0.77,1,0
92,2733,12,3,5305,1,0,0,0,1,0,0,0,procedimiento,0,0.86,0,0
92,2734,11,2,3110,1,0,0,0,1,0,0,0,procedimiento,0,0.85,0,0
92,2735,8,3,4170,1,1,0,0,1,0,0,0,procedimiento,0,0.84,0,0
92,2736,8,1,2118,1,1,0,0,1,0,0,0,procedimiento,0,0.83,0,0
92,2737,10,1,2261,1,0,0,0,1,0,0,0,procedimiento,0,0.82,0,0
92,2738,5,3,3434,1,1,0,0,1,0,0,0,procedimiento,0,0.81,0,0
92,2739,17,2,3919,1,1,0,0,1,0,0,0,procedimiento,0,0.81,0,0
92,2740,2,3,4984,1,1,0,0,0,0,0,0,procedimiento,0,0.7,1,0
92,2741,3,3,4638,1,0,0,0,1,0,0,0,procedimiento,0,0.79,0,0
92,2742,2,3,5011,2,1,1,0,0,0,0,0,procedimiento,0,0.68,1,0
92,2743,18,3,4741,1,1,0,0,1,0,0,0,procedimiento,0,0.77,0,0
92,2744,3,1,1867,1,0,0,1,1,0,0,0,procedimiento,0,0.76,0,0
92,2745,3,4,5501,1,0,0,0,0,0,0,0,consigna,0,0.65,1,0
92,2746,7,2,4183,1,1,0,0,0,0,0,1,inatencion,1,0.54,2,0
92,2747,18,4,4409,1,0,0,0,0,0,0,1,aleatorio,1,0.4,3,0
92,2748,12,1,2865,1,0,0,0,1,0,0,0,procedimiento,0,0.73,0,0
92,2749,5,2,2469,1,0,0,0,1,0,0,0,procedimiento,0,0.72,0,0
92,2750,12,2,3384,1,0,0,0,1,0,0,0,procedimiento,0,0.71,0,0
92,2751,17,2,2854,1,0,0,0,0,0,0,0,procedimiento,0,0.6,1,0
92,2752,10,2,2848,1,0,0,0,0,0,0,0,inatencion,1,0.49,2,0
92,2753,6,3,4293,1,1,1,0,1,0,0,0,procedimiento,0,0.68,0,0
92,2754,11,3,5907,2,0,0,0,0,0,0,0,inatencion,0,0.57,1,0
92,2755,15,2,4134,1,0,0,0,1,0,0,0,procedimiento,0,0.67,0,0
92,2756,14,3,5043,2,1,0,0,0,0,0,0,consigna,0,0.56,1,0
92,2757,18,1,2689,1,0,0,0,1,0,0,0,procedimiento,0,0.65,0,0
92,2758,16,2,5490,1,0,0,0,0,0,0,0,procedimiento,0,0.54,1,0
92,2759,12,3,5815,1,0,0,0,1,0,0,0,procedimiento,0,0.63,0,0
92,2760,5,2,4378,1,0,0,0,1,0,0,0,procedimiento,0,0.62,0,0
93,2761,18,3,3304,1,0,0,0,0,0,0,0,consigna,0,0.73,1,0
93,2762,6,4,5526,1,1,2,0,1,0,0,0,procedimiento,0,0.82,0,0
93,2763,9,4,5544,1,0,0,0,0,0,0,0,inatencion,0,0.72,1,0
93,2764,8,2,3116,1,0,0,0,1,0,0,0,procedimiento,0,0.81,0,0
93,2765,5,1,1927,1,0,0,1,1,0,0,0,procedimiento,0,0.8,0,0
93,2766,18,2,3300,1,0,0,0,0,0,0,0,conceptual,0,0.69,1,0
93,2767,12,3,3385,3,1,0,0,0,0,0,0,procedimiento,1,0.58,2,0
93,2768,7,4,5492,2,0,0,0,0,0,0,0,aleatorio,1,0.4,3,0
93,2769,5,1,1866,1,0,0,1,1,0,0,0,procedimiento,0,0.77,0,0
93,2770,7,3,4679,2,0,0,0,0,0,0,0,consigna,0,0.66,1,0
93,2771,5,1,2652,1,0,0,0,1,0,0,0,procedimiento,0,0.75,0,0
93,2772,13,3,3048,3,1,0,0,0,0,0,0,conceptual,0,0.64,1,0
93,2773,19,2,3690,3,1,0,0,0,0,0,0,consigna,1,0.53,2,0
93,2774,16,2,3099,2,1,2,0,0,0,0,0,aleatorio,1,0.4,3,0
93,2775,2,2,3320,1,1,1,0,1,0,0,0,procedimiento,0,0.72,0,0
93,2776,9,2,3717,1,0,0,0,1,0,0,0,procedimiento,0,0.71,0,0
93,2777,13,1,2136,1,1,0,0,1,0,0,0,procedimiento,0,0.7,0,0
93,2778,17,2,3989,1,1,0,0,0,0,0,0,conceptual,0,0.59,1,0
93,2779,6,3,4195,1,0,0,0,1,0,0,0,procedimiento,0,0.68,0,0
93,2780,6,2,2940,1,0,0,0,1,0,0,0,procedimiento,0,0.67,0,0
93,2781,19,2,3213,3,0,0,0,0,0,0,0,inatencion,0,0.57,1,0
93,2782,17,3,3868,3,0,0,0,0,0,0,0,consigna,1,0.46,2,0
93,2783,11,2,4047,1,0,0,0,1,0,0,0,procedimiento,0,0.65,0,0
93,2784,14,3,3780,1,0,0,0,0,0,0,0,inatencion,0,0.54,1,0
93,2785,8,3,6506,1,1,1,0,0,0,0,0,inatencion,1,0.43,2,0
93,2786,18,3,5493,1,0,0,0,1,0,0,0,procedimiento,0,0.62,0,0
93,2787,5,2,5189,2,0,0,0,0,0,0,0,procedimiento,0,0.52,1,0
93,2788,15,3,5101,2,1,0,0,0,0,0,3,consigna,1,0.41,2,0
93,2789,8,1,2620,1,0,0,0,1,3,0,0,procedimiento,0,0.6,0,0
93,2790,18,3,4321,2,1,1,0,0,2,0,0,procedimiento,0,0.49,1,0
94,2791,7,3,3269,1,0,0,0,0,0,0,0,consigna,0,0.54,1,0
94,2792,5,3,3634,1,0,0,0,1,0,0,0,procedimiento,0,0.63,0,0
94,2793,5,2,3550,1,0,0,0,1,0,0,0,procedimiento,0,0.63,0,0
94,2794,9,1,2858,1,1,0,0,1,0,0,0,procedimiento,0,0.62,0,0
94,2795,9,2,4001,1,0,0,0,1,0,0,0,procedimiento,0,0.61,0,0
94,2796,1,2,2519,1,0,0,0,1,0,0,0,procedimiento,0,0.61,0,0
94,2797,9,3,3662,1,0,0,0,1,0,0,0,procedimiento,0,0.6,0,0
94,2798,13,3,3860,1,0,0,0,1,1,0,0,procedimiento,0,0.59,0,0
94,2799,12,4,5266,1,0,0,0,1,2,0,0,procedimiento,0,0.59,0,0
94,2800,15,3,3313,2,1,0,0,0,2,0,0,procedimiento,0,0.48,1,0
94,2801,18,2,3300,1,0,0,0,0,0,0,1,procedimiento,1,0.38,2,0
94,2802,17,3,3851,1,1,0,0,0,0,0,1,inatencion,1,0.27,3,0
94,2803,19,3,3140,1,0,0,0,1,2,0,0,procedimiento,0,0.56,0,0
94,2804,3,1,2236,1,1,0,0,1,0,0,0,procedimiento,0,0.56,0,0
94,2805,7,2,3201,1,1,1,0,0,0,0,0,inatencion,0,0.45,1,0
94,2806,11,3,5016,2,1,0,0,0,0,0,2,procedimiento,1,0.34,2,0
94,2807,15,2,2569,1,0,0,0,1,2,0,0,procedimiento,0,0.54,0,0
94,2808,10,2,3567,3,0,0,0,0,4,0,0,procedimiento,0,0.43,1,0
94,2809,5,2,4172,1,0,0,0,1,0,0,0,procedimiento,0,0.52,0,0
94,2810,10,3,4486,1,1,2,0,1,3,0,0,procedimiento,0,0.52,0,0
94,2811,12,2,3393,1,0,0,0,1,0,0,0,procedimiento,0,0.51,0,0
94,2812,14,1,2611,1,0,0,0,1,2,0,0,procedimiento,0,0.5,0,0
94,2813,5,1,3669,1,0,0,0,1,3,316,0,procedimiento,1,0.5,0,0
94,2814,4,1,2458,1,1,0,0,1,1,298,0,procedimiento,1,0.49,0,0
94,2815,11,1,3153,1,0,0,0,1,0,415,0,procedimiento,1,0.49,0,0
94,2816,12,2,3894,1,1,0,0,1,2,321,0,procedimiento,1,0.48,0,0
94,2817,16,3,5473,1,0,0,0,1,2,35,0,procedimiento,1,0.47,0,0
94,2818,12,3,3940,1,0,0,0,0,1,701,0,conceptual,1,0.37,1,0
94,2819,4,2,5612,1,1,1,0,0,1,197,1,inatencion,1,0.26,2,0
94,2820,13,2,4679,1,0,0,0,1,3,2396,0,procedimiento,1,0.45,0,0
95,2821,12,3,4141,1,1,0,0,0,0,0,0,inatencion,0,0.47,1,0
95,2822,8,1,2252,1,0,0,0,1,0,0,0,procedimiento,0,0.56,0,0
95,2823,2,2,3226,1,0,0,0,1,1,0,0,procedimiento,0,0.55,0,0
95,2824,11,2,2698,1,1,0,0,0,2,0,0,inatencion,0,0.45,1,0
95,2825,17,3,4094,3,1,1,0,0,1,0,0,procedimiento,1,0.34,2,0
95,2826,8,4,5976,1,0,0,0,0,1,0,1,aleatorio,1,0.24,3,0
95,2827,16,1,2091,1,0,0,0,1,0,0,0,procedimiento,0,0.53,0,0
95,2828,14,3,3568,1,1,0,0,1,3,0,0,procedimiento,0,0.53,0,0
95,2829,14,2,3076,1,0,0,0,1,3,0,0,procedimiento,0,0.52,0,0
95,2830,9,4,4317,1,1,0,0,0,2,0,0,consigna,0,0.41,1,0
95,2831,16,3,3577,1,0,0,0,0,0,0,3,procedimiento,1,0.31,2,0
95,2832,7,3,3677,1,0,0,0,1,0,0,0,procedimiento,0,0.5,0,0
95,2833,13,4,3889,1,0,0,0,0,1,928,0,procedimiento,1,0.4,1,0
95,2834,2,1,2494,1,0,0,0,1,4,250,0,procedimiento,1,0.49,0,0
95,2835,7,3,4904,1,1,0,0,1,2,392,0,procedimiento,1,0.49,0,0
95,2836,3,1,1879,1,0,0,1,1,2,1040,0,procedimiento,1,0.48,0,0
95,2837,11,4,5750,2,0,0,0,0,1,585,0,conceptual,1,0.38,1,0
95,2838,11,2,2855,1,1,3,0,1,2,560,0,procedimiento,1,0.47,0,0
95,2839,4,2,3569,1,1,0,0,0,0,344,0,conceptual,1,0.36,1,0
95,2840,4,3,4416,2,1,0,0,0,2,887,0,inatencion,1,0.26,2,0
95,2841,5,4,6007,2,1,0,0,0,1,544,0,inatencion,1,0.15,3,0
95,2842,3,3,6032,1,0,0,0,1,1,84,0,procedimiento,1,0.45,0,0
95,2843,9,2,3469,1,0,0,0,1,0,203,0,procedimiento,1,0.44,0,0
95,2844,11,4,6856,1,1,0,0,0,0,102,0,consigna,1,0.34,1,0
95,2845,4,4,7011,1,0,0,0,0,1,45,1,conceptual,1,0.23,2,0
95,2846,14,3,6491,2,0,0,0,0,5,133,2,inatencion,1,0.15,3,0
95,2847,12,1,2113,1,0,0,0,1,1,698,0,procedimiento,1,0.42,0,0
95,2848,12,1,3494,1,0,0,0,1,0,481,0,procedimiento,1,0.41,0,0
95,2849,1,4,7798,3,1,1,0,0,3,66,0,consigna,1,0.31,1,0
95,2850,1,3,5378,2,1,0,0,0,0,68,1,inatencion,1,0.2,2,0
96,2851,1,2,3528,1,0,0,0,1,0,0,0,procedimiento,0,0.65,0,0
96,2852,13,2,2960,3,1,2,0,0,0,0,0,consigna,0,0.54,1,0
96,2853,6,2,2575,1,1,0,0,1,0,0,0,procedimiento,0,0.63,0,0
96,2854,17,1,2769,1,0,0,0,1,0,0,0,procedimiento,0,0.63,0,0
96,2855,19,3,4610,1,1,2,0,0,0,0,0,conceptual,0,0.52,1,0
96,2856,18,1,2096,2,0,0,0,0,0,0,0,inatencion,1,0.41,2,0
96,2857,18,4,5698,1,0,0,0,1,0,0,0,procedimiento,0,0.61,0,0
96,2858,6,4,4589,1,1,0,0,0,0,0,0,procedimiento,0,0.5,1,0
96,2859,15,1,2178,1,1,1,0,1,0,0,0,procedimiento,0,0.59,0,0
96,2860,14,3,5327,1,1,0,0,1,0,0,0,procedimiento,0,0.59,0,0
96,2861,2,2,2970,1,1,0,0,1,1,0,0,procedimiento,0,0.58,0,0
96,2862,13,2,3891,1,1,0,0,0,2,0,0,procedimiento,0,0.48,1,0
96,2863,17,4,5906,1,0,0,0,1,1,0,0,procedimiento,0,0.57,0,0
96,2864,16,2,4140,1,1,0,0,1,2,0,0,procedimiento,0,0.56,0,0
96,2865,4,1,2117,1,0,0,0,0,2,0,0,conceptual,0,0.46,1,0
96,2866,17,4,6137,1,0,0,0,1,1,0,0,procedimiento,0,0.55,0,0
96,2867,10,2,3801,2,0,0,0,0,1,0,0,inatencion,0,0.44,1,0
96,2868,5,2,2643,1,1,0,0,0,3,0,1,inatencion,1,0.34,2,0
96,2869,12,3,3890,3,1,0,0,0,5,0,0,inatencion,1,0.23,3,0
96,2870,16,2,2604,1,0,0,0,1,1,0,0,procedimiento,0,0.52,0,0
96,2871,6,4,5051,3,1,0,0,0,0,0,0,aleatorio,0,0.42,1,0
96,2872,10,4,4993,1,0,0,0,1,2,0,0,procedimiento,0,0.51,0,0
96,2873,17,1,3831,1,0,0,0,1,4,0,0,procedimiento,0,0.5,0,0
96,2874,2,4,5618,1,0,0,0,0,1,327,0,conceptual,1,0.4,1,0
96,2875,9,2,5027,1,0,0,0,1,0,839,0,procedimiento,1,0.49,0,0
96,2876,1,2,6134,1,0,0,0,1,3,54,0,procedimiento,1,0.48,0,0
96,2877,16,1,2618,1,0,0,0,1,2,479,0,procedimiento,1,0.48,0,0
96,2878,13,4,7884,1,0,0,0,0,1,400,0,conceptual,1,0.37,1,0
96,2879,17,2,4833,1,0,0,0,1,5,139,0,procedimiento,1,0.47,0,0
96,2880,6,2,3292,3,1,0,0,0,1,1269,0,aleatorio,1,0.36,1,0
97,2881,6,3,2562,1,0,0,0,0,0,0,0,consigna,0,0.75,1,0
97,2882,15,2,2136,1,0,0,0,1,0,0,0,procedimiento,0,0.84,0,0
97,2883,9,2,2232,2,1,0,0,0,0,0,0,inatencion,0,0.73,1,0
97,2884,7,4,4857,1,0,0,0,1,0,0,0,procedimiento,0,0.82,0,0
97,2885,14,3,3162,1,1,1,0,1,0,0,0,procedimiento,0,0.81,0,0
97,2886,14,3,4071,1,1,0,0,0,0,0,0,conceptual,0,0.71,1,0
97,2887,9,3,2805,1,0,0,0,0,0,0,0,procedimiento,1,0.6,2,0
97,2888,1,4,5034,3,0,0,0,0,0,0,1,inatencion,1,0.4,3,0
97,2889,18,2,1907,3,0,0,1,0,0,0,1,inatencion,1,0.38,4,0
97,2890,10,3,3574,3,1,0,0,0,0,0,2,aleatorio,1,0.27,5,0
97,2891,14,2,3004,1,0,0,0,1,0,0,0,procedimiento,0,0.76,0,0
97,2892,7,4,5013,2,1,0,0,0,0,0,0,inatencion,0,0.65,1,0
97,2893,10,2,2817,2,0,0,0,0,0,0,2,consigna,1,0.55,2,0
97,2894,14,3,3846,1,0,0,0,1,0,0,0,procedimiento,0,0.74,0,0
97,2895,10,1,1500,3,0,0,1,0,0,0,0,aleatorio,0,0.63,1,0
97,2896,14,2,3127,1,1,0,0,1,0,0,0,procedimiento,0,0.72,0,0
97,2897,4,2,2726,2,1,0,0,0,0,0,0,procedimiento,0,0.61,1,0
97,2898,16,2,2791,1,0,0,0,0,0,0,1,inatencion,1,0.5,2,0
97,2899,6,1,1892,1,0,0,1,1,0,0,0,procedimiento,0,0.7,0,0
97,2900,1,2,2834,1,1,0,0,0,0,0,0,inatencion,0,0.59,1,0
97,2901,2,1,2109,1,1,1,0,0,0,0,0,consigna,1,0.48,2,0
97,2902,13,1,1838,1,1,0,1,1,0,0,0,procedimiento,0,0.67,0,0
97,2903,8,4,6159,1,0,0,0,0,0,0,0,consigna,0,0.56,1,0
97,2904,17,2,3177,1,1,1,0,0,0,0,2,procedimiento,1,0.45,2,0
97,2905,15,4,5985,1,1,0,0,0,0,0,1,inatencion,1,0.34,3,0
97,2906,11,4,3814,1,1,0,0,0,0,0,0,aleatorio,1,0.24,4,0
97,2907,7,3,5506,2,0,0,0,0,0,0,1,aleatorio,1,0.15,5,0
97,2908,4,4,5824,1,0,0,0,1,0,0,0,procedimiento,0,0.62,0,0
97,2909,9,1,1680,1,0,0,1,1,0,0,0,procedimiento,0,0.61,0,0
97,2910,13,2,2704,2,0,0,0,0,0,0,0,inatencion,0,0.5,1,0
98,2911,18,3,4718,2,1,0,0,0,0,0,0,consigna,0,0.82,1,0
98,2912,16,2,3017,3,0,0,0,0,0,0,1,consigna,1,0.71,2,0
98,2913,10,3,5930,1,0,0,0,1,0,0,0,procedimiento,0,0.9,0,0
98,2914,17,3,3515,2,1,0,0,0,0,0,0,inatencion,0,0.79,1,0
98,2915,7,4,6519,1,0,0,0,1,0,0,0,procedimiento,0,0.89,0,0
98,2916,1,1,2254,1,0,0,0,1,0,0,0,procedimiento,0,0.88,0,0
98,2917,17,1,2829,3,0,0,0,0,0,0,0,inatencion,0,0.77,1,0
98,2918,16,2,3412,1,0,0,0,0,0,0,1,procedimiento,1,0.66,2,0
98,2919,18,3,5440,1,0,0,0,0,0,0,1,aleatorio,1,0.4,3,0
98,2920,12,4,6716,1,0,0,0,1,0,0,0,procedimiento,0,0.84,0,0
98,2921,11,3,4811,3,1,0,0,0,0,0,0,conceptual,0,0.73,1,0
98,2922,9,2,3618,2,0,0,0,0,0,0,0,inatencion,1,0.62,2,0
98,2923,1,4,5766,1,1,0,0,0,0,0,0,aleatorio,1,0.4,3,0
98,2924,11,2,3294,2,1,0,0,0,0,0,0,inatencion,1,0.4,4,0
98,2925,10,1,3088,1,1,0,0,1,0,0,0,procedimiento,0,0.79,0,0
98,2926,2,2,4149,1,0,0,0,1,0,0,0,procedimiento,0,0.78,0,0
98,2927,19,2,4326,1,0,0,0,1,0,0,0,procedimiento,0,0.77,0,0
98,2928,12,2,4001,1,0,0,0,1,0,0,0,procedimiento,0,0.77,0,0
98,2929,16,1,3295,1,0,0,0,1,0,0,0,procedimiento,0,0.76,0,0
98,2930,1,1,3347,1,0,0,0,1,0,0,0,procedimiento,0,0.75,0,0
98,2931,9,3,5136,1,0,0,0,1,0,0,0,procedimiento,0,0.74,0,0
98,2932,2,3,6663,2,1,0,0,0,0,0,0,inatencion,0,0.63,1,0
98,2933,18,2,5444,1,0,0,0,0,0,0,0,conceptual,1,0.52,2,0
98,2934,17,4,6669,1,0,0,0,0,0,0,0,inatencion,1,0.4,3,0
98,2935,13,2,4026,1,0,0,0,1,0,0,0,procedimiento,0,0.7,0,0
98,2936,8,3,4055,1,1,0,0,0,0,0,0,conceptual,0,0.59,1,0
98,2937,14,1,2908,1,0,0,0,0,0,0,1,conceptual,1,0.48,2,0
98,2938,13,1,4599,1,0,0,0,0,0,0,2,inatencion,1,0.37,3,0
98,2939,10,2,4124,1,1,0,0,0,0,0,1,inatencion,1,0.26,4,0
98,2940,4,2,4184,2,1,2,0,0,0,0,3,inatencion,1,0.15,5,0
99,2941,4,1,1330,1,0,0,1,1,0,0,0,procedimiento,0,0.88,0,0
99,2942,12,4,3648,1,0,0,0,1,0,0,0,procedimiento,0,0.87,0,0
99,2943,5,2,2967,1,0,0,0,1,0,0,0,procedimiento,0,0.86,0,0
99,2944,13,2,2245,3,1,1,0,0,0,0,0,procedimiento,0,0.75,1,0
99,2945,1,4,3943,3,0,0,0,0,0,0,0,procedimiento,1,0.65,2,0
99,2946,9,2,2792,3,1,1,0,0,0,0,0,inatencion,1,0.4,3,0
99,2947,16,3,3813,2,1,1,0,0,0,0,0,inatencion,1,0.4,4,0
99,2948,6,4,3323,3,1,0,0,0,0,0,2,aleatorio,1,0.32,5,0
99,2949,12,2,2033,1,0,0,0,1,0,0,0,procedimiento,0,0.81,0,0
99,2950,18,3,2539,1,0,0,0,0,0,0,0,conceptual,0,0.7,1,0
99,2951,1,2,2411,1,0,0,0,0,0,0,0,procedimiento,1,0.59,2,0
99,2952,1,3,3719,1,1,0,0,0,0,0,0,inatencion,1,0.4,3,0
99,2953,9,3,2678,1,1,0,0,0,0,0,0,aleatorio,1,0.38,4,0
99,2954,4,2,2694,1,0,0,0,1,0,0,0,procedimiento,0,0.77,0,0
99,2955,2,2,2961,1,0,0,0,1,0,0,0,procedimiento,0,0.76,0,0
99,2956,3,3,2295,1,0,0,0,1,0,0,0,procedimiento,0,0.75,0,0
99,2957,16,3,3682,1,1,0,0,1,0,0,0,procedimiento,0,0.74,0,0
99,2958,5,2,2784,1,0,0,0,1,0,0,0,procedimiento,0,0.73,0,0
99,2959,18,2,2600,1,0,0,0,0,0,0,0,consigna,0,0.62,1,0
99,2960,17,4,3987,1,0,0,0,1,0,0,0,procedimiento,0,0.71,0,0
99,2961,10,1,1910,1,1,0,1,0,0,0,0,aleatorio,0,0.6,1,0
99,2962,10,3,3628,3,1,0,0,0,0,0,0,conceptual,1,0.5,2,0
99,2963,4,1,1873,1,0,0,1,1,0,0,0,procedimiento,0,0.69,0,0
99,2964,3,4,6044,2,0,0,0,0,0,0,0,inatencion,0,0.58,1,0
99,2965,19,3,4104,1,0,0,0,1,0,0,0,procedimiento,0,0.67,0,0
99,2966,14,2,2654,1,0,0,0,1,0,0,0,procedimiento,0,0.66,0,0
99,2967,8,2,3212,3,1,0,0,0,0,0,0,consigna,0,0.55,1,0
99,2968,5,2,2370,2,1,1,0,0,0,0,1,inatencion,1,0.44,2,0
99,2969,4,4,5184,1,0,0,0,1,0,0,0,procedimiento,0,0.63,0,0
99,2970,15,1,2362,1,1,0,0,1,0,0,0,procedimiento,0,0.63,0,0
100,2971,9,2,4089,2,1,2,0,0,0,0,0,inatencion,0,0.7,1,0
100,2972,1,4,5786,1,1,0,0,0,0,0,1,procedimiento,1,0.59,2,0
100,2973,2,4,6132,1,0,0,0,0,0,0,0,inatencion,1,0.4,3,0
100,2974,2,3,5738,1,0,0,0,1,0,0,0,procedimiento,0,0.77,0,0
100,2975,1,3,6006,2,1,0,0,0,0,0,0,conceptual,0,0.67,1,0
100,2976,7,3,4185,1,1,1,0,0,0,0,0,procedimiento,1,0.56,2,0
100,2977,17,2,3461,2,1,0,0,0,0,0,1,aleatorio,1,0.4,3,0
100,2978,14,1,3074,1,0,0,0,0,0,0,1,aleatorio,1,0.34,4,0
100,2979,9,4,4965,1,0,0,0,1,0,0,0,procedimiento,0,0.73,0,0
100,2980,16,3,5422,2,0,0,0,0,0,0,0,conceptual,0,0.63,1,0
100,2981,2,3,4057,1,1,0,0,0,0,0,0,conceptual,1,0.52,2,0
100,2982,1,2,3381,2,0,0,0,0,0,0,0,inatencion,1,0.4,3,0
100,2983,13,1,3429,3,0,0,0,0,0,0,0,inatencion,1,0.3,4,0
100,2984,5,1,2114,1,0,0,0,1,0,0,0,procedimiento,0,0.69,0,0
100,2985,9,2,4446,2,1,2,0,0,0,0,0,conceptual,0,0.59,1,0
100,2986,1,3,5156,3,0,0,0,0,0,0,0,procedimiento,1,0.48,2,0
100,2987,7,2,4843,1,1,0,0,1,0,0,0,procedimiento,0,0.67,0,0
100,2988,9,1,2572,1,0,0,0,1,0,0,0,procedimiento,0,0.66,0,0
100,2989,6,1,2815,1,1,0,0,1,0,0,0,procedimiento,0,0.65,0,0
100,2990,13,4,7392,1,0,0,0,0,0,0,0,consigna,0,0.55,1,0
100,2991,19,4,5593,1,0,0,0,0,0,0,0,conceptual,1,0.44,2,0
100,2992,15,2,5343,1,0,0,0,0,0,0,1,inatencion,1,0.33,3,0
100,2993,11,3,4878,1,1,1,0,1,0,0,0,procedimiento,0,0.62,0,0
100,2994,4,2,4502,1,0,0,0,1,0,0,0,procedimiento,0,0.61,0,0
100,2995,15,4,6157,2,1,0,0,0,0,0,0,procedimiento,0,0.51,1,0
100,2996,9,4,6657,1,0,0,0,0,1,0,0,conceptual,1,0.4,2,0
100,2997,18,2,6165,1,0,0,0,1,1,0,0,procedimiento,0,0.59,0,0
100,2998,7,1,4668,1,0,0,0,1,1,0,0,procedimiento,0,0.58,0,0
100,2999,2,1,3463,1,0,0,0,1,3,0,0,procedimiento,0,0.57,0,0
100,3000,18,2,4979,3,1,0,0,0,2,0,0,aleatorio,0,0.47,1,0
101,3001,12,1,2723,1,0,0,0,1,0,0,0,procedimiento,0,0.66,0,0
101,3002,10,2,2304,1,0,0,0,1,0,0,0,procedimiento,0,0.65,0,0
101,3003,5,1,2418,1,0,0,0,1,0,0,0,procedimiento,0,0.64,0,0
101,3004,8,3,4648,1,0,0,0,0,0,0,0,conceptual,0,0.54,1,0
101,3005,19,3,3953,3,0,0,0,0,0,0,1,inatencion,1,0.43,2,0
101,3006,8,3,3796,2,0,0,0,0,0,0,0,inatencion,1,0.32,3,0
101,3007,11,1,2192,1,0,0,0,1,0,0,0,procedimiento,0,0.62,0,0
101,3008,11,2,3821,1,1,2,0,1,0,0,0,procedimiento,0,0.61,0,0
101,3009,2,1,2535,3,1,1,0,0,0,0,0,procedimiento,0,0.5,1,0
101,3010,4,2,2637,1,0,0,0,1,1,0,0,procedimiento,0,0.6,0,0
101,3011,8,2,2603,1,0,0,0,1,1,0,0,procedimiento,0,0.59,0,0
101,3012,6,4,6144,2,0,0,0,0,3,0,0,inatencion,0,0.48,1,0
101,3013,11,1,1983,2,0,0,1,0,4,0,1,aleatorio,1,0.38,2,0
101,3014,6,1,2459,1,0,0,0,1,4,0,0,procedimiento,0,0.57,0,0
101,3015,10,4,3971,1,1,1,0,1,1,0,0,procedimiento,0,0.56,0,0
101,3016,5,2,3755,2,1,1,0,0,1,0,0,conceptual,0,0.46,1,0
101,3017,11,1,2147,1,0,0,0,1,2,0,0,procedimiento,0,0.55,0,0
101,3018,18,3,3583,1,1,0,0,1,1,0,0,procedimiento,0,0.55,0,0
101,3019,9,2,2515,1,0,0,0,1,3,0,0,procedimiento,0,0.54,0,0
101,3020,1,2,3497,1,0,0,0,0,1,0,0,procedimiento,0,0.43,1,0
101,3021,7,2,2991,1,0,0,0,1,0,0,0,procedimiento,0,0.53,0,0
101,3022,3,2,4526,2,0,0,0,0,0,0,0,inatencion,0,0.42,1,0
101,3023,18,2,5091,1,1,0,0,1,0,0,0,procedimiento,0,0.51,0,0
101,3024,16,2,5102,1,0,0,0,1,0,0,0,procedimiento,0,0.51,0,0
101,3025,5,2,4889,1,1,0,0,1,1,193,0,procedimiento,1,0.5,0,0
101,3026,11,2,4000,1,0,0,0,0,1,392,0,inatencion,1,0.39,1,0
101,3027,5,3,4921,1,0,0,0,1,0,178,0,procedimiento,1,0.49,0,0
101,3028,3,2,5036,1,1,0,0,1,2,392,0,procedimiento,1,0.48,0,0
101,3029,13,2,4632,1,0,0,0,0,1,703,0,inatencion,1,0.37,1,0
101,3030,2,1,3738,2,0,0,0,0,3,210,1,procedimiento,1,0.27,2,0
102,3031,6,3,3496,1,1,0,0,0,2,643,0,conceptual,1,0.32,1,0
102,3032,19,1,2305,1,0,0,0,1,2,511,0,procedimiento,1,0.41,0,0
102,3033,8,1,1675,2,1,0,1,0,1,209,0,aleatorio,1,0.31,1,0
102,3034,6,3,3061,1,0,0,0,1,3,1362,0,procedimiento,1,0.41,0,0
102,3035,5,2,2742,1,0,0,0,1,3,222,0,procedimiento,1,0.4,0,0
102,3036,9,3,3968,1,0,0,0,1,0,238,1,procedimiento,1,0.4,0,0
102,3037,2,3,3946,3,1,2,0,0,0,713,1,consigna,1,0.29,1,0
102,3038,5,3,3285,1,0,0,0,1,1,379,1,procedimiento,1,0.39,0,0
102,3039,7,3,2661,1,0,0,0,1,1,698,0,procedimiento,1,0.38,0,0
102,3040,18,2,1944,1,0,0,1,1,1,265,0,procedimiento,1,0.38,0,0
102,3041,16,1,2009,1,0,0,0,1,1,607,1,procedimiento,1,0.38,0,0
102,3042,19,4,4363,1,1,0,0,0,2,61,0,consigna,1,0.27,1,0
102,3043,11,3,3289,1,0,0,0,1,2,1615,3,procedimiento,1,0.37,0,0
102,3044,13,2,2168,2,1,0,0,0,2,744,1,conceptual,1,0.26,1,0
102,3045,18,2,3362,1,0,0,0,1,3,923,2,procedimiento,1,0.36,0,0
102,3046,6,4,4245,2,0,0,0,0,5,257,0,procedimiento,1,0.26,1,0
102,3047,15,4,4059,2,0,0,0,0,1,276,2,inatencion,1,0.15,2,0
102,3048,3,4,4664,1,1,0,0,1,1,67,2,procedimiento,1,0.35,0,0
102,3049,14,3,4272,1,0,0,0,1,0,921,0,procedimiento,1,0.34,0,0
102,3050,14,2,2133,1,0,0,0,1,2,641,2,procedimiento,1,0.34,0,0
102,3051,7,1,2181,1,0,0,0,1,2,86,0,procedimiento,1,0.33,0,0
102,3052,8,1,1479,3,0,0,1,0,6,118,0,aleatorio,1,0.23,1,0
102,3053,3,4,5598,1,1,0,0,0,6,423,0,conceptual,1,0.15,2,0
102,3054,11,4,4151,3,1,0,0,0,2,309,1,inatencion,1,0.15,3,0
102,3055,17,2,2403,1,0,0,0,1,4,444,0,procedimiento,1,0.32,0,0
102,3056,18,1,2644,1,1,1,0,1,0,111,1,procedimiento,1,0.31,0,0
102,3057,8,1,2340,1,0,0,0,1,2,187,2,procedimiento,1,0.31,0,0
102,3058,7,4,4359,1,0,0,0,1,1,680,0,procedimiento,1,0.31,0,0
102,3059,11,1,2418,1,1,0,0,1,1,618,1,procedimiento,1,0.3,0,0
102,3060,4,4,5209,1,0,0,0,1,1,1852,0,procedimiento,1,0.3,0,0
103,3061,9,2,3392,1,1,1,0,1,0,0,0,procedimiento,0,0.89,0,0
103,3062,7,3,4284,3,1,0,0,0,0,0,0,inatencion,0,0.78,1,0
103,3063,7,3,3707,1,1,1,0,0,0,0,0,inatencion,1,0.67,2,0
103,3064,1,1,2563,1,0,0,0,0,0,0,0,inatencion,1,0.4,3,0
103,3065,2,4,5854,1,0,0,0,0,0,0,0,inatencion,1,0.4,4,0
103,3066,1,3,4135,1,1,0,0,0,0,0,0,inatencion,1,0.35,5,0
103,3067,9,2,3239,1,1,0,0,1,0,0,0,procedimiento,0,0.84,0,0
103,3068,7,2,2997,2,0,0,0,0,0,0,0,inatencion,0,0.73,1,0
103,3069,17,3,3979,1,0,0,0,0,0,0,0,conceptual,1,0.62,2,0
103,3070,7,4,4787,1,1,1,0,0,0,0,1,aleatorio,1,0.4,3,0
103,3071,15,4,5763,2,1,0,0,0,0,0,1,aleatorio,1,0.4,4,0
103,3072,16,2,3365,2,1,1,0,0,0,0,0,aleatorio,1,0.29,5,0
103,3073,18,3,2751,1,1,0,0,1,0,0,0,procedimiento,0,0.78,0,0
103,3074,19,3,4405,1,1,0,0,1,0,0,0,procedimiento,0,0.78,0,0
103,3075,10,2,3115,1,1,1,0,1,0,0,0,procedimiento,0,0.77,0,0
103,3076,7,4,3893,1,1,2,0,0,0,0,0,inatencion,0,0.66,1,0
103,3077,17,3,4193,1,0,0,0,1,0,0,0,procedimiento,0,0.75,0,0
103,3078,17,2,3463,2,1,0,0,0,0,0,0,consigna,0,0.64,1,0
103,3079,11,2,2386,1,0,0,0,0,0,0,0,inatencion,1,0.53,2,0
103,3080,11,2,3650,2,0,0,0,0,0,0,0,inatencion,1,0.4,3,0
103,3081,8,4,4925,1,0,0,0,0,0,0,1,aleatorio,1,0.31,4,0
103,3082,7,2,4156,2,0,0,0,0,0,0,1,aleatorio,1,0.2,5,0
103,3083,2,3,4713,1,0,0,0,0,0,0,1,inatencion,1,0.15,6,0
103,3084,13,3,4723,1,0,0,0,0,0,0,0,inatencion,1,0.15,7,0
103,3085,18,2,4213,2,0,0,0,0,0,0,1,aleatorio,1,0.15,8,0
103,3086,2,1,3066,1,0,0,0,0,0,0,3,aleatorio,1,0.15,9,0
103,3087,19,2,2495,1,0,0,0,1,0,0,0,procedimiento,0,0.66,0,0
103,3088,12,3,4086,1,0,0,0,1,0,0,0,procedimiento,0,0.65,0,0
103,3089,16,1,2326,1,0,0,0,0,0,0,0,inatencion,0,0.54,1,0
103,3090,6,3,4783,2,1,1,0,0,0,0,0,inatencion,1,0.43,2,0
104,3091,14,2,1701,3,1,0,1,0,0,0,0,aleatorio,0,0.61,1,0
104,3092,1,2,2372,2,1,0,0,0,0,0,0,consigna,1,0.5,2,0
104,3093,3,2,2202,1,1,1,0,1,0,0,0,procedimiento,0,0.69,0,0
104,3094,5,2,2282,3,0,0,0,0,0,0,0,procedimiento,0,0.58,1,0
104,3095,8,3,3032,1,0,0,0,1,0,0,0,procedimiento,0,0.68,0,0
104,3096,4,1,1822,1,0,0,1,1,0,0,0,procedimiento,0,0.67,0,0
104,3097,11,4,3055,1,1,0,0,1,0,0,0,procedimiento,0,0.66,0,0
104,3098,7,3,2013,1,0,0,0,1,0,0,0,procedimiento,0,0.66,0,0
104,3099,5,4,4141,3,1,0,0,0,0,0,0,procedimiento,0,0.55,1,0
104,3100,14,3,2626,2,1,0,0,0,0,0,0,conceptual,1,0.44,2,0
104,3101,19,1,1499,2,0,0,1,0,0,0,2,inatencion,1,0.33,3,0
104,3102,7,2,2726,2,1,0,0,0,0,0,0,inatencion,1,0.23,4,0
104,3103,11,3,2710,1,0,0,0,1,0,0,0,procedimiento,0,0.62,0,0
104,3104,13,2,2042,1,0,0,0,1,0,0,0,procedimiento,0,0.61,0,0
104,3105,16,2,2071,1,0,0,0,1,0,0,0,procedimiento,0,0.61,0,0
104,3106,15,3,2322,1,1,0,0,0,2,0,0,consigna,0,0.5,1,0
104,3107,7,4,3637,1,1,0,0,1,3,0,0,procedimiento,0,0.59,0,0
104,3108,17,4,4126,1,1,0,0,1,1,0,0,procedimiento,0,0.59,0,0
104,3109,18,1,1371,1,0,0,1,1,2,0,0,procedimiento,0,0.58,0,0
104,3110,13,4,3801,3,0,0,0,0,1,0,0,inatencion,0,0.47,1,0
104,3111,9,4,3495,1,0,0,0,1,1,0,0,procedimiento,0,0.56,0,0
104,3112,3,1,2357,1,0,0,0,1,1,0,0,procedimiento,0,0.56,0,0
104,3113,10,2,2349,1,0,0,0,1,0,0,0,procedimiento,0,0.55,0,0
104,3114,15,2,2393,1,0,0,0,1,3,0,0,procedimiento,0,0.54,0,0
104,3115,15,2,3196,1,0,0,0,1,1,0,0,procedimiento,0,0.54,0,0
104,3116,2,3,2696,1,0,0,0,0,1,0,0,inatencion,0,0.43,1,0
104,3117,7,1,2222,1,1,0,0,1,1,0,0,procedimiento,0,0.52,0,0
104,3118,14,2,2384,1,0,0,0,1,3,0,0,procedimiento,0,0.51,0,0
104,3119,1,2,2363,1,1,0,0,1,0,0,0,procedimiento,0,0.51,0,0
104,3120,2,3,2505,1,0,0,0,0,0,0,0,procedimiento,0,0.4,1,0
105,3121,11,2,2380,2,0,0,0,0,0,0,0,procedimiento,0,0.62,1,0
105,3122,4,4,4923,2,0,0,0,0,0,0,0,consigna,1,0.51,2,0
105,3123,17,1,2534,1,0,0,0,1,0,0,0,procedimiento,0,0.7,0,0
105,3124,2,4,5670,1,1,0,0,0,0,0,0,procedimiento,0,0.6,1,0
105,3125,6,1,2689,1,1,0,0,1,0,0,0,procedimiento,0,0.69,0,0
105,3126,11,3,3291,1,0,0,0,1,0,0,0,procedimiento,0,0.68,0,0
105,3127,10,1,2636,1,0,0,0,1,0,0,0,procedimiento,0,0.68,0,0
105,3128,12,3,3121,1,1,0,0,0,0,0,0,inatencion,0,0.57,1,0
105,3129,18,4,5826,1,0,0,0,1,0,0,0,procedimiento,0,0.66,0,0
105,3130,11,3,3230,1,1,0,0,1,0,0,0,procedimiento,0,0.65,0,0
105,3131,1,3,3495,1,0,0,0,1,0,0,0,procedimiento,0,0.65,0,0
105,3132,18,2,2491,1,0,0,0,0,0,0,0,inatencion,0,0.54,1,0
105,3133,2,3,3541,1,1,0,0,1,0,0,0,procedimiento,0,0.63,0,0
105,3134,1,1,1771,1,0,0,1,1,0,0,0,procedimiento,0,0.63,0,0
105,3135,17,3,4456,2,0,0,0,0,0,0,0,procedimiento,0,0.52,1,0
105,3136,19,3,2915,1,1,1,0,1,0,0,0,procedimiento,0,0.61,0,0
105,3137,8,2,2350,1,0,0,0,1,0,0,0,procedimiento,0,0.6,0,0
105,3138,15,2,3324,2,1,0,0,0,3,0,0,procedimiento,0,0.5,1,0
105,3139,9,2,3207,1,0,0,0,0,0,0,2,conceptual,1,0.39,2,0
105,3140,17,3,3065,1,0,0,0,0,0,0,0,inatencion,1,0.28,3,0
105,3141,10,3,3867,3,1,0,0,0,1,0,1,inatencion,1,0.18,4,0
105,3142,7,2,3200,1,0,0,0,1,2,0,0,procedimiento,0,0.57,0,0
105,3143,7,4,4638,1,1,0,0,1,1,0,0,procedimiento,0,0.56,0,0
105,3144,11,4,5585,1,0,0,0,0,0,0,0,procedimiento,0,0.45,1,0
105,3145,9,3,6451,1,0,0,0,0,0,0,0,inatencion,1,0.35,2,0
105,3146,3,2,3234,1,1,0,0,1,0,0,0,procedimiento,0,0.54,0,0
105,3147,11,3,6649,2,1,0,0,0,1,0,0,inatencion,0,0.43,1,0
105,3148,7,3,6650,1,1,0,0,1,2,0,0,procedimiento,0,0.53,0,0
105,3149,3,2,2347,1,0,0,0,1,1,0,0,procedimiento,0,0.52,0,0
105,3150,6,3,3969,1,0,0,0,0,1,0,0,conceptual,0,0.41,1,0
106,3151,13,1,1931,1,0,0,1,0,0,0,0,aleatorio,0,0.85,1,0
106,3152,3,2,3672,1,1,1,0,0,0,0,0,conceptual,1,0.75,2,0
106,3153,15,2,2788,1,0,0,0,1,0,0,0,procedimiento,0,0.94,0,0
106,3154,6,4,4165,2,1,0,0,0,0,0,0,inatencion,0,0.83,1,0
106,3155,15,1,1838,1,0,0,1,1,0,0,0,procedimiento,0,0.92,0,0
106,3156,14,3,3372,2,1,0,0,0,0,0,0,conceptual,0,0.81,1,0
106,3157,18,3,3313,1,0,0,0,0,0,0,1,inatencion,1,0.7,2,0
106,3158,8,1,2226,1,0,0,0,1,0,0,0,procedimiento,0,0.89,0,0
106,3159,10,1,2842,1,0,0,0,1,0,0,0,procedimiento,0,0.88,0,0
106,3160,19,2,2744,1,1,0,0,1,0,0,0,procedimiento,0,0.87,0,0
106,3161,1,2,3950,1,1,0,0,1,0,0,0,procedimiento,0,0.86,0,0
106,3162,13,1,2198,1,0,0,0,0,0,0,0,conceptual,0,0.75,1,0
106,3163,12,3,4211,1,0,0,0,0,0,0,0,conceptual,1,0.64,2,0
106,3164,5,1,2378,1,0,0,0,1,0,0,0,procedimiento,0,0.83,0,0
106,3165,7,3,4070,1,0,0,0,1,0,0,0,procedimiento,0,0.82,0,0
106,3166,18,2,3935,2,0,0,0,0,0,0,0,aleatorio,0,0.71,1,0
106,3167,4,3,4296,2,1,1,0,0,0,0,2,inatencion,1,0.6,2,0
106,3168,19,2,3882,1,0,0,0,0,0,0,1,inatencion,1,0.4,3,0
106,3169,12,2,4008,1,0,0,0,1,0,0,0,procedimiento,0,0.78,0,0
106,3170,9,2,3114,1,0,0,0,0,0,0,0,procedimiento,0,0.67,1,0
106,3171,2,3,3035,1,0,0,0,0,0,0,0,conceptual,1,0.56,2,0
106,3172,1,2,5115,1,0,0,0,1,0,0,0,procedimiento,0,0.75,0,0
106,3173,6,2,3703,1,0,0,0,0,0,0,0,inatencion,0,0.64,1,0
106,3174,13,3,3521,1,0,0,0,0,0,0,0,inatencion,1,0.54,2,0
106,3175,3,4,5992,2,1,0,0,0,0,0,1,inatencion,1,0.4,3,0
106,3176,6,2,5642,3,0,0,0,0,0,0,1,inatencion,1,0.32,4,0
106,3177,9,4,5154,1,0,0,0,0,0,0,0,inatencion,1,0.21,5,0
106,3178,1,2,3961,1,0,0,0,1,0,0,0,procedimiento,0,0.7,0,0
106,3179,12,2,2488,3,0,0,0,0,0,0,0,consigna,0,0.59,1,0
106,3180,12,4,7586,1,0,0,0,0,0,0,0,conceptual,1,0.48,2,0
107,3181,8,3,4098,1,1,0,0,1,0,0,0,procedimiento,0,0.78,0,0
107,3182,3,3,3079,2,1,0,0,0,0,0,0,procedimiento,0,0.67,1,0
107,3183,15,2,2831,1,1,1,0,1,0,0,0,procedimiento,0,0.77,0,0
107,3184,2,3,3267,1,0,0,0,0,0,0,0,consigna,0,0.66,1,0
107,3185,17,1,2496,1,0,0,0,1,0,0,0,procedimiento,0,0.75,0,0
107,3186,13,1,2175,1,0,0,0,0,0,0,0,procedimiento,0,0.64,1,0
107,3187,12,4,5967,1,0,0,0,0,0,0,0,procedimiento,1,0.54,2,0
107,3188,12,3,3799,1,0,0,0,0,0,0,0,inatencion,1,0.4,3,0
107,3189,19,3,4051,2,1,2,0,0,0,0,1,inatencion,1,0.32,4,0
107,3190,13,4,5456,1,0,0,0,1,0,0,0,procedimiento,0,0.71,0,0
107,3191,4,3,3699,1,0,0,0,1,0,0,0,procedimiento,0,0.7,0,0
107,3192,14,4,4335,1,0,0,0,1,0,0,0,procedimiento,0,0.7,0,0
107,3193,16,3,4181,2,1,0,0,0,0,0,0,inatencion,0,0.59,1,0
107,3194,16,1,2503,1,0,0,0,1,0,0,0,procedimiento,0,0.68,0,0
107,3195,3,2,3113,1,0,0,0,0,0,0,0,procedimiento,0,0.57,1,0
107,3196,5,3,3664,1,1,0,0,0,0,0,0,conceptual,1,0.47,2,0
107,3197,17,2,3340,1,1,0,0,1,0,0,0,procedimiento,0,0.66,0,0
107,3198,6,4,5610,1,0,0,0,0,0,0,0,inatencion,0,0.55,1,0
107,3199,11,1,2639,1,0,0,0,1,0,0,0,procedimiento,0,0.64,0,0
107,3200,13,3,3219,3,1,0,0,0,0,0,0,procedimiento,0,0.53,1,0
107,3201,12,2,2637,1,0,0,0,0,0,0,1,aleatorio,1,0.43,2,0
107,3202,13,3,5570,1,1,0,0,0,0,0,0,inatencion,1,0.32,3,0
107,3203,2,1,2945,1,0,0,0,1,0,0,0,procedimiento,0,0.61,0,0
107,3204,17,3,4104,2,1,0,0,0,0,0,0,procedimiento,0,0.5,1,0
107,3205,1,2,3802,2,1,1,0,0,2,0,1,conceptual,1,0.39,2,0
107,3206,9,2,2787,1,1,0,0,0,2,0,1,inatencion,1,0.29,3,0
107,3207,18,1,2777,1,0,0,0,1,1,0,0,procedimiento,0,0.58,0,0
107,3208,2,1,3533,1,0,0,0,1,0,0,0,procedimiento,0,0.57,0,0
107,3209,10,2,2909,1,0,0,0,0,0,0,0,procedimiento,0,0.46,1,0
107,3210,17,2,2607,2,0,0,0,0,1,0,0,inatencion,1,0.36,2,0
108,3211,12,2,3973,2,1,0,0,0,0,0,0,conceptual,0,0.71,1,0
108,3212,9,3,3210,1,1,1,0,0,0,0,0,procedimiento,1,0.6,2,0
108,3213,4,2,3302,1,0,0,0,1,0,0,0,procedimiento,0,0.79,0,0
108,3214,11,4,6151,3,1,2,0,0,0,0,0,consigna,0,0.69,1,0
108,3215,1,3,3385,1,1,0,0,0,0,0,0,inatencion,1,0.58,2,0
108,3216,2,3,3653,1,0,0,0,0,0,0,0,aleatorio,1,0.4,3,0
108,3217,10,3,5542,1,0,0,0,1,0,0,0,procedimiento,0,0.76,0,0
108,3218,4,4,6788,2,0,0,0,0,0,0,0,inatencion,0,0.65,1,0
108,3219,19,2,2972,1,0,0,0,1,0,0,0,procedimiento,0,0.74,0,0
108,3220,2,2,3305,1,1,2,0,1,0,0,0,procedimiento,0,0.74,0,0
108,3221,11,2,3533,3,1,1,0,0,0,0,0,inatencion,0,0.63,1,0
108,3222,16,2,3335,1,0,0,0,1,0,0,0,procedimiento,0,0.72,0,0
108,3223,3,2,4003,1,0,0,0,1,0,0,0,procedimiento,0,0.71,0,0
108,3224,19,3,5152,1,0,0,0,1,0,0,0,procedimiento,0,0.7,0,0
108,3225,8,3,4490,1,0,0,0,1,0,0,0,procedimiento,0,0.7,0,0
108,3226,9,2,2673,1,1,1,0,0,0,0,0,procedimiento,0,0.59,1,0
108,3227,9,1,2407,1,0,0,0,1,0,0,0,procedimiento,0,0.68,0,0
108,3228,9,4,5208,2,1,0,0,0,0,0,0,conceptual,0,0.57,1,0
108,3229,1,2,3887,2,1,0,0,0,0,0,1,consigna,1,0.46,2,0
108,3230,19,3,4279,2,0,0,0,0,0,0,0,aleatorio,1,0.36,3,0
108,3231,8,3,4815,1,0,0,0,1,0,0,0,procedimiento,0,0.65,0,0
108,3232,18,1,3641,1,0,0,0,1,0,0,0,procedimiento,0,0.64,0,0
108,3233,18,3,4158,1,0,0,0,0,0,0,0,inatencion,0,0.53,1,0
108,3234,1,2,3163,1,0,0,0,0,0,0,0,inatencion,1,0.42,2,0
108,3235,18,3,7210,1,0,0,0,0,0,0,1,inatencion,1,0.32,3,0
108,3236,3,3,6767,1,0,0,0,1,0,0,0,procedimiento,0,0.61,0,0
108,3237,2,1,2882,2,0,0,0,0,1,0,0,inatencion,0,0.5,1,0
108,3238,7,2,4338,1,0,0,0,0,1,0,0,conceptual,1,0.39,2,0
108,3239,10,1,2704,1,0,0,0,0,2,0,0,inatencion,1,0.28,3,0
108,3240,17,3,3682,1,1,0,0,0,1,0,0,inatencion,1,0.17,4,0
109,3241,8,2,2965,1,0,0,0,0,0,0,0,conceptual,0,0.57,1,0
109,3242,18,1,1890,1,0,0,1,1,0,0,0,procedimiento,0,0.67,0,0
109,3243,10,2,3048,1,0,0,0,1,0,0,0,procedimiento,0,0.66,0,0
109,3244,12,3,3462,2,1,0,0,0,0,0,0,inatencion,0,0.55,1,0
109,3245,5,3,3474,1,1,0,0,0,0,0,0,inatencion,1,0.45,2,0
109,3246,6,1,1749,1,0,0,1,1,0,0,0,procedimiento,0,0.64,0,0
109,3247,5,3,3328,1,0,0,0,0,0,0,0,aleatorio,0,0.53,1,0
109,3248,12,1,1693,2,1,0,1,0,0,0,0,aleatorio,1,0.43,2,0
109,3249,3,4,4304,1,0,0,0,1,0,0,0,procedimiento,0,0.62,0,0
109,3250,5,3,2523,1,1,0,0,1,0,0,0,procedimiento,0,0.61,0,0
109,3251,5,3,2379,1,0,0,0,0,0,0,0,consigna,0,0.51,1,0
109,3252,6,2,2735,2,0,0,0,0,0,0,0,conceptual,1,0.4,2,0
109,3253,10,3,2366,2,1,0,0,0,2,0,3,inatencion,1,0.29,3,0
109,3254,9,3,2459,2,0,0,0,0,0,0,2,inatencion,1,0.19,4,0
109,3255,5,2,1888,2,1,1,1,0,0,0,2,inatencion,1,0.15,5,0
109,3256,15,1,1569,1,0,0,1,1,0,0,0,procedimiento,0,0.57,0,0
109,3257,14,3,3439,1,1,2,0,0,4,0,0,conceptual,0,0.47,1,0
109,3258,16,2,1857,1,0,0,1,1,1,0,0,procedimiento,0,0.56,0,0
109,3259,7,2,2104,1,1,3,0,1,1,0,0,procedimiento,0,0.55,0,0
109,3260,4,2,2372,1,0,0,0,1,2,0,0,procedimiento,0,0.55,0,0
109,3261,6,3,3506,3,1,1,0,0,1,0,0,inatencion,0,0.44,1,0
109,3262,2,3,3642,2,0,0,0,0,1,0,0,inatencion,1,0.33,2,0
109,3263,12,2,2223,1,1,2,0,1,0,0,0,procedimiento,0,0.53,0,0
109,3264,1,4,3926,2,0,0,0,0,0,0,0,consigna,0,0.42,1,0
109,3265,11,2,2884,3,0,0,0,0,1,0,4,inatencion,1,0.31,2,0
109,3266,8,4,5230,1,1,0,0,1,1,0,0,procedimiento,0,0.51,0,0
109,3267,7,3,3652,1,1,0,0,0,1,198,0,conceptual,1,0.4,1,0
109,3268,13,3,3395,1,1,0,0,0,0,1017,1,conceptual,1,0.29,2,0
109,3269,10,2,3552,1,0,0,0,1,0,869,0,procedimiento,1,0.49,0,0
109,3270,14,2,3218,3,1,0,0,0,1,970,0,procedimiento,1,0.38,1,0
110,3271,13,3,4474,1,0,0,0,1,0,0,0,procedimiento,0,0.86,0,0
110,3272,14,1,1901,1,0,0,1,1,0,0,0,procedimiento,0,0.86,0,0
110,3273,18,1,3084,2,0,0,0,0,0,0,0,inatencion,0,0.75,1,0
110,3274,2,1,2201,1,0,0,0,1,0,0,0,procedimiento,0,0.84,0,0
110,3275,14,2,2880,1,0,0,0,0,0,0,0,aleatorio,0,0.73,1,0
110,3276,1,2,2999,1,0,0,0,1,0,0,0,procedimiento,0,0.82,0,0
110,3277,10,3,3916,1,1,0,0,0,0,0,0,inatencion,0,0.71,1,0
110,3278,19,2,3415,1,0,0,0,0,0,0,1,consigna,1,0.6,2,0
110,3279,10,3,4178,1,1,0,0,0,0,0,0,inatencion,1,0.4,3,0
110,3280,16,1,2872,1,0,0,0,0,0,0,0,inatencion,1,0.39,4,0
110,3281,17,1,3067,1,0,0,0,1,0,0,0,procedimiento,0,0.78,0,0
110,3282,2,2,3009,1,1,2,0,1,0,0,0,procedimiento,0,0.77,0,0
110,3283,9,2,4141,1,0,0,0,1,0,0,0,procedimiento,0,0.76,0,0
110,3284,15,1,2732,1,0,0,0,1,0,0,0,procedimiento,0,0.75,0,0
110,3285,4,2,3864,1,1,0,0,1,0,0,0,procedimiento,0,0.74,0,0
110,3286,16,3,4015,1,1,3,0,1,0,0,0,procedimiento,0,0.73,0,0
110,3287,7,1,2339,1,0,0,0,1,0,0,0,procedimiento,0,0.73,0,0
110,3288,19,3,4541,1,0,0,0,0,0,0,0,inatencion,0,0.62,1,0
110,3289,3,2,3748,1,0,0,0,1,0,0,0,procedimiento,0,0.71,0,0
110,3290,19,3,5418,1,0,0,0,1,0,0,0,procedimiento,0,0.7,0,0
110,3291,2,4,6430,1,0,0,0,1,0,0,0,procedimiento,0,0.69,0,0
110,3292,15,1,4334,1,0,0,0,1,0,0,0,procedimiento,0,0.68,0,0
110,3293,14,2,3343,1,0,0,0,1,0,0,0,procedimiento,0,0.67,0,0
110,3294,11,3,7137,1,1,0,0,1,0,0,0,procedimiento,0,0.67,0,0
110,3295,7,2,3269,1,0,0,0,1,0,0,0,procedimiento,0,0.66,0,0
110,3296,19,4,6251,1,0,0,0,1,0,0,0,procedimiento,0,0.65,0,0
110,3297,14,3,5374,1,1,0,0,1,0,0,0,procedimiento,0,0.64,0,0
110,3298,11,1,2227,1,1,0,0,0,0,0,0,inatencion,0,0.53,1,0
110,3299,18,1,3688,1,0,0,0,1,0,0,0,procedimiento,0,0.62,0,0
110,3300,14,2,4157,1,0,0,0,1,0,0,0,procedimiento,0,0.61,0,0
111,3301,15,2,4203,1,0,0,0,1,3,0,0,procedimiento,0,0.6,0,0
111,3302,11,3,5362,1,1,0,0,1,2,0,0,procedimiento,0,0.59,0,0
111,3303,19,3,5162,1,0,0,0,0,3,0,0,inatencion,0,0.49,1,0
111,3304,4,2,4361,1,0,0,0,1,3,0,0,procedimiento,0,0.58,0,0
111,3305,12,1,2684,1,0,0,0,1,1,0,0,procedimiento,0,0.57,0,0
111,3306,9,4,6322,1,1,0,0,1,0,0,0,procedimiento,0,0.57,0,0
111,3307,1,2,3741,1,1,0,0,1,2,0,0,procedimiento,0,0.56,0,0
111,3308,19,2,3345,1,1,0,0,1,0,0,0,procedimiento,0,0.56,0,0
111,3309,13,4,4669,2,0,0,0,0,2,0,0,inatencion,0,0.45,1,0
111,3310,10,1,2867,1,0,0,0,1,2,0,0,procedimiento,0,0.54,0,0
111,3311,5,2,3235,1,0,0,0,1,4,0,0,procedimiento,0,0.54,0,0
111,3312,12,3,3411,1,0,0,0,0,1,0,0,inatencion,0,0.43,1,0
111,3313,5,2,2816,1,0,0,0,0,2,0,0,conceptual,1,0.33,2,0
111,3314,5,3,4398,1,0,0,0,1,1,0,0,procedimiento,0,0.52,0,0
111,3315,13,3,4234,1,0,0,0,1,4,0,0,procedimiento,0,0.51,0,0
111,3316,19,1,2334,1,0,0,0,1,1,0,0,procedimiento,0,0.51,0,0
111,3317,15,3,4317,2,0,0,0,0,1,0,0,conceptual,0,0.4,1,0
111,3318,15,2,4561,1,0,0,0,0,2,66,3,procedimiento,1,0.3,2,0
111,3319,5,4,6895,1,0,0,0,1,2,680,0,procedimiento,1,0.49,0,0
111,3320,6,3,3708,1,0,0,0,0,4,191,0,procedimiento,1,0.38,1,0
111,3321,14,3,3599,1,0,0,0,1,0,136,0,procedimiento,1,0.48,0,0
111,3322,7,2,6150,1,0,0,0,1,4,582,0,procedimiento,1,0.47,0,0
111,3323,9,2,4531,1,0,0,0,1,2,994,0,procedimiento,1,0.47,0,0
111,3324,17,3,4510,1,1,1,0,0,2,262,0,inatencion,1,0.36,1,0
111,3325,14,3,4660,1,1,1,0,0,2,676,2,conceptual,1,0.25,2,0
111,3326,18,2,3475,1,1,0,0,0,3,248,3,inatencion,1,0.15,3,0
111,3327,18,1,2700,1,1,0,0,1,1,856,0,procedimiento,1,0.44,0,0
111,3328,17,4,6357,1,0,0,0,1,1,668,0,procedimiento,1,0.44,0,0
111,3329,5,2,6175,2,0,0,0,0,1,718,0,procedimiento,1,0.33,1,0
111,3330,3,3,6690,1,0,0,0,1,0,851,0,procedimiento,1,0.42,0,0
112,3331,12,3,3033,2,0,0,0,0,0,0,0,inatencion,0,0.69,1,0
112,3332,14,2,3544,1,1,1,0,1,0,0,0,procedimiento,0,0.79,0,0
112,3333,8,2,2677,1,0,0,0,1,0,0,0,procedimiento,0,0.78,0,0
112,3334,5,1,2303,2,0,0,0,0,0,0,0,consigna,0,0.67,1,0
112,3335,12,3,3372,2,0,0,0,0,0,0,0,inatencion,1,0.56,2,0
112,3336,1,1,2233,1,0,0,0,1,0,0,0,procedimiento,0,0.75,0,0
112,3337,5,2,3541,1,0,0,0,0,0,0,0,consigna,0,0.65,1,0
112,3338,16,1,2298,1,0,0,0,1,0,0,0,procedimiento,0,0.74,0,0
112,3339,6,3,2897,1,1,0,0,1,0,0,0,procedimiento,0,0.73,0,0
112,3340,2,2,2771,2,0,0,0,0,0,0,0,procedimiento,0,0.62,1,0
112,3341,4,3,4504,2,0,0,0,0,0,0,0,conceptual,1,0.51,2,0
112,3342,8,3,3396,1,1,1,0,0,0,0,1,inatencion,1,0.4,3,0
112,3343,6,4,3690,2,0,0,0,0,0,0,4,inatencion,1,0.3,4,0
112,3344,3,2,2510,1,0,0,0,0,0,0,1,aleatorio,1,0.19,5,0
112,3345,2,4,3790,2,1,2,0,0,0,0,0,inatencion,1,0.15,6,0
112,3346,10,3,3744,2,1,1,0,0,0,0,0,inatencion,1,0.15,7,0
112,3347,14,1,1635,1,0,0,1,0,0,0,0,inatencion,1,0.15,8,0
112,3348,7,3,3049,1,1,1,0,0,0,0,1,inatencion,1,0.15,9,0
112,3349,15,1,2262,1,0,0,0,1,0,0,0,procedimiento,0,0.65,0,0
112,3350,15,4,5309,1,1,0,0,0,0,0,0,aleatorio,0,0.54,1,0
112,3351,13,3,4583,2,0,0,0,0,0,0,0,conceptual,1,0.43,2,0
112,3352,11,1,2272,1,0,0,0,1,0,0,0,procedimiento,0,0.63,0,0
112,3353,5,2,3136,1,0,0,0,0,0,0,0,inatencion,0,0.52,1,0
112,3354,2,2,4187,1,0,0,0,1,0,0,0,procedimiento,0,0.61,0,0
112,3355,15,3,5070,1,0,0,0,1,0,0,0,procedimiento,0,0.6,0,0
112,3356,10,3,4687,1,1,2,0,0,2,0,0,consigna,0,0.49,1,0
112,3357,5,3,4037,1,0,0,0,0,1,0,2,consigna,1,0.39,2,0
112,3358,16,2,4780,2,0,0,0,0,1,0,1,inatencion,1,0.28,3,0
112,3359,6,4,4889,3,0,0,0,0,3,0,1,inatencion,1,0.17,4,0
112,3360,1,3,5638,1,0,0,0,1,0,0,0,procedimiento,0,0.56,0,0
113,3361,9,3,4964,1,0,0,0,1,0,0,0,procedimiento,0,0.76,0,0
113,3362,17,3,3950,1,1,0,0,1,0,0,0,procedimiento,0,0.75,0,0
113,3363,18,2,3172,1,0,0,0,1,0,0,0,procedimiento,0,0.74,0,0
113,3364,5,1,3020,1,0,0,0,1,0,0,0,procedimiento,0,0.73,0,0
113,3365,2,2,3104,1,0,0,0,1,0,0,0,procedimiento,0,0.73,0,0
113,3366,14,4,6245,2,0,0,0,0,0,0,0,procedimiento,0,0.62,1,0
113,3367,4,1,2774,1,0,0,0,1,0,0,0,procedimiento,0,0.71,0,0
113,3368,8,4,4695,2,1,0,0,0,0,0,0,conceptual,0,0.6,1,0
113,3369,3,4,6350,1,1,0,0,1,0,0,0,procedimiento,0,0.7,0,0
113,3370,13,1,2277,1,1,0,0,1,0,0,0,procedimiento,0,0.69,0,0
113,3371,8,3,3557,1,0,0,0,0,0,0,0,procedimiento,0,0.58,1,0
113,3372,6,4,5551,1,0,0,0,1,0,0,0,procedimiento,0,0.67,0,0
113,3373,6,1,2940,1,0,0,0,1,0,0,0,procedimiento,0,0.67,0,0
113,3374,17,4,6746,1,0,0,0,1,0,0,0,procedimiento,0,0.66,0,0
113,3375,9,1,2973,3,0,0,0,0,0,0,0,conceptual,0,0.55,1,0
113,3376,1,2,2813,1,1,1,0,0,0,0,0,conceptual,1,0.44,2,0
113,3377,4,3,5082,1,1,0,0,1,0,0,0,procedimiento,0,0.63,0,0
113,3378,17,3,4192,1,0,0,0,1,0,0,0,procedimiento,0,0.63,0,0
113,3379,8,3,4137,1,1,0,0,1,0,0,0,procedimiento,0,0.62,0,0
113,3380,4,1,3043,1,0,0,0,1,0,0,0,procedimiento,0,0.61,0,0
113,3381,15,2,4352,1,0,0,0,0,0,0,0,conceptual,0,0.5,1,0
113,3382,9,1,2721,1,0,0,0,1,0,0,0,procedimiento,0,0.6,0,0
113,3383,11,2,5975,1,0,0,0,1,1,0,0,procedimiento,0,0.59,0,0
113,3384,15,2,5241,1,0,0,0,1,0,0,0,procedimiento,0,0.58,0,0
113,3385,19,2,2812,1,0,0,0,1,2,0,0,procedimiento,0,0.57,0,0
113,3386,9,3,5346,1,1,3,0,0,2,0,0,consigna,0,0.47,1,0
113,3387,18,3,4551,1,0,0,0,1,0,0,0,procedimiento,0,0.56,0,0
113,3388,5,3,3744,1,0,0,0,1,0,0,0,procedimiento,0,0.55,0,0
113,3389,6,3,5402,2,1,1,0,0,0,0,0,procedimiento,0,0.44,1,0
113,3390,14,2,3962,1,0,0,0,0,0,0,1,consigna,1,0.34,2,0
114,3391,12,3,5247,1,1,0,0,1,0,0,0,procedimiento,0,0.92,0,0
114,3392,9,4,7319,1,1,0,0,0,0,0,0,inatencion,0,0.81,1,0
114,3393,14,3,3814,2,1,0,0,0,0,0,0,conceptual,1,0.7,2,0
114,3394,18,2,3414,1,0,0,0,1,0,0,0,procedimiento,0,0.9,0,0
114,3395,9,4,4878,1,0,0,0,0,0,0,0,inatencion,0,0.79,1,0
114,3396,9,1,2491,1,0,0,0,1,0,0,0,procedimiento,0,0.88,0,0
114,3397,15,1,2926,1,0,0,0,1,0,0,0,procedimiento,0,0.87,0,0
114,3398,10,1,2197,1,0,0,0,1,0,0,0,procedimiento,0,0.86,0,0
114,3399,6,3,5829,1,0,0,0,1,0,0,0,procedimiento,0,0.85,0,0
114,3400,9,4,6963,1,1,1,0,1,0,0,0,procedimiento,0,0.84,0,0
114,3401,15,2,2827,1,1,0,0,1,0,0,0,procedimiento,0,0.83,0,0
114,3402,8,2,4364,1,1,0,0,1,0,0,0,procedimiento,0,0.82,0,0
114,3403,9,3,3565,1,0,0,0,0,0,0,0,inatencion,0,0.71,1,0
114,3404,11,2,2970,1,0,0,0,1,0,0,0,procedimiento,0,0.8,0,0
114,3405,17,1,2462,1,0,0,0,1,0,0,0,procedimiento,0,0.79,0,0
114,3406,5,3,5830,2,0,0,0,0,0,0,0,inatencion,0,0.68,1,0
114,3407,17,3,4375,1,0,0,0,1,0,0,0,procedimiento,0,0.78,0,0
114,3408,17,2,2947,3,1,0,0,0,0,0,0,inatencion,0,0.67,1,0
114,3409,11,3,4282,1,1,0,0,0,0,0,0,inatencion,1,0.56,2,0
114,3410,5,2,4451,2,0,0,0,0,0,0,0,inatencion,1,0.4,3,0
114,3411,19,2,3044,1,1,1,0,0,0,0,0,inatencion,1,0.34,4,0
114,3412,16,3,8000,1,0,0,0,1,0,0,0,procedimiento,0,0.73,0,0
114,3413,7,3,3844,2,1,0,0,0,0,0,0,conceptual,0,0.62,1,0
114,3414,4,2,5263,3,1,0,0,0,0,0,0,inatencion,1,0.51,2,0
114,3415,16,3,5716,2,1,0,0,0,0,0,0,aleatorio,1,0.4,3,0
114,3416,18,3,5513,1,0,0,0,1,0,0,0,procedimiento,0,0.69,0,0
114,3417,8,4,6945,1,0,0,0,0,0,0,0,consigna,0,0.58,1,0
114,3418,14,2,5650,2,1,0,0,0,0,0,0,conceptual,1,0.47,2,0
114,3419,5,2,6340,1,0,0,0,1,0,0,0,procedimiento,0,0.66,0,0
114,3420,6,1,3222,1,0,0,0,1,0,0,0,procedimiento,0,0.66,0,0
115,3421,16,2,2527,1,0,0,0,1,0,0,0,procedimiento,0,0.98,0,0
115,3422,5,1,1420,1,0,0,1,1,0,0,0,procedimiento,0,0.97,0,0
115,3423,3,3,2974,3,0,0,0,0,0,0,0,conceptual,0,0.86,1,0
115,3424,17,2,3036,2,0,0,0,0,0,0,0,consigna,1,0.75,2,0
115,3425,14,3,4159,1,1,2,0,0,0,0,0,inatencion,1,0.4,3,0
115,3426,19,1,1614,1,1,0,1,1,0,0,0,procedimiento,0,0.93,0,0
115,3427,8,2,2983,1,0,0,0,0,0,0,0,conceptual,0,0.82,1,0
115,3428,3,2,2706,1,0,0,0,1,0,0,0,procedimiento,0,0.91,0,0
115,3429,7,2,2833,2,0,0,0,0,0,0,0,conceptual,0,0.8,1,0
115,3430,4,2,3149,2,1,0,0,0,0,0,0,consigna,1,0.69,2,0
115,3431,16,1,1920,1,0,0,1,0,0,0,1,inatencion,1,0.4,3,0
115,3432,11,2,3095,2,1,0,0,0,0,0,0,inatencion,1,0.4,4,0
115,3433,17,2,2001,1,0,0,0,0,0,0,0,inatencion,1,0.36,5,0
115,3434,16,1,1705,1,0,0,1,1,0,0,0,procedimiento,0,0.85,0,0
115,3435,2,2,2412,2,0,0,0,0,0,0,0,conceptual,0,0.74,1,0
115,3436,17,2,3159,1,0,0,0,1,0,0,0,procedimiento,0,0.83,0,0
115,3437,4,3,4134,1,0,0,0,0,0,0,0,conceptual,0,0.72,1,0
115,3438,3,1,1394,2,1,1,1,0,0,0,1,inatencion,1,0.61,2,0
115,3439,10,2,2432,1,1,0,0,0,0,0,1,inatencion,1,0.4,3,0
115,3440,14,1,1790,1,0,0,1,1,0,0,0,procedimiento,0,0.79,0,0
115,3441,10,1,2217,1,0,0,0,1,0,0,0,procedimiento,0,0.78,0,0
115,3442,6,1,2978,2,0,0,0,0,0,0,0,procedimiento,0,0.67,1,0
115,3443,5,1,2858,1,0,0,0,0,0,0,0,procedimiento,1,0.56,2,0
115,3444,3,3,4625,2,1,0,0,0,0,0,1,inatencion,1,0.4,3,0
115,3445,1,2,2607,2,1,0,0,0,0,0,0,aleatorio,1,0.34,4,0
115,3446,17,2,2757,1,0,0,0,0,0,0,0,inatencion,1,0.23,5,0
115,3447,8,2,2586,3,0,0,0,0,0,0,0,inatencion,1,0.15,6,0
115,3448,7,2,4257,2,0,0,0,0,0,0,0,aleatorio,1,0.15,7,0
115,3449,13,3,5487,1,0,0,0,0,0,0,0,inatencion,1,0.15,8,0
115,3450,19,1,3297,1,0,0,0,1,0,0,0,procedimiento,0,0.69,0,0
116,3451,16,3,2233,1,0,0,0,1,2,0,0,procedimiento,0,0.53,0,0
116,3452,8,2,1808,3,1,0,1,0,0,0,0,aleatorio,0,0.42,1,0
116,3453,9,2,1613,2,0,0,1,0,1,0,0,aleatorio,1,0.32,2,0
116,3454,11,2,2045,1,0,0,0,0,2,0,1,aleatorio,1,0.21,3,0
116,3455,14,2,1792,1,1,2,1,1,1,0,0,procedimiento,0,0.51,0,0
116,3456,13,2,1518,3,0,0,1,0,2,0,0,inatencion,0,0.4,1,0
116,3457,5,4,2710,3,0,0,0,0,3,353,2,procedimiento,1,0.3,2,0
116,3458,9,4,2833,1,0,0,0,1,2,232,0,procedimiento,1,0.49,0,0
116,3459,19,1,1709,1,0,0,1,1,1,355,0,procedimiento,1,0.49,0,0
116,3460,18,1,1458,1,0,0,1,0,1,607,0,inatencion,1,0.38,1,0
116,3461,4,2,2389,2,1,0,0,0,2,627,0,procedimiento,1,0.27,2,0
116,3462,14,2,2284,2,0,0,0,0,0,374,0,inatencion,1,0.17,3,0
116,3463,1,1,1416,1,0,0,1,1,1,6,0,procedimiento,1,0.46,0,0
116,3464,13,1,1718,1,0,0,1,1,3,225,0,procedimiento,1,0.46,0,0
116,3465,13,1,1774,1,0,0,1,1,1,618,0,procedimiento,1,0.45,0,0
116,3466,4,3,2561,1,0,0,0,1,2,140,0,procedimiento,1,0.45,0,0
116,3467,9,3,2271,2,0,0,0,0,0,33,0,aleatorio,1,0.34,1,0
116,3468,11,1,1384,1,0,0,1,0,1,286,2,inatencion,1,0.24,2,0
116,3469,2,3,3101,1,0,0,0,1,5,113,0,procedimiento,1,0.43,0,0
116,3470,13,3,3090,1,1,1,0,0,3,136,0,inatencion,1,0.33,1,0
116,3471,16,4,2813,3,1,0,0,0,0,1526,3,conceptual,1,0.22,2,0
116,3472,12,2,2495,1,0,0,0,1,1,520,0,procedimiento,1,0.42,0,0
116,3473,5,4,3560,1,0,0,0,0,1,1069,0,consigna,1,0.31,1,0
116,3474,11,4,5475,1,1,3,0,1,0,64,0,procedimiento,1,0.41,0,0
116,3475,2,3,2965,1,0,0,0,1,3,1083,0,procedimiento,1,0.4,0,0
116,3476,16,4,4190,1,0,0,0,0,1,115,1,conceptual,1,0.3,1,0
116,3477,12,3,3463,1,0,0,0,1,3,60,3,procedimiento,1,0.39,0,0
116,3478,3,2,2491,1,0,0,0,0,0,710,0,conceptual,1,0.29,1,0
116,3479,8,2,2286,1,0,0,0,0,1,7,2,consigna,1,0.18,2,0
116,3480,2,3,2558,3,0,0,0,0,2,220,3,inatencion,1,0.15,3,0
117,3481,17,4,5669,1,0,0,0,0,0,0,0,inatencion,0,0.63,1,0
117,3482,16,3,4515,1,0,0,0,1,0,0,0,procedimiento,0,0.73,0,0
117,3483,12,1,2670,1,0,0,0,0,0,0,0,procedimiento,0,0.62,1,0
117,3484,8,3,3269,1,0,0,0,0,0,0,0,consigna,1,0.51,2,0
117,3485,4,4,5763,1,1,0,0,1,0,0,0,procedimiento,0,0.7,0,0
117,3486,8,1,2522,1,1,0,0,1,0,0,0,procedimiento,0,0.7,0,0
117,3487,18,2,3777,1,0,0,0,0,0,0,0,procedimiento,0,0.59,1,0
117,3488,10,1,2546,1,0,0,0,1,0,0,0,procedimiento,0,0.68,0,0
117,3489,10,3,4264,1,0,0,0,1,0,0,0,procedimiento,0,0.67,0,0
117,3490,12,1,2154,1,0,0,0,0,0,0,0,procedimiento,0,0.57,1,0
117,3491,3,4,5468,1,0,0,0,0,0,0,0,inatencion,1,0.46,2,0
117,3492,15,2,3473,1,0,0,0,1,0,0,0,procedimiento,0,0.65,0,0
117,3493,11,3,3304,3,1,0,0,0,0,0,0,inatencion,0,0.54,1,0
117,3494,1,1,1732,3,0,0,1,0,0,0,2,aleatorio,1,0.44,2,0
117,3495,19,3,4681,1,0,0,0,0,0,0,0,inatencion,1,0.33,3,0
117,3496,1,3,3826,2,1,0,0,0,0,0,0,aleatorio,1,0.22,4,0
117,3497,8,2,2743,1,0,0,0,0,0,0,0,inatencion,1,0.15,5,0
117,3498,16,1,1991,1,0,0,1,0,0,0,0,inatencion,1,0.15,6,0
117,3499,15,2,2372,1,0,0,0,1,0,0,0,procedimiento,0,0.6,0,0
117,3500,14,2,3514,1,0,0,0,0,0,0,0,inatencion,0,0.49,1,0
117,3501,3,1,2235,1,1,0,0,0,2,0,1,inatencion,1,0.39,2,0
117,3502,4,3,3547,3,0,0,0,0,0,0,1,inatencion,1,0.28,3,0
117,3503,2,3,3887,3,0,0,0,0,2,0,2,inatencion,1,0.17,4,0
117,3504,5,3,5191,1,0,0,0,1,2,0,0,procedimiento,0,0.56,0,0
117,3505,6,4,7197,3,0,0,0,0,2,0,0,conceptual,0,0.46,1,0
117,3506,1,3,4708,1,1,0,0,0,0,0,2,conceptual,1,0.35,2,0
117,3507,11,2,2981,1,0,0,0,1,3,0,0,procedimiento,0,0.54,0,0
117,3508,1,3,3695,2,0,0,0,0,0,0,0,consigna,0,0.44,1,0
117,3509,16,1,2435,2,0,0,0,0,2,0,1,inatencion,1,0.33,2,0
117,3510,5,2,3327,2,0,0,0,0,1,0,1,inatencion,1,0.22,3,0
118,3511,3,4,4761,1,1,0,0,1,0,0,0,procedimiento,0,0.82,0,0
118,3512,6,2,2837,1,0,0,0,0,0,0,0,inatencion,0,0.71,1,0
118,3513,14,4,6097,1,1,0,0,1,0,0,0,procedimiento,0,0.8,0,0
118,3514,5,2,4063,1,0,0,0,1,0,0,0,procedimiento,0,0.8,0,0
118,3515,12,1,2788,1,0,0,0,1,0,0,0,procedimiento,0,0.79,0,0
118,3516,4,2,2591,1,0,0,0,1,0,0,0,procedimiento,0,0.78,0,0
118,3517,10,3,3421,1,1,1,0,1,0,0,0,procedimiento,0,0.77,0,0
118,3518,16,4,4436,1,0,0,0,1,0,0,0,procedimiento,0,0.76,0,0
118,3519,18,1,2679,3,1,0,0,0,0,0,0,conceptual,0,0.65,1,0
118,3520,12,1,2055,1,0,0,0,1,0,0,0,procedimiento,0,0.75,0,0
118,3521,8,4,5909,1,0,0,0,1,0,0,0,procedimiento,0,0.74,0,0
118,3522,8,4,6009,1,0,0,0,1,0,0,0,procedimiento,0,0.73,0,0
118,3523,17,1,3019,1,0,0,0,1,0,0,0,procedimiento,0,0.72,0,0
118,3524,15,4,5123,1,0,0,0,1,0,0,0,procedimiento,0,0.71,0,0
118,3525,16,3,4011,1,0,0,0,1,0,0,0,procedimiento,0,0.71,0,0
118,3526,14,2,3311,1,0,0,0,1,0,0,0,procedimiento,0,0.7,0,0
118,3527,2,1,2189,1,0,0,0,1,0,0,0,procedimiento,0,0.69,0,0
118,3528,14,4,4827,1,1,0,0,1,0,0,0,procedimiento,0,0.68,0,0
118,3529,8,3,5480,1,0,0,0,1,0,0,0,procedimiento,0,0.67,0,0
118,3530,17,2,4109,1,1,0,0,0,0,0,0,procedimiento,0,0.56,1,0
118,3531,5,3,4080,2,0,0,0,0,0,0,1,inatencion,1,0.46,2,0
118,3532,1,2,4231,1,0,0,0,0,0,0,2,inatencion,1,0.35,3,0
118,3533,2,4,7103,1,0,0,0,1,0,0,0,procedimiento,0,0.64,0,0
118,3534,15,3,5246,1,1,2,0,0,0,0,0,consigna,0,0.53,1,0
118,3535,19,1,3475,1,0,0,0,0,0,0,1,conceptual,1,0.42,2,0
118,3536,2,2,5288,2,1,1,0,0,0,0,0,inatencion,1,0.31,3,0
118,3537,14,1,2293,1,0,0,0,1,0,0,0,procedimiento,0,0.61,0,0
118,3538,4,2,2683,1,0,0,0,1,0,0,0,procedimiento,0,0.6,0,0
118,3539,1,2,5204,1,1,0,0,1,1,0,0,procedimiento,0,0.59,0,0
118,3540,18,2,3477,1,1,1,0,1,4,0,0,procedimiento,0,0.58,0,0
119,3541,9,2,1548,1,0,0,1,1,0,0,0,procedimiento,0,0.93,0,0
119,3542,15,2,1601,1,1,2,1,1,0,0,0,procedimiento,0,0.92,0,0
119,3543,3,3,2116,2,1,1,0,0,0,0,0,consigna,0,0.81,1,0
119,3544,13,3,1905,2,1,0,1,0,0,0,0,aleatorio,1,0.7,2,0
119,3545,1,2,1605,2,0,0,1,0,0,0,0,aleatorio,1,0.4,3,0
119,3546,18,3,2761,1,0,0,0,1,0,0,0,procedimiento,0,0.88,0,0
119,3547,5,2,1479,1,0,0,1,1,0,0,0,procedimiento,0,0.88,0,0
119,3548,5,2,2526,1,0,0,0,1,0,0,0,procedimiento,0,0.87,0,0
119,3549,16,3,3049,1,0,0,0,1,0,0,0,procedimiento,0,0.86,0,0
119,3550,13,3,2653,1,1,0,0,1,0,0,0,procedimiento,0,0.85,0,0
119,3551,19,1,1706,1,0,0,1,1,0,0,0,procedimiento,0,0.84,0,0
119,3552,16,3,2798,1,1,0,0,1,0,0,0,procedimiento,0,0.83,0,0
119,3553,7,1,1636,1,0,0,1,1,0,0,0,procedimiento,0,0.82,0,0
119,3554,5,4,3638,1,1,0,0,0,0,0,0,inatencion,0,0.71,1,0
119,3555,5,1,1210,1,1,3,1,1,0,0,0,procedimiento,0,0.8,0,0
119,3556,19,2,2247,1,0,0,0,1,0,0,0,procedimiento,0,0.79,0,0
119,3557,6,3,2498,1,1,1,0,0,0,0,0,conceptual,0,0.68,1,0
119,3558,18,1,1777,1,1,0,1,1,0,0,0,procedimiento,0,0.77,0,0
119,3559,3,3,3043,1,0,0,0,1,0,0,0,procedimiento,0,0.76,0,0
119,3560,17,3,2111,2,0,0,0,0,0,0,0,procedimiento,0,0.65,1,0
119,3561,3,2,2117,1,0,0,0,1,0,0,0,procedimiento,0,0.75,0,0
119,3562,19,2,2532,1,0,0,0,1,0,0,0,procedimiento,0,0.74,0,0
119,3563,16,3,3275,1,0,0,0,1,0,0,0,procedimiento,0,0.73,0,0
119,3564,2,3,2989,1,0,0,0,1,0,0,0,procedimiento,0,0.72,0,0
119,3565,14,3,4190,1,1,0,0,1,0,0,0,procedimiento,0,0.71,0,0
119,3566,5,2,3050,2,1,0,0,0,0,0,0,inatencion,0,0.6,1,0
119,3567,18,2,2956,1,0,0,0,0,0,0,0,inatencion,1,0.49,2,0
119,3568,3,1,1923,1,0,0,1,1,0,0,0,procedimiento,0,0.68,0,0
119,3569,7,2,1970,1,0,0,1,1,0,0,0,procedimiento,0,0.67,0,0
119,3570,16,4,4376,1,0,0,0,1,0,0,0,procedimiento,0,0.66,0,0
120,3571,12,4,5252,1,1,1,0,1,0,0,0,procedimiento,0,0.74,0,0
120,3572,4,2,3526,1,0,0,0,1,0,0,0,procedimiento,0,0.73,0,0
120,3573,12,2,3112,1,0,0,0,1,0,0,0,procedimiento,0,0.72,0,0
120,3574,3,3,4985,1,1,0,0,0,0,0,0,inatencion,0,0.61,1,0
120,3575,1,1,2032,1,0,0,0,1,0,0,0,procedimiento,0,0.71,0,0
120,3576,1,4,5293,3,0,0,0,0,0,0,0,inatencion,0,0.6,1,0
120,3577,18,1,2699,1,0,0,0,1,0,0,0,procedimiento,0,0.69,0,0
120,3578,5,3,4667,2,1,0,0,0,0,0,0,inatencion,0,0.58,1,0
120,3579,10,3,3317,2,1,1,0,0,0,0,0,procedimiento,1,0.48,2,0
120,3580,2,2,2310,1,0,0,0,0,0,0,2,inatencion,1,0.37,3,0
120,3581,13,1,2129,1,0,0,0,1,0,0,0,procedimiento,0,0.66,0,0
120,3582,10,1,2290,1,0,0,0,1,0,0,0,procedimiento,0,0.66,0,0
120,3583,16,2,3651,1,0,0,0,1,0,0,0,procedimiento,0,0.65,0,0
120,3584,12,1,2069,1,0,0,0,1,0,0,0,procedimiento,0,0.64,0,0
120,3585,18,4,5385,1,0,0,0,0,0,0,0,inatencion,0,0.53,1,0
120,3586,6,3,2935,1,1,0,0,0,0,0,0,aleatorio,1,0.43,2,0
120,3587,3,2,3324,3,0,0,0,0,0,0,1,inatencion,1,0.32,3,0
120,3588,7,2,3183,1,1,0,0,1,0,0,0,procedimiento,0,0.61,0,0
120,3589,12,1,2702,1,0,0,0,1,0,0,0,procedimiento,0,0.6,0,0
120,3590,11,2,2472,1,0,0,0,0,0,0,0,consigna,0,0.5,1,0
120,3591,13,3,4595,3,0,0,0,0,2,0,0,inatencion,1,0.39,2,0
120,3592,3,2,4142,3,0,0,0,0,1,0,1,inatencion,1,0.28,3,0
120,3593,7,3,4743,1,1,0,0,1,2,0,0,procedimiento,0,0.57,0,0
120,3594,11,3,4459,2,0,0,0,0,2,0,0,conceptual,0,0.47,1,0
120,3595,17,2,4332,1,0,0,0,1,1,0,0,procedimiento,0,0.56,0,0
120,3596,1,4,6762,1,1,2,0,0,0,0,0,conceptual,0,0.45,1,0
120,3597,2,3,5007,2,1,0,0,0,3,0,1,conceptual,1,0.34,2,0
120,3598,12,2,3748,3,0,0,0,0,2,0,0,aleatorio,1,0.24,3,0
120,3599,2,3,4312,1,0,0,0,1,4,0,0,procedimiento,0,0.53,0,0
120,3600,9,4,6803,1,1,0,0,1,0,0,0,procedimiento,0,0.52,0,0
121,3601,11,3,4852,3,1,1,0,0,0,0,0,consigna,0,0.66,1,0
121,3602,1,3,4382,1,0,0,0,1,0,0,0,procedimiento,0,0.75,0,0
121,3603,11,3,4511,2,0,0,0,0,0,0,0,inatencion,0,0.65,1,0
121,3604,2,3,3549,1,1,0,0,1,0,0,0,procedimiento,0,0.74,0,0
121,3605,13,4,4912,1,0,0,0,1,0,0,0,procedimiento,0,0.73,0,0
121,3606,8,3,4990,1,1,1,0,1,0,0,0,procedimiento,0,0.72,0,0
121,3607,13,2,3899,2,1,0,0,0,0,0,0,inatencion,0,0.62,1,0
121,3608,12,3,3475,3,1,1,0,0,0,0,0,inatencion,1,0.51,2,0
121,3609,7,2,3333,1,0,0,0,1,0,0,0,procedimiento,0,0.7,0,0
121,3610,1,3,4464,1,1,0,0,0,0,0,0,consigna,0,0.59,1,0
121,3611,17,2,2880,1,0,0,0,1,0,0,0,procedimiento,0,0.68,0,0
121,3612,9,1,2721,1,0,0,0,1,0,0,0,procedimiento,0,0.68,0,0
121,3613,16,4,5103,1,1,1,0,1,0,0,0,procedimiento,0,0.67,0,0
121,3614,15,2,2550,1,0,0,0,1,0,0,0,procedimiento,0,0.66,0,0
121,3615,12,3,4369,1,0,0,0,1,0,0,0,procedimiento,0,0.65,0,0
121,3616,7,4,5979,1,1,0,0,0,0,0,0,conceptual,0,0.55,1,0
121,3617,11,3,3575,1,1,0,0,1,0,0,0,procedimiento,0,0.64,0,0
121,3618,9,3,4696,1,0,0,0,1,0,0,0,procedimiento,0,0.63,0,0
121,3619,10,1,2388,1,0,0,0,1,0,0,0,procedimiento,0,0.62,0,0
121,3620,6,3,4543,1,0,0,0,1,0,0,0,procedimiento,0,0.62,0,0
121,3621,10,2,2754,1,0,0,0,1,0,0,0,procedimiento,0,0.61,0,0
121,3622,4,2,3716,1,0,0,0,0,0,0,0,inatencion,0,0.5,1,0
121,3623,9,1,2637,2,0,0,0,0,0,0,1,consigna,1,0.39,2,0
121,3624,5,1,2845,1,1,1,0,1,1,0,0,procedimiento,0,0.59,0,0
121,3625,8,3,4405,1,1,0,0,1,3,0,0,procedimiento,0,0.58,0,0
121,3626,2,3,4280,1,0,0,0,1,1,0,0,procedimiento,0,0.57,0,0
121,3627,7,2,4695,1,0,0,0,1,2,0,0,procedimiento,0,0.56,0,0
121,3628,7,2,3568,1,0,0,0,1,2,0,0,procedimiento,0,0.56,0,0
121,3629,5,3,3853,1,1,0,0,1,0,0,0,procedimiento,0,0.55,0,0
121,3630,12,2,3628,1,0,0,0,1,1,0,0,procedimiento,0,0.54,0,0
122,3631,12,3,3458,1,1,0,0,0,0,0,0,consigna,0,0.64,1,0
122,3632,2,2,3322,1,0,0,0,1,0,0,0,procedimiento,0,0.74,0,0
122,3633,19,3,3368,3,1,0,0,0,0,0,0,conceptual,0,0.63,1,0
122,3634,17,2,2327,1,0,0,0,0,0,0,1,conceptual,1,0.52,2,0
122,3635,9,3,4865,1,1,1,0,0,0,0,0,aleatorio,1,0.4,3,0
122,3636,3,1,2636,2,0,0,0,0,0,0,2,aleatorio,1,0.31,4,0
122,3637,13,2,2712,1,0,0,0,1,0,0,0,procedimiento,0,0.7,0,0
122,3638,7,2,2416,1,0,0,0,0,0,0,0,consigna,0,0.59,1,0
122,3639,2,2,3532,1,0,0,0,0,0,0,0,conceptual,1,0.48,2,0
122,3640,16,2,3383,1,1,0,0,1,0,0,0,procedimiento,0,0.68,0,0
122,3641,15,3,3168,1,0,0,0,1,0,0,0,procedimiento,0,0.67,0,0
122,3642,10,1,2429,1,1,0,0,1,0,0,0,procedimiento,0,0.66,0,0
122,3643,11,1,1896,1,0,0,1,0,0,0,0,aleatorio,0,0.55,1,0
122,3644,10,2,3757,1,1,0,0,1,0,0,0,procedimiento,0,0.65,0,0
122,3645,10,2,3514,2,1,0,0,0,0,0,0,procedimiento,0,0.54,1,0
122,3646,14,2,3586,1,0,0,0,1,0,0,0,procedimiento,0,0.63,0,0
122,3647,2,3,4031,1,0,0,0,0,0,0,0,consigna,0,0.52,1,0
122,3648,7,3,4040,1,1,0,0,0,0,0,0,consigna,1,0.42,2,0
122,3649,15,3,2761,1,0,0,0,0,0,0,1,aleatorio,1,0.31,3,0
122,3650,10,4,4773,2,0,0,0,0,0,0,1,aleatorio,1,0.2,4,0
122,3651,18,2,2484,1,0,0,0,1,2,0,0,procedimiento,0,0.59,0,0
122,3652,9,2,4953,2,0,0,0,0,0,0,0,inatencion,0,0.49,1,0
122,3653,12,3,5241,1,0,0,0,0,1,0,1,conceptual,1,0.38,2,0
122,3654,5,2,4102,1,0,0,0,0,1,0,0,aleatorio,1,0.27,3,0
122,3655,6,1,2598,1,0,0,0,1,1,0,0,procedimiento,0,0.57,0,0
122,3656,5,1,3519,3,0,0,0,0,1,0,0,conceptual,0,0.46,1,0
122,3657,8,1,2781,1,1,0,0,1,3,0,0,procedimiento,0,0.55,0,0
122,3658,10,3,5678,1,1,1,0,1,1,0,0,procedimiento,0,0.54,0,0
122,3659,11,1,2918,1,0,0,0,1,1,0,0,procedimiento,0,0.54,0,0
122,3660,8,4,4244,1,0,0,0,1,0,0,0,procedimiento,0,0.53,0,0
123,3661,11,4,3952,1,1,0,0,0,1,0,0,inatencion,0,0.44,1,0
123,3662,4,4,3666,3,0,0,0,0,0,0,1,procedimiento,1,0.34,2,0
123,3663,11,2,2381,2,1,0,0,0,0,0,1,inatencion,1,0.23,3,0
123,3664,11,3,3613,3,0,0,0,0,2,0,1,inatencion,1,0.15,4,0
123,3665,6,3,2299,3,1,1,0,0,2,0,1,inatencion,1,0.15,5,0
123,3666,19,4,4128,1,0,0,0,1,4,0,0,procedimiento,0,0.52,0,0
123,3667,7,2,2868,1,0,0,0,1,3,0,0,procedimiento,0,0.51,0,0
123,3668,14,2,1905,1,1,0,1,1,2,0,0,procedimiento,0,0.51,0,0
123,3669,6,2,2988,1,0,0,0,1,2,638,0,procedimiento,1,0.5,0,0
123,3670,15,3,2191,1,0,0,0,1,3,311,0,procedimiento,1,0.49,0,0
123,3671,1,1,1419,1,0,0,1,1,0,1168,0,procedimiento,1,0.49,0,0
123,3672,2,1,1873,1,1,1,1,0,1,552,0,inatencion,1,0.38,1,0
123,3673,11,2,2052,1,0,0,0,1,1,271,0,procedimiento,1,0.48,0,0
123,3674,16,1,1611,1,1,1,1,0,0,556,0,aleatorio,1,0.37,1,0
123,3675,18,1,1663,1,0,0,1,1,2,190,0,procedimiento,1,0.47,0,0
123,3676,16,3,3045,1,0,0,0,1,0,744,0,procedimiento,1,0.46,0,0
123,3677,19,2,2027,1,0,0,0,0,3,320,0,conceptual,1,0.36,1,0
123,3678,6,4,4648,2,1,0,0,0,0,988,2,conceptual,1,0.25,2,0
123,3679,12,3,3107,3,0,0,0,0,1,123,1,inatencion,1,0.15,3,0
123,3680,15,3,2686,1,0,0,0,0,2,378,1,aleatorio,1,0.15,4,0
123,3681,13,2,1977,2,1,0,1,0,2,686,1,aleatorio,1,0.15,5,0
123,3682,13,1,1976,1,0,0,1,1,3,44,0,procedimiento,1,0.43,0,0
123,3683,10,1,1845,3,1,0,1,0,3,146,0,aleatorio,1,0.32,1,0
123,3684,16,2,3320,2,1,2,0,0,1,292,2,inatencion,1,0.22,2,0
123,3685,18,1,2431,1,0,0,0,0,2,2418,0,inatencion,1,0.15,3,0
123,3686,18,4,4102,2,0,0,0,0,1,1387,4,aleatorio,1,0.15,4,0
123,3687,19,2,3316,2,1,2,0,0,1,526,3,inatencion,1,0.15,5,0
123,3688,12,2,3205,2,0,0,0,0,3,628,3,aleatorio,1,0.15,6,0
123,3689,2,1,2324,1,0,0,0,1,1,433,0,procedimiento,1,0.39,0,0
123,3690,18,2,3451,1,1,0,0,1,2,79,0,procedimiento,1,0.39,0,0
124,3691,6,2,2487,1,0,0,0,0,0,0,0,inatencion,0,0.84,1,0
124,3692,19,1,1967,1,0,0,1,0,0,0,0,aleatorio,1,0.73,2,0
124,3693,2,2,2911,1,1,0,0,0,0,0,0,aleatorio,1,0.4,3,0
124,3694,14,2,2424,1,0,0,0,1,0,0,0,procedimiento,0,0.91,0,0
124,3695,14,2,2753,1,0,0,0,1,0,0,0,procedimiento,0,0.9,0,0
124,3696,2,2,2601,2,0,0,0,0,0,0,0,conceptual,0,0.79,1,0
124,3697,17,2,3701,1,0,0,0,1,0,0,0,procedimiento,0,0.88,0,0
124,3698,14,2,2887,1,0,0,0,0,0,0,0,procedimiento,0,0.77,1,0
124,3699,18,3,4941,1,0,0,0,0,0,0,2,conceptual,1,0.67,2,0
124,3700,16,2,3395,1,0,0,0,0,0,0,0,inatencion,1,0.4,3,0
124,3701,9,1,2645,1,0,0,0,1,0,0,0,procedimiento,0,0.85,0,0
124,3702,13,3,3131,1,1,1,0,0,0,0,0,conceptual,0,0.74,1,0
124,3703,8,3,4400,1,1,1,0,1,0,0,0,procedimiento,0,0.83,0,0
124,3704,4,3,4883,1,1,1,0,0,0,0,0,procedimiento,0,0.72,1,0
124,3705,7,2,3942,1,0,0,0,1,0,0,0,procedimiento,0,0.81,0,0
124,3706,18,4,4613,1,0,0,0,0,0,0,0,inatencion,0,0.7,1,0
124,3707,4,3,5046,1,0,0,0,1,0,0,0,procedimiento,0,0.79,0,0
124,3708,2,2,2667,2,1,0,0,0,0,0,0,procedimiento,0,0.68,1,0
124,3709,3,3,3499,1,0,0,0,0,0,0,0,inatencion,1,0.57,2,0
124,3710,12,3,4048,1,0,0,0,1,0,0,0,procedimiento,0,0.76,0,0
124,3711,19,2,3270,2,1,0,0,0,0,0,0,inatencion,0,0.65,1,0
124,3712,1,4,5206,2,0,0,0,0,0,0,0,procedimiento,1,0.54,2,0
124,3713,6,1,3105,1,0,0,0,1,0,0,0,procedimiento,0,0.73,0,0
124,3714,3,2,4146,1,0,0,0,0,0,0,0,conceptual,0,0.62,1,0
124,3715,19,3,4867,1,1,0,0,1,0,0,0,procedimiento,0,0.71,0,0
124,3716,19,3,7102,1,0,0,0,0,0,0,0,procedimiento,0,0.61,1,0
124,3717,5,3,4659,2,0,0,0,0,0,0,1,inatencion,1,0.5,2,0
124,3718,11,2,4864,2,0,0,0,0,0,0,1,inatencion,1,0.39,3,0
124,3719,7,2,3863,3,1,2,0,0,0,0,3,inatencion,1,0.28,4,0
124,3720,9,4,8059,1,1,0,0,0,0,0,2,inatencion,1,0.17,5,0
125,3721,2,2,1566,1,0,0,1,1,2,225,0,procedimiento,1,0.44,0,0
125,3722,1,4,4110,3,0,0,0,0,1,551,0,inatencion,1,0.33,1,0
125,3723,18,3,2441,1,0,0,0,1,1,102,0,procedimiento,1,0.43,0,0
125,3724,4,2,2200,2,1,0,0,0,0,1091,0,inatencion,1,0.33,1,0
125,3725,13,2,2500,1,0,0,0,0,0,77,2,inatencion,1,0.22,2,0
125,3726,3,1,1646,1,0,0,1,1,0,291,0,procedimiento,1,0.42,0,0
125,3727,11,2,2141,1,1,0,0,0,3,54,0,inatencion,1,0.31,1,0
125,3728,7,2,2472,3,0,0,0,0,1,347,1,procedimiento,1,0.21,2,0
125,3729,19,2,1705,1,1,0,1,0,3,182,0,aleatorio,1,0.15,3,0
125,3730,11,2,2085,1,0,0,0,1,1,130,0,procedimiento,1,0.4,0,0
125,3731,17,3,2702,3,1,1,0,0,2,423,1,inatencion,1,0.29,1,0
125,3732,17,1,1224,1,0,0,1,1,1,78,2,procedimiento,1,0.39,0,0
125,3733,19,2,1992,1,1,1,1,1,3,34,0,procedimiento,1,0.39,0,0
125,3734,14,1,1181,1,0,0,1,1,1,440,2,procedimiento,1,0.38,0,0
125,3735,6,2,1846,1,0,0,1,1,2,58,4,procedimiento,1,0.38,0,0
125,3736,1,4,3054,2,0,0,0,0,1,914,2,conceptual,1,0.27,1,0
125,3737,9,4,3419,3,0,0,0,0,3,566,1,consigna,1,0.17,2,0
125,3738,16,2,1819,1,1,0,1,1,2,92,2,procedimiento,1,0.36,0,0
125,3739,17,3,2660,2,0,0,0,0,3,2041,0,inatencion,1,0.26,1,0
125,3740,18,2,1600,1,1,0,1,1,1,459,0,procedimiento,1,0.35,0,0
125,3741,11,3,2226,1,1,0,0,0,3,955,1,procedimiento,1,0.25,1,0
125,3742,9,2,3739,1,0,0,0,0,3,23,1,conceptual,1,0.15,2,0
125,3743,6,3,3010,3,0,0,0,0,4,764,2,inatencion,1,0.15,3,0
125,3744,8,3,3032,2,1,0,0,0,2,53,0,inatencion,1,0.15,4,0
125,3745,6,2,2721,1,0,0,0,1,1,698,1,procedimiento,1,0.33,0,0
125,3746,15,3,4146,1,0,0,0,1,3,72,1,procedimiento,1,0.33,0,0
125,3747,14,2,2496,3,0,0,0,0,5,1210,2,inatencion,1,0.22,1,0
125,3748,9,2,3083,1,0,0,0,1,5,385,0,procedimiento,1,0.32,0,0
125,3749,11,2,2973,1,1,0,0,1,1,2198,2,procedimiento,1,0.32,0,0
125,3750,13,4,5294,1,0,0,0,1,2,584,1,procedimiento,1,0.31,0,0
126,3751,4,1,1793,3,1,0,1,0,0,0,0,aleatorio,0,0.72,1,0
126,3752,1,3,2879,1,0,0,0,1,0,0,0,procedimiento,0,0.82,0,0
126,3753,2,2,1555,3,0,0,1,0,0,0,0,aleatorio,0,0.71,1,0
126,3754,10,3,3041,3,0,0,0,0,0,0,0,consigna,1,0.6,2,0
126,3755,2,2,1595,1,1,0,1,0,0,0,0,inatencion,1,0.4,3,0
126,3756,15,2,2460,1,0,0,0,1,0,0,0,procedimiento,0,0.78,0,0
126,3757,18,2,1918,1,1,0,1,0,0,0,0,inatencion,0,0.68,1,0
126,3758,10,2,2435,3,0,0,0,0,0,0,0,procedimiento,1,0.57,2,0
126,3759,19,3,1931,2,1,2,1,0,0,0,0,aleatorio,1,0.4,3,0
126,3760,1,3,1812,3,1,0,1,0,0,0,0,inatencion,1,0.35,4,0
126,3761,16,2,1697,1,1,1,1,1,0,0,0,procedimiento,0,0.74,0,0
126,3762,15,1,1286,1,1,0,1,0,0,0,0,aleatorio,0,0.63,1,0
126,3763,3,4,3801,2,0,0,0,0,0,0,1,inatencion,1,0.53,2,0
126,3764,15,1,1229,1,0,0,1,0,0,0,0,inatencion,1,0.4,3,0
126,3765,15,4,3250,2,0,0,0,0,0,0,0,inatencion,1,0.31,4,0
126,3766,14,2,1876,1,0,0,1,1,0,0,0,procedimiento,0,0.7,0,0
126,3767,11,2,2212,1,0,0,0,1,0,0,0,procedimiento,0,0.69,0,0
126,3768,11,3,2164,1,0,0,0,1,0,0,0,procedimiento,0,0.68,0,0
126,3769,13,2,1895,2,0,0,1,0,0,0,0,inatencion,0,0.58,1,0
126,3770,6,2,2420,2,0,0,0,0,0,0,1,inatencion,1,0.47,2,0
126,3771,3,3,3035,1,0,0,0,0,0,0,1,inatencion,1,0.36,3,0
126,3772,7,3,2722,1,0,0,0,0,0,0,0,aleatorio,1,0.25,4,0
126,3773,14,2,2009,1,0,0,0,0,0,0,1,aleatorio,1,0.15,5,0
126,3774,15,4,3370,2,0,0,0,0,0,0,2,inatencion,1,0.15,6,0
126,3775,2,2,3614,2,1,2,0,0,0,0,2,inatencion,1,0.15,7,0
126,3776,11,2,2784,3,0,0,0,0,0,0,2,inatencion,1,0.15,8,0
126,3777,8,2,2125,1,1,0,0,0,0,0,0,inatencion,1,0.15,9,0
126,3778,6,1,1906,1,0,0,1,0,0,0,0,aleatorio,1,0.15,10,0
126,3779,8,3,3044,2,0,0,0,0,1,0,1,inatencion,1,0.15,11,0
126,3780,17,3,3466,1,0,0,0,1,2,0,0,procedimiento,0,0.59,0,0
127,3781,15,3,3393,1,0,0,0,0,2,0,0,inatencion,0,0.47,1,0
127,3782,6,2,1693,1,0,0,1,0,2,0,0,aleatorio,1,0.37,2,0
127,3783,4,3,2721,1,1,0,0,1,2,0,0,procedimiento,0,0.56,0,0
127,3784,18,1,1706,2,0,0,1,0,1,0,0,aleatorio,0,0.46,1,0
127,3785,3,2,1683,2,0,0,1,0,3,0,2,aleatorio,1,0.35,2,0
127,3786,18,3,3336,2,0,0,0,0,3,0,0,aleatorio,1,0.25,3,0
127,3787,12,2,1991,1,0,0,1,1,2,0,0,procedimiento,0,0.54,0,0
127,3788,5,4,3161,1,1,0,0,1,1,0,0,procedimiento,0,0.53,0,0
127,3789,10,3,2343,1,0,0,0,1,1,0,0,procedimiento,0,0.53,0,0
127,3790,9,3,2291,2,1,3,0,0,2,0,0,inatencion,0,0.42,1,0
127,3791,10,3,3403,1,0,0,0,1,0,0,0,procedimiento,0,0.52,0,0
127,3792,17,3,2311,1,1,2,0,0,2,0,0,inatencion,0,0.41,1,0
127,3793,17,1,1907,1,0,0,1,1,1,0,0,procedimiento,0,0.51,0,0
127,3794,4,2,1971,1,0,0,1,1,1,76,0,procedimiento,1,0.5,0,0
127,3795,16,4,3943,2,0,0,0,0,1,5,0,conceptual,1,0.39,1,0
127,3796,8,2,2045,1,0,0,0,1,2,551,0,procedimiento,1,0.49,0,0
127,3797,7,3,2999,1,0,0,0,1,1,55,0,procedimiento,1,0.48,0,0
127,3798,11,3,3047,1,0,0,0,0,2,62,0,conceptual,1,0.38,1,0
127,3799,1,3,2702,1,0,0,0,1,3,394,0,procedimiento,1,0.47,0,0
127,3800,11,2,2254,2,0,0,0,0,2,291,0,inatencion,1,0.36,1,0
127,3801,1,2,2418,1,0,0,0,1,1,519,0,procedimiento,1,0.46,0,0
127,3802,18,2,1870,2,0,0,1,0,5,6,0,aleatorio,1,0.35,1,0
127,3803,12,4,5949,1,0,0,0,1,1,1073,0,procedimiento,1,0.45,0,0
127,3804,10,2,3626,1,0,0,0,0,2,513,0,consigna,1,0.34,1,0
127,3805,19,4,3289,2,0,0,0,0,3,947,1,conceptual,1,0.24,2,0
127,3806,16,4,3598,1,1,0,0,0,2,255,1,inatencion,1,0.15,3,0
127,3807,10,1,1825,2,1,0,1,0,0,233,4,inatencion,1,0.15,4,0
127,3808,15,2,3514,1,1,0,0,1,1,981,0,procedimiento,1,0.42,0,0
127,3809,15,3,3950,1,1,1,0,1,2,850,0,procedimiento,1,0.41,0,0
127,3810,19,2,2740,1,0,0,0,1,2,496,0,procedimiento,1,0.41,0,0
128,3811,14,3,2852,1,1,1,0,1,0,0,0,procedimiento,0,0.92,0,0
128,3812,18,2,2440,1,0,0,0,0,0,0,0,inatencion,0,0.81,1,0
128,3813,12,2,2915,1,1,1,0,1,0,0,0,procedimiento,0,0.9,0,0
128,3814,8,2,2878,1,0,0,0,0,0,0,0,procedimiento,0,0.79,1,0
128,3815,19,3,3017,1,0,0,0,1,0,0,0,procedimiento,0,0.88,0,0
128,3816,10,1,1542,1,0,0,1,1,0,0,0,procedimiento,0,0.87,0,0
128,3817,15,1,1819,1,0,0,1,1,0,0,0,procedimiento,0,0.86,0,0
128,3818,6,1,1688,1,0,0,1,1,0,0,0,procedimiento,0,0.85,0,0
128,3819,1,3,3295,2,0,0,0,0,0,0,0,inatencion,0,0.74,1,0
128,3820,17,3,3730,1,0,0,0,1,0,0,0,procedimiento,0,0.83,0,0
128,3821,13,2,2304,1,0,0,0,1,0,0,0,procedimiento,0,0.82,0,0
128,3822,17,3,2854,1,1,0,0,1,0,0,0,procedimiento,0,0.82,0,0
128,3823,10,3,2250,2,0,0,0,0,0,0,0,inatencion,0,0.71,1,0
128,3824,8,4,3781,2,1,2,0,0,0,0,0,consigna,1,0.6,2,0
128,3825,9,2,2753,1,0,0,0,1,0,0,0,procedimiento,0,0.79,0,0
128,3826,15,2,2044,1,0,0,0,0,0,0,0,inatencion,0,0.68,1,0
128,3827,14,2,2460,1,0,0,0,1,0,0,0,procedimiento,0,0.77,0,0
128,3828,12,2,2493,2,0,0,0,0,0,0,0,aleatorio,0,0.66,1,0
128,3829,10,3,3863,1,1,0,0,1,0,0,0,procedimiento,0,0.75,0,0
128,3830,3,2,2096,1,0,0,0,0,0,0,0,conceptual,0,0.64,1,0
128,3831,13,4,4656,3,0,0,0,0,0,0,0,aleatorio,1,0.53,2,0
128,3832,10,3,3984,1,1,0,0,1,0,0,0,procedimiento,0,0.72,0,0
128,3833,10,1,1734,2,0,0,1,0,0,0,0,aleatorio,0,0.61,1,0
128,3834,14,4,5032,3,0,0,0,0,0,0,1,procedimiento,1,0.51,2,0
128,3835,1,4,5459,1,0,0,0,0,0,0,1,aleatorio,1,0.4,3,0
128,3836,16,2,4005,1,0,0,0,1,0,0,0,procedimiento,0,0.69,0,0
128,3837,10,1,2250,1,0,0,0,1,0,0,0,procedimiento,0,0.68,0,0
128,3838,18,2,2243,3,1,0,0,0,0,0,0,inatencion,0,0.57,1,0
128,3839,3,2,3180,1,0,0,0,1,0,0,0,procedimiento,0,0.66,0,0
128,3840,19,3,5369,2,0,0,0,0,0,0,0,conceptual,0,0.55,1,0
129,3841,10,2,4146,1,1,0,0,0,0,0,0,consigna,0,0.62,1,0
129,3842,4,3,3965,2,0,0,0,0,0,0,0,conceptual,1,0.51,2,0
129,3843,4,1,3141,2,0,0,0,0,0,0,2,inatencion,1,0.4,3,0
129,3844,5,1,2699,2,0,0,0,0,0,0,0,inatencion,1,0.3,4,0
129,3845,10,2,3440,3,1,0,0,0,0,0,1,aleatorio,1,0.19,5,0
129,3846,15,4,4624,1,1,0,0,1,0,0,0,procedimiento,0,0.68,0,0
129,3847,14,2,2745,2,1,0,0,0,0,0,0,conceptual,0,0.58,1,0
129,3848,9,4,4713,1,0,0,0,1,0,0,0,procedimiento,0,0.67,0,0
129,3849,11,2,3521,1,1,0,0,0,0,0,0,conceptual,0,0.56,1,0
129,3850,15,4,6151,2,1,0,0,0,0,0,0,consigna,1,0.45,2,0
129,3851,12,3,4651,2,0,0,0,0,0,0,2,inatencion,1,0.35,3,0
129,3852,13,1,2109,1,0,0,0,1,0,0,0,procedimiento,0,0.64,0,0
129,3853,14,4,4709,2,1,0,0,0,0,0,0,inatencion,0,0.53,1,0
129,3854,2,2,3329,2,1,2,0,0,0,0,2,procedimiento,1,0.43,2,0
129,3855,2,3,3675,1,1,3,0,0,0,0,1,inatencion,1,0.32,3,0
129,3856,7,3,4362,1,1,1,0,0,0,0,1,inatencion,1,0.21,4,0
129,3857,7,4,4939,1,1,0,0,0,0,0,2,inatencion,1,0.15,5,0
129,3858,11,3,4285,3,0,0,0,0,1,0,2,aleatorio,1,0.15,6,0
129,3859,7,2,3761,2,0,0,0,0,1,0,0,inatencion,1,0.15,7,0
129,3860,9,3,4871,1,1,0,0,1,0,0,0,procedimiento,0,0.58,0,0
129,3861,17,3,5143,1,1,2,0,1,1,0,0,procedimiento,0,0.58,0,0
129,3862,10,2,4159,1,1,2,0,0,2,0,0,conceptual,0,0.47,1,0
129,3863,4,1,2458,1,0,0,0,1,1,0,0,procedimiento,0,0.56,0,0
129,3864,5,2,5651,1,0,0,0,1,2,0,0,procedimiento,0,0.55,0,0
129,3865,7,3,4177,2,1,0,0,0,2,0,0,inatencion,0,0.45,1,0
129,3866,18,2,5659,1,0,0,0,0,0,0,0,consigna,1,0.34,2,0
129,3867,16,2,3329,1,0,0,0,0,1,0,1,aleatorio,1,0.23,3,0
129,3868,7,3,3858,1,1,0,0,0,0,0,2,inatencion,1,0.15,4,0
129,3869,14,2,4804,1,1,0,0,0,1,0,1,aleatorio,1,0.15,5,0
129,3870,8,2,3380,1,0,0,0,1,1,0,0,procedimiento,0,0.51,0,0
130,3871,7,3,5606,2,1,0,0,0,3,0,0,inatencion,0,0.41,1,0
130,3872,9,4,4798,1,1,0,0,0,2,0,2,consigna,1,0.3,2,0
130,3873,14,3,5022,1,0,0,0,1,0,238,0,procedimiento,1,0.49,0,0
130,3874,3,2,2903,1,0,0,0,0,0,844,0,conceptual,1,0.39,1,0
130,3875,3,1,2674,1,0,0,0,1,2,638,0,procedimiento,1,0.48,0,0
130,3876,10,2,4327,1,0,0,0,1,2,30,0,procedimiento,1,0.48,0,0
130,3877,7,1,2498,2,0,0,0,0,0,135,0,inatencion,1,0.37,1,0
130,3878,9,4,5595,1,0,0,0,1,1,67,0,procedimiento,1,0.47,0,0
130,3879,2,2,3680,1,0,0,0,0,2,256,0,conceptual,1,0.36,1,0
130,3880,15,2,3379,1,0,0,0,1,1,392,0,procedimiento,1,0.46,0,0
130,3881,2,3,4848,1,0,0,0,1,2,144,0,procedimiento,1,0.45,0,0
130,3882,8,1,2547,1,0,0,0,1,3,135,0,procedimiento,1,0.45,0,0
130,3883,9,2,3291,1,1,1,0,1,2,366,0,procedimiento,1,0.44,0,0
130,3884,3,3,3276,1,0,0,0,0,3,177,0,procedimiento,1,0.34,1,0
130,3885,1,3,5508,1,0,0,0,0,3,978,0,procedimiento,1,0.23,2,0
130,3886,6,4,5595,1,1,0,0,0,0,316,1,inatencion,1,0.15,3,0
130,3887,7,3,4843,1,1,0,0,0,2,135,1,inatencion,1,0.15,4,0
130,3888,13,3,5022,2,1,2,0,0,1,1200,4,inatencion,1,0.15,5,0
130,3889,1,1,1956,1,0,0,1,1,0,330,0,procedimiento,1,0.41,0,0
130,3890,6,2,3143,1,0,0,0,0,5,1291,0,inatencion,1,0.31,1,0
130,3891,13,2,4404,1,1,0,0,0,3,477,0,conceptual,1,0.2,2,0
130,3892,15,2,3237,1,1,0,0,1,3,754,1,procedimiento,1,0.4,0,0
130,3893,10,1,3767,3,0,0,0,0,1,587,1,conceptual,1,0.29,1,0
130,3894,5,3,5162,3,1,2,0,0,2,192,0,aleatorio,1,0.19,2,0
130,3895,15,2,4230,1,0,0,0,1,2,643,0,procedimiento,1,0.38,0,0
130,3896,9,3,7136,1,1,1,0,1,2,534,1,procedimiento,1,0.38,0,0
130,3897,10,3,6379,2,1,0,0,0,2,186,0,inatencion,1,0.27,1,0
130,3898,16,2,6442,1,1,0,0,1,3,629,1,procedimiento,1,0.37,0,0
130,3899,12,2,3171,1,0,0,0,0,1,33,2,inatencion,1,0.26,1,0
130,3900,9,2,4198,2,0,0,0,0,1,887,2,conceptual,1,0.16,2,0
131,3901,1,2,2575,1,0,0,0,0,0,0,0,inatencion,0,0.76,1,0
131,3902,1,4,6325,1,0,0,0,0,0,0,0,conceptual,1,0.65,2,0
131,3903,8,3,3713,1,1,1,0,0,0,0,1,inatencion,1,0.4,3,0
131,3904,6,3,4568,3,1,0,0,0,0,0,0,aleatorio,1,0.4,4,0
131,3905,18,2,3798,2,1,0,0,0,0,0,0,inatencion,1,0.32,5,0
131,3906,16,2,3485,1,0,0,0,1,0,0,0,procedimiento,0,0.82,0,0
131,3907,19,3,3495,2,1,1,0,0,0,0,0,inatencion,0,0.71,1,0
131,3908,9,3,4997,1,0,0,0,1,0,0,0,procedimiento,0,0.8,0,0
131,3909,10,4,4690,1,0,0,0,0,0,0,0,conceptual,0,0.69,1,0
131,3910,19,3,3338,1,1,0,0,0,0,0,0,procedimiento,1,0.58,2,0
131,3911,8,1,2995,1,0,0,0,1,0,0,0,procedimiento,0,0.77,0,0
131,3912,2,3,4316,1,0,0,0,1,0,0,0,procedimiento,0,0.76,0,0
131,3913,18,2,3167,1,0,0,0,0,0,0,0,procedimiento,0,0.66,1,0
131,3914,19,2,3464,1,0,0,0,1,0,0,0,procedimiento,0,0.75,0,0
131,3915,8,4,4427,1,1,0,0,0,0,0,0,conceptual,0,0.64,1,0
131,3916,4,4,4691,1,0,0,0,1,0,0,0,procedimiento,0,0.73,0,0
131,3917,9,2,3902,1,0,0,0,0,0,0,0,procedimiento,0,0.62,1,0
131,3918,2,3,4126,1,0,0,0,1,0,0,0,procedimiento,0,0.71,0,0
131,3919,6,3,3896,1,1,0,0,1,0,0,0,procedimiento,0,0.7,0,0
131,3920,2,4,6650,2,0,0,0,0,0,0,0,inatencion,0,0.6,1,0
131,3921,5,2,4120,1,1,1,0,0,0,0,2,procedimiento,1,0.49,2,0
131,3922,15,1,3408,1,0,0,0,0,0,0,0,inatencion,1,0.38,3,0
131,3923,17,4,7414,1,1,0,0,0,0,0,1,inatencion,1,0.27,4,0
131,3924,7,2,4056,1,1,0,0,0,0,0,1,aleatorio,1,0.16,5,0
131,3925,2,3,5959,1,1,0,0,0,0,0,1,inatencion,1,0.15,6,0
131,3926,12,4,6106,1,1,1,0,0,0,0,1,inatencion,1,0.15,7,0
131,3927,16,3,5441,2,0,0,0,0,0,0,0,inatencion,1,0.15,8,0
131,3928,11,3,5028,1,0,0,0,1,0,0,0,procedimiento,0,0.63,0,0
131,3929,16,2,3846,1,1,0,0,0,0,0,0,consigna,0,0.52,1,0
131,3930,13,3,5495,1,1,0,0,0,0,0,2,aleatorio,1,0.41,2,0
132,3931,1,3,3031,2,1,0,0,0,0,0,0,procedimiento,0,0.76,1,0
132,3932,17,2,1792,1,0,0,1,1,0,0,0,procedimiento,0,0.85,0,0
132,3933,9,2,2012,1,0,0,0,1,0,0,0,procedimiento,0,0.84,0,0
132,3934,8,1,2045,1,0,0,0,1,0,0,0,procedimiento,0,0.83,0,0
132,3935,14,3,2534,1,0,0,0,1,0,0,0,procedimiento,0,0.82,0,0
132,3936,16,2,1763,1,0,0,1,1,0,0,0,procedimiento,0,0.81,0,0
132,3937,11,2,2617,1,0,0,0,1,0,0,0,procedimiento,0,0.8,0,0
132,3938,9,2,2241,2,1,0,0,0,0,0,0,consigna,0,0.7,1,0
132,3939,8,3,3191,1,0,0,0,1,0,0,0,procedimiento,0,0.79,0,0
132,3940,16,3,3566,1,1,0,0,1,0,0,0,procedimiento,0,0.78,0,0
132,3941,15,2,2056,1,0,0,0,1,0,0,0,procedimiento,0,0.77,0,0
132,3942,2,1,1927,1,0,0,1,1,0,0,0,procedimiento,0,0.76,0,0
132,3943,3,2,2727,1,1,0,0,1,0,0,0,procedimiento,0,0.75,0,0
132,3944,17,1,1537,1,0,0,1,1,0,0,0,procedimiento,0,0.74,0,0
132,3945,6,3,3455,1,1,0,0,1,0,0,0,procedimiento,0,0.74,0,0
132,3946,10,3,2259,1,0,0,0,1,0,0,0,procedimiento,0,0.73,0,0
132,3947,5,2,2298,1,0,0,0,1,0,0,0,procedimiento,0,0.72,0,0
132,3948,9,2,1984,1,0,0,1,1,0,0,0,procedimiento,0,0.71,0,0
132,3949,11,3,3028,1,0,0,0,0,0,0,0,procedimiento,0,0.6,1,0
132,3950,6,4,3082,1,1,1,0,1,0,0,0,procedimiento,0,0.69,0,0
132,3951,9,4,4498,1,1,0,0,0,0,0,0,consigna,0,0.58,1,0
132,3952,14,3,4247,1,0,0,0,1,0,0,0,procedimiento,0,0.68,0,0
132,3953,6,3,4207,1,0,0,0,0,0,0,0,conceptual,0,0.57,1,0
132,3954,10,3,3866,1,1,2,0,1,0,0,0,procedimiento,0,0.66,0,0
132,3955,10,3,4955,1,1,0,0,1,0,0,0,procedimiento,0,0.65,0,0
132,3956,16,1,1829,1,0,0,1,1,0,0,0,procedimiento,0,0.64,0,0
132,3957,3,3,3956,1,0,0,0,1,0,0,0,procedimiento,0,0.63,0,0
132,3958,9,4,4799,1,0,0,0,0,0,0,0,procedimiento,0,0.52,1,0
132,3959,12,3,4887,1,1,0,0,0,0,0,0,inatencion,1,0.42,2,0
132,3960,15,2,4280,1,0,0,0,1,0,0,0,procedimiento,0,0.61,0,0
133,3961,5,2,2614,3,0,0,0,0,0,0,0,inatencion,0,0.58,1,0
133,3962,1,3,4483,2,1,0,0,0,0,0,5,procedimiento,1,0.47,2,0
133,3963,16,2,3376,3,0,0,0,0,0,0,1,aleatorio,1,0.36,3,0
133,3964,3,4,4183,2,0,0,0,0,0,0,1,inatencion,1,0.26,4,0
133,3965,11,2,2508,1,0,0,0,0,0,0,1,inatencion,1,0.15,5,0
133,3966,10,2,2019,1,0,0,0,1,0,0,0,procedimiento,0,0.64,0,0
133,3967,1,2,2087,1,0,0,0,0,0,0,0,inatencion,0,0.54,1,0
133,3968,8,2,1994,1,0,0,1,1,0,0,0,procedimiento,0,0.63,0,0
133,3969,3,3,4181,1,0,0,0,0,0,0,0,inatencion,0,0.52,1,0
133,3970,16,3,3048,1,0,0,0,0,0,0,0,conceptual,1,0.42,2,0
133,3971,2,4,5111,1,1,0,0,0,0,0,0,inatencion,1,0.31,3,0
133,3972,2,2,3193,1,1,0,0,1,0,0,0,procedimiento,0,0.6,0,0
133,3973,8,4,3556,1,0,0,0,1,2,0,0,procedimiento,0,0.6,0,0
133,3974,18,3,4356,2,1,0,0,0,1,0,0,procedimiento,0,0.49,1,0
133,3975,2,3,3649,2,1,0,0,0,2,0,1,inatencion,1,0.38,2,0
133,3976,17,1,2281,1,0,0,0,0,3,0,0,aleatorio,1,0.28,3,0
133,3977,19,2,2882,1,0,0,0,1,0,0,0,procedimiento,0,0.57,0,0
133,3978,9,4,4351,1,0,0,0,0,1,0,0,inatencion,0,0.46,1,0
133,3979,6,2,2727,2,0,0,0,0,0,0,1,procedimiento,1,0.36,2,0
133,3980,14,1,1988,1,0,0,1,1,0,0,0,procedimiento,0,0.55,0,0
133,3981,18,2,2221,1,1,1,0,0,1,0,0,inatencion,0,0.44,1,0
133,3982,1,2,4802,1,0,0,0,0,0,0,1,conceptual,1,0.34,2,0
133,3983,16,3,4042,1,0,0,0,1,1,0,0,procedimiento,0,0.53,0,0
133,3984,1,2,2960,2,1,1,0,0,3,0,0,procedimiento,0,0.42,1,0
133,3985,18,2,2894,1,1,0,0,0,1,0,2,inatencion,1,0.32,2,0
133,3986,7,1,1971,1,0,0,1,1,4,0,0,procedimiento,0,0.51,0,0
133,3987,1,2,2866,2,1,0,0,0,2,0,0,procedimiento,0,0.4,1,0
133,3988,13,3,3951,1,0,0,0,1,3,522,0,procedimiento,1,0.49,0,0
133,3989,2,3,4395,2,0,0,0,0,2,710,0,aleatorio,1,0.39,1,0
133,3990,4,1,2638,1,0,0,0,1,3,632,0,procedimiento,1,0.48,0,0
134,3991,15,1,2065,1,0,0,0,1,1,240,0,procedimiento,1,0.4,0,0
134,3992,14,1,3000,1,0,0,0,1,0,408,3,procedimiento,1,0.4,0,0
134,3993,2,1,1966,1,0,0,1,1,4,734,1,procedimiento,1,0.39,0,0
134,3994,19,2,2656,1,0,0,0,1,0,22,1,procedimiento,1,0.39,0,0
134,3995,1,3,3610,1,0,0,0,0,2,722,1,procedimiento,1,0.29,1,0
134,3996,4,2,3333,1,1,0,0,0,1,655,0,inatencion,1,0.18,2,0
134,3997,10,4,5402,1,1,2,0,0,2,314,2,aleatorio,1,0.15,3,0
134,3998,16,2,3983,1,0,0,0,1,2,893,1,procedimiento,1,0.37,0,0
134,3999,13,1,2591,1,0,0,0,1,1,265,1,procedimiento,1,0.37,0,0
134,4000,16,3,4283,1,0,0,0,1,1,16,0,procedimiento,1,0.37,0,0
134,4001,18,3,3419,1,0,0,0,1,1,39,1,procedimiento,1,0.36,0,0
134,4002,19,4,5470,1,0,0,0,0,3,322,1,conceptual,1,0.26,1,0
134,4003,2,1,2233,1,0,0,0,1,5,333,3,procedimiento,1,0.35,0,0
134,4004,15,2,4254,1,0,0,0,1,2,710,0,procedimiento,1,0.35,0,0
134,4005,16,4,4758,1,1,0,0,1,3,968,1,procedimiento,1,0.35,0,0
134,4006,19,3,3668,2,0,0,0,0,1,112,2,inatencion,1,0.24,1,0
134,4007,7,2,4137,1,1,0,0,1,0,417,2,procedimiento,1,0.34,0,0
134,4008,7,2,3548,2,0,0,0,0,1,532,4,conceptual,1,0.23,1,0
134,4009,5,3,4908,1,1,0,0,0,0,70,2,inatencion,1,0.15,2,0
134,4010,6,2,2789,1,0,0,0,1,0,232,0,procedimiento,1,0.33,0,0
134,4011,2,2,2660,1,0,0,0,1,2,1101,1,procedimiento,1,0.32,0,0
134,4012,13,3,8046,1,1,0,0,0,0,401,1,conceptual,1,0.22,1,0
134,4013,12,2,3816,2,1,0,0,0,1,19,2,consigna,1,0.15,2,0
134,4014,16,1,2967,2,0,0,0,0,0,53,3,inatencion,1,0.15,3,0
134,4015,13,2,4721,2,0,0,0,0,3,286,1,inatencion,1,0.15,4,0
134,4016,16,3,5338,1,1,0,0,1,5,951,1,procedimiento,1,0.3,0,0
134,4017,1,3,4414,1,0,0,0,0,3,218,2,conceptual,1,0.2,1,0
134,4018,5,1,2834,1,0,0,0,1,2,331,0,procedimiento,1,0.29,0,0
134,4019,19,1,2324,1,0,0,0,1,1,276,0,procedimiento,1,0.29,0,0
134,4020,3,2,4723,1,0,0,0,1,2,1155,1,procedimiento,1,0.28,0,0
135,4021,11,2,4299,1,0,0,0,0,0,0,0,conceptual,0,0.66,1,0
135,4022,18,2,4592,1,1,1,0,1,0,0,0,procedimiento,0,0.75,0,0
135,4023,8,4,4722,1,0,0,0,1,0,0,0,procedimiento,0,0.74,0,0
135,4024,12,3,5620,1,0,0,0,1,0,0,0,procedimiento,0,0.73,0,0
135,4025,7,2,3796,1,0,0,0,1,0,0,0,procedimiento,0,0.73,0,0
135,4026,3,4,7111,1,0,0,0,1,0,0,0,procedimiento,0,0.72,0,0
135,4027,2,1,3176,3,0,0,0,0,0,0,0,procedimiento,0,0.61,1,0
135,4028,17,4,6901,1,0,0,0,1,0,0,0,procedimiento,0,0.7,0,0
135,4029,13,2,4609,1,0,0,0,0,0,0,0,consigna,0,0.6,1,0
135,4030,2,2,2859,2,1,1,0,0,0,0,1,consigna,1,0.49,2,0
135,4031,4,4,6111,1,1,2,0,1,0,0,0,procedimiento,0,0.68,0,0
135,4032,5,3,4996,1,1,0,0,1,0,0,0,procedimiento,0,0.67,0,0
135,4033,17,2,4157,1,0,0,0,1,0,0,0,procedimiento,0,0.66,0,0
135,4034,19,3,5627,1,0,0,0,1,0,0,0,procedimiento,0,0.66,0,0
135,4035,13,1,2941,1,0,0,0,1,0,0,0,procedimiento,0,0.65,0,0
135,4036,12,3,5246,3,1,0,0,0,0,0,0,procedimiento,0,0.54,1,0
135,4037,5,3,4284,1,1,0,0,1,0,0,0,procedimiento,0,0.63,0,0
135,4038,11,2,4082,1,0,0,0,1,0,0,0,procedimiento,0,0.63,0,0
135,4039,17,2,4023,1,1,0,0,0,0,0,0,conceptual,0,0.52,1,0
135,4040,9,2,2978,1,1,0,0,0,0,0,0,consigna,1,0.41,2,0
135,4041,2,3,5463,1,1,0,0,1,0,0,0,procedimiento,0,0.6,0,0
135,4042,11,3,5857,1,0,0,0,1,4,0,0,procedimiento,0,0.6,0,0
135,4043,13,1,3535,2,0,0,0,0,0,0,0,conceptual,0,0.49,1,0
135,4044,16,4,6365,1,0,0,0,0,2,0,2,procedimiento,1,0.38,2,0
135,4045,11,1,4046,2,0,0,0,0,2,0,1,inatencion,1,0.27,3,0
135,4046,5,3,4732,1,0,0,0,1,1,0,0,procedimiento,0,0.57,0,0
135,4047,18,3,4114,1,0,0,0,1,4,0,0,procedimiento,0,0.56,0,0
135,4048,6,3,7945,1,0,0,0,0,1,0,0,conceptual,0,0.45,1,0
135,4049,17,2,3967,1,0,0,0,1,1,0,0,procedimiento,0,0.54,0,0
135,4050,14,3,4603,1,0,0,0,1,3,0,0,procedimiento,0,0.54,0,0
136,4051,10,2,3554,1,1,2,0,1,0,0,0,procedimiento,0,0.61,0,0
136,4052,6,1,2710,1,0,0,0,1,0,0,0,procedimiento,0,0.6,0,0
136,4053,6,1,2876,1,0,0,0,1,0,0,0,procedimiento,0,0.6,0,0
136,4054,17,1,2655,1,0,0,0,1,1,0,0,procedimiento,0,0.59,0,0
136,4055,7,3,3912,1,0,0,0,1,0,0,0,procedimiento,0,0.59,0,0
136,4056,17,3,4818,1,1,0,0,0,0,0,0,consigna,0,0.48,1,0
136,4057,11,1,3085,1,0,0,0,1,0,0,0,procedimiento,0,0.57,0,0
136,4058,14,3,5737,1,1,0,0,1,3,0,0,procedimiento,0,0.57,0,0
136,4059,2,2,2759,2,0,0,0,0,2,0,0,conceptual,0,0.46,1,0
136,4060,16,3,3765,2,0,0,0,0,2,0,1,conceptual,1,0.36,2,0
136,4061,3,3,4420,1,0,0,0,1,1,0,0,procedimiento,0,0.55,0,0
136,4062,14,2,3725,1,0,0,0,0,1,0,0,consigna,0,0.44,1,0
136,4063,9,1,3229,1,0,0,0,1,4,0,0,procedimiento,0,0.54,0,0
136,4064,19,3,4452,1,0,0,0,1,2,0,0,procedimiento,0,0.53,0,0
136,4065,15,1,2597,1,0,0,0,1,1,0,0,procedimiento,0,0.52,0,0
136,4066,3,2,3230,1,0,0,0,1,2,0,0,procedimiento,0,0.52,0,0
136,4067,16,1,2850,3,0,0,0,0,1,0,0,inatencion,0,0.41,1,0
136,4068,7,2,3459,1,0,0,0,0,2,0,2,procedimiento,1,0.31,2,0
136,4069,15,3,3768,1,0,0,0,0,5,0,3,inatencion,1,0.2,3,0
136,4070,2,1,2245,1,1,0,0,0,1,1334,0,aleatorio,1,0.15,4,0
136,4071,7,3,4973,3,0,0,0,0,1,426,4,aleatorio,1,0.15,5,0
136,4072,7,3,3957,1,1,0,0,1,3,235,0,procedimiento,1,0.48,0,0
136,4073,13,1,2655,1,0,0,0,0,1,397,0,conceptual,1,0.38,1,0
136,4074,9,2,5578,1,0,0,0,1,1,37,0,procedimiento,1,0.47,0,0
136,4075,19,2,3919,1,0,0,0,0,0,164,0,inatencion,1,0.36,1,0
136,4076,12,1,3516,1,0,0,0,1,0,36,0,procedimiento,1,0.46,0,0
136,4077,2,2,5704,1,0,0,0,1,2,1284,0,procedimiento,1,0.45,0,0
136,4078,16,1,3652,1,0,0,0,1,3,345,0,procedimiento,1,0.45,0,0
136,4079,19,2,3724,1,0,0,0,1,1,76,0,procedimiento,1,0.44,0,0
136,4080,18,2,4506,1,0,0,0,0,1,132,0,procedimiento,1,0.33,1,0
137,4081,9,2,4488,1,0,0,0,1,0,0,0,procedimiento,0,0.82,0,0
137,4082,13,1,3076,1,0,0,0,1,0,0,0,procedimiento,0,0.81,0,0
137,4083,9,3,5590,1,1,0,0,0,0,0,0,consigna,0,0.7,1,0
137,4084,4,2,3354,1,1,1,0,1,0,0,0,procedimiento,0,0.79,0,0
137,4085,6,2,3775,1,1,0,0,1,0,0,0,procedimiento,0,0.78,0,0
137,4086,2,2,4163,2,0,0,0,0,0,0,0,procedimiento,0,0.68,1,0
137,4087,5,4,7480,1,1,0,0,0,0,0,0,conceptual,1,0.57,2,0
137,4088,9,2,2876,1,1,1,0,1,0,0,0,procedimiento,0,0.76,0,0
137,4089,7,2,4419,1,0,0,0,0,0,0,0,inatencion,0,0.65,1,0
137,4090,2,2,4500,2,0,0,0,0,0,0,2,aleatorio,1,0.54,2,0
137,4091,9,2,2938,1,1,1,0,1,0,0,0,procedimiento,0,0.73,0,0
137,4092,2,1,3174,1,0,0,0,1,0,0,0,procedimiento,0,0.73,0,0
137,4093,17,4,6677,1,1,0,0,0,0,0,0,aleatorio,0,0.62,1,0
137,4094,17,2,2866,1,0,0,0,1,0,0,0,procedimiento,0,0.71,0,0
137,4095,5,4,6845,1,0,0,0,1,0,0,0,procedimiento,0,0.7,0,0
137,4096,6,2,2892,1,0,0,0,0,0,0,0,procedimiento,0,0.59,1,0
137,4097,7,2,3856,2,0,0,0,0,0,0,0,procedimiento,1,0.49,2,0
137,4098,9,4,5675,2,0,0,0,0,0,0,0,inatencion,1,0.38,3,0
137,4099,7,1,2862,1,0,0,0,0,0,0,1,aleatorio,1,0.27,4,0
137,4100,10,2,4191,2,0,0,0,0,0,0,1,inatencion,1,0.16,5,0
137,4101,18,3,3641,3,0,0,0,0,0,0,0,aleatorio,1,0.15,6,0
137,4102,12,3,4064,1,0,0,0,0,0,0,1,inatencion,1,0.15,7,0
137,4103,1,1,4439,1,0,0,0,1,0,0,0,procedimiento,0,0.64,0,0
137,4104,11,3,5728,1,1,1,0,0,0,0,0,inatencion,0,0.53,1,0
137,4105,7,3,8441,2,1,0,0,0,0,0,0,inatencion,1,0.42,2,0
137,4106,15,3,7574,1,1,0,0,1,0,0,0,procedimiento,0,0.61,0,0
137,4107,8,2,6327,3,0,0,0,0,0,0,0,inatencion,0,0.5,1,0
137,4108,7,2,4272,1,0,0,0,1,0,0,0,procedimiento,0,0.6,0,0
137,4109,5,2,4445,1,0,0,0,1,0,0,0,procedimiento,0,0.59,0,0
137,4110,10,2,6541,1,0,0,0,0,2,0,0,inatencion,0,0.48,1,0
138,4111,6,4,5591,1,0,0,0,0,0,0,0,inatencion,0,0.56,1,0
138,4112,4,2,2327,1,0,0,0,1,0,0,0,procedimiento,0,0.66,0,0
138,4113,9,2,3753,2,0,0,0,0,0,0,0,consigna,0,0.55,1,0
138,4114,19,4,5420,1,0,0,0,0,0,0,0,inatencion,1,0.44,2,0
138,4115,18,2,2661,1,0,0,0,0,0,0,0,aleatorio,1,0.34,3,0
138,4116,15,2,3364,3,0,0,0,0,0,0,1,inatencion,1,0.23,4,0
138,4117,19,3,4075,2,0,0,0,0,0,0,2,inatencion,1,0.15,5,0
138,4118,17,1,2555,1,0,0,0,1,0,0,0,procedimiento,0,0.62,0,0
138,4119,17,2,2414,2,1,0,0,0,0,0,0,procedimiento,0,0.51,1,0
138,4120,4,2,2751,2,0,0,0,0,0,0,1,inatencion,1,0.4,2,0
138,4121,9,2,3375,1,0,0,0,1,2,0,0,procedimiento,0,0.6,0,0
138,4122,4,2,3142,1,0,0,0,1,1,0,0,procedimiento,0,0.59,0,0
138,4123,8,2,3457,2,1,0,0,0,0,0,0,conceptual,0,0.48,1,0
138,4124,15,3,3824,1,0,0,0,1,0,0,0,procedimiento,0,0.58,0,0
138,4125,16,1,1824,1,0,0,1,1,0,0,0,procedimiento,0,0.57,0,0
138,4126,8,3,4248,2,1,0,0,0,1,0,0,procedimiento,0,0.46,1,0
138,4127,4,1,2146,1,0,0,0,1,1,0,0,procedimiento,0,0.56,0,0
138,4128,9,2,3341,1,0,0,0,1,0,0,0,procedimiento,0,0.55,0,0
138,4129,4,2,3206,1,1,0,0,1,2,0,0,procedimiento,0,0.54,0,0
138,4130,13,2,2858,3,1,0,0,0,3,0,0,consigna,0,0.44,1,0
138,4131,16,3,4857,1,0,0,0,1,2,0,0,procedimiento,0,0.53,0,0
138,4132,7,2,4304,1,0,0,0,1,0,0,0,procedimiento,0,0.52,0,0
138,4133,4,1,2593,3,0,0,0,0,1,0,0,consigna,0,0.42,1,0
138,4134,5,4,6146,1,0,0,0,1,0,0,0,procedimiento,0,0.51,0,0
138,4135,8,3,4665,1,0,0,0,1,3,0,0,procedimiento,0,0.5,0,0
138,4136,15,2,4017,1,0,0,0,1,1,56,0,procedimiento,1,0.5,0,0
138,4137,7,2,3324,2,1,0,0,0,3,196,0,consigna,1,0.39,1,0
138,4138,19,3,3917,2,0,0,0,0,0,676,1,conceptual,1,0.28,2,0
138,4139,8,2,4590,1,0,0,0,0,3,125,1,inatencion,1,0.18,3,0
138,4140,2,3,3435,2,0,0,0,0,1,857,2,aleatorio,1,0.15,4,0
139,4141,16,3,2531,1,1,1,0,0,0,0,0,conceptual,0,0.67,1,0
139,4142,5,3,4136,1,0,0,0,1,0,0,0,procedimiento,0,0.76,0,0
139,4143,6,2,2014,1,0,0,0,1,0,0,0,procedimiento,0,0.76,0,0
139,4144,16,3,3234,1,0,0,0,1,0,0,0,procedimiento,0,0.75,0,0
139,4145,10,3,2484,3,0,0,0,0,0,0,0,consigna,0,0.64,1,0
139,4146,9,2,2455,2,1,0,0,0,0,0,1,inatencion,1,0.53,2,0
139,4147,12,3,3662,1,1,0,0,0,0,0,0,aleatorio,1,0.4,3,0
139,4148,2,3,3596,2,1,0,0,0,0,0,1,inatencion,1,0.32,4,0
139,4149,3,1,1520,1,1,0,1,0,0,0,0,inatencion,1,0.21,5,0
139,4150,11,3,3451,1,0,0,0,0,0,0,1,inatencion,1,0.15,6,0
139,4151,2,2,2060,1,0,0,0,1,0,0,0,procedimiento,0,0.69,0,0
139,4152,7,1,1784,1,0,0,1,1,0,0,0,procedimiento,0,0.69,0,0
139,4153,2,2,2859,1,0,0,0,1,0,0,0,procedimiento,0,0.68,0,0
139,4154,7,4,4892,1,0,0,0,1,0,0,0,procedimiento,0,0.67,0,0
139,4155,11,4,4521,1,0,0,0,0,0,0,0,inatencion,0,0.56,1,0
139,4156,16,1,2206,2,1,0,0,0,0,0,0,inatencion,1,0.46,2,0
139,4157,16,3,4075,2,1,0,0,0,0,0,0,inatencion,1,0.35,3,0
139,4158,16,4,3748,1,0,0,0,0,0,0,0,inatencion,1,0.24,4,0
139,4159,17,2,2137,2,0,0,0,0,0,0,1,inatencion,1,0.15,5,0
139,4160,7,1,2386,1,0,0,0,1,0,0,0,procedimiento,0,0.62,0,0
139,4161,3,2,2358,1,0,0,0,1,0,0,0,procedimiento,0,0.62,0,0
139,4162,4,2,2811,3,0,0,0,0,0,0,0,consigna,0,0.51,1,0
139,4163,9,2,3128,1,0,0,0,0,0,0,2,procedimiento,1,0.4,2,0
139,4164,12,3,4590,1,0,0,0,0,2,0,3,inatencion,1,0.29,3,0
139,4165,18,2,4384,1,0,0,0,1,1,0,0,procedimiento,0,0.59,0,0
139,4166,14,3,4104,1,1,0,0,1,1,0,0,procedimiento,0,0.58,0,0
139,4167,15,2,3867,1,0,0,0,1,2,0,0,procedimiento,0,0.57,0,0
139,4168,17,2,3858,1,0,0,0,1,4,0,0,procedimiento,0,0.56,0,0
139,4169,9,2,3586,2,0,0,0,0,0,0,0,procedimiento,0,0.46,1,0
139,4170,6,1,2777,1,0,0,0,1,0,0,0,procedimiento,0,0.55,0,0
140,4171,10,1,1314,1,0,0,1,0,0,0,0,inatencion,0,0.63,1,0
140,4172,6,4,3871,1,1,0,0,1,0,0,0,procedimiento,0,0.72,0,0
140,4173,15,2,1719,1,0,0,1,1,0,0,0,procedimiento,0,0.71,0,0
140,4174,13,3,2143,2,0,0,0,0,0,0,0,procedimiento,0,0.61,1,0
140,4175,19,3,2312,1,1,0,0,1,0,0,0,procedimiento,0,0.7,0,0
140,4176,3,3,2749,1,0,0,0,0,0,0,0,consigna,0,0.59,1,0
140,4177,8,3,2119,2,0,0,0,0,0,0,0,inatencion,1,0.48,2,0
140,4178,4,1,1608,1,0,0,1,1,0,0,0,procedimiento,0,0.68,0,0
140,4179,19,4,2609,1,0,0,0,1,0,0,0,procedimiento,0,0.67,0,0
140,4180,19,4,2721,1,0,0,0,1,0,0,0,procedimiento,0,0.66,0,0
140,4181,17,1,1612,2,0,0,1,0,0,0,0,aleatorio,0,0.55,1,0
140,4182,4,1,1501,1,0,0,1,1,0,0,0,procedimiento,0,0.65,0,0
140,4183,6,1,1351,1,0,0,1,1,0,0,0,procedimiento,0,0.64,0,0
140,4184,1,2,1776,2,0,0,1,0,0,0,0,aleatorio,0,0.53,1,0
140,4185,1,3,2055,2,0,0,0,0,0,0,0,inatencion,1,0.43,2,0
140,4186,3,3,2312,2,0,0,0,0,0,0,0,aleatorio,1,0.32,3,0
140,4187,10,2,2318,1,0,0,0,0,0,0,1,inatencion,1,0.21,4,0
140,4188,13,1,1348,1,0,0,1,1,0,0,0,procedimiento,0,0.6,0,0
140,4189,10,2,2350,1,0,0,0,1,1,0,0,procedimiento,0,0.6,0,0
140,4190,12,3,1900,1,0,0,1,1,2,0,0,procedimiento,0,0.59,0,0
140,4191,12,3,2329,3,1,0,0,0,0,0,0,aleatorio,0,0.48,1,0
140,4192,6,1,1427,1,0,0,1,1,0,0,0,procedimiento,0,0.57,0,0
140,4193,2,2,2527,1,0,0,0,1,0,0,0,procedimiento,0,0.57,0,0
140,4194,3,1,1824,1,1,0,1,1,0,0,0,procedimiento,0,0.56,0,0
140,4195,14,2,2652,3,0,0,0,0,2,0,0,inatencion,0,0.45,1,0
140,4196,16,2,2105,2,1,0,0,0,1,0,1,inatencion,1,0.35,2,0
140,4197,2,2,2250,1,0,0,0,0,0,0,2,inatencion,1,0.24,3,0
140,4198,11,3,3227,1,0,0,0,1,1,0,0,procedimiento,0,0.53,0,0
140,4199,5,1,1781,2,0,0,1,0,1,0,0,aleatorio,0,0.42,1,0
140,4200,9,1,1608,1,0,0,1,1,0,0,0,procedimiento,0,0.52,0,0
141,4201,17,2,2105,3,1,0,0,0,0,0,0,conceptual,0,0.76,1,0
141,4202,10,1,1840,1,0,0,1,1,0,0,0,procedimiento,0,0.85,0,0
141,4203,7,2,2584,1,0,0,0,1,0,0,0,procedimiento,0,0.84,0,0
141,4204,8,1,2386,1,0,0,0,1,0,0,0,procedimiento,0,0.83,0,0
141,4205,8,2,3335,1,0,0,0,1,0,0,0,procedimiento,0,0.82,0,0
141,4206,12,2,2905,2,0,0,0,0,0,0,0,conceptual,0,0.71,1,0
141,4207,19,1,1702,1,0,0,1,1,0,0,0,procedimiento,0,0.8,0,0
141,4208,8,3,2697,1,1,2,0,0,0,0,0,procedimiento,0,0.7,1,0
141,4209,6,2,2967,2,0,0,0,0,0,0,1,inatencion,1,0.59,2,0
141,4210,7,2,3479,1,0,0,0,0,0,0,1,inatencion,1,0.4,3,0
141,4211,16,4,3990,1,0,0,0,0,0,0,2,inatencion,1,0.37,4,0
141,4212,3,1,1991,1,0,0,1,1,0,0,0,procedimiento,0,0.76,0,0
141,4213,5,3,2891,1,0,0,0,0,0,0,0,inatencion,0,0.65,1,0
141,4214,2,2,2951,2,0,0,0,0,0,0,0,conceptual,1,0.54,2,0
141,4215,6,2,2071,1,0,0,0,1,0,0,0,procedimiento,0,0.74,0,0
141,4216,13,1,1569,1,0,0,1,1,0,0,0,procedimiento,0,0.73,0,0
141,4217,11,1,1725,1,1,0,1,1,0,0,0,procedimiento,0,0.72,0,0
141,4218,7,4,5308,2,0,0,0,0,0,0,0,inatencion,0,0.61,1,0
141,4219,7,2,3392,1,1,0,0,1,0,0,0,procedimiento,0,0.7,0,0
141,4220,8,3,4612,1,0,0,0,1,0,0,0,procedimiento,0,0.69,0,0
141,4221,9,2,2139,1,1,0,0,1,0,0,0,procedimiento,0,0.68,0,0
141,4222,2,1,1699,2,0,0,1,0,0,0,0,inatencion,0,0.58,1,0
141,4223,11,1,2192,1,0,0,0,1,0,0,0,procedimiento,0,0.67,0,0
141,4224,2,4,6553,1,1,0,0,0,0,0,0,conceptual,0,0.56,1,0
141,4225,15,1,2663,1,0,0,0,1,0,0,0,procedimiento,0,0.65,0,0
141,4226,10,1,2148,1,0,0,0,1,0,0,0,procedimiento,0,0.64,0,0
141,4227,17,2,4767,1,1,0,0,0,0,0,0,consigna,0,0.53,1,0
141,4228,7,1,2267,1,0,0,0,1,0,0,0,procedimiento,0,0.62,0,0
141,4229,18,2,3518,2,0,0,0,0,0,0,0,conceptual,0,0.52,1,0
141,4230,13,3,3899,1,1,0,0,0,0,0,1,consigna,1,0.41,2,0
142,4231,9,3,3648,1,0,0,0,1,1,0,0,procedimiento,0,0.53,0,0
142,4232,1,1,1694,1,0,0,1,1,1,0,0,procedimiento,0,0.53,0,0
142,4233,5,3,3610,1,0,0,0,1,1,0,0,procedimiento,0,0.52,0,0
142,4234,12,2,2711,1,1,0,0,1,1,0,0,procedimiento,0,0.52,0,0
142,4235,4,4,3755,1,0,0,0,1,1,0,0,procedimiento,0,0.51,0,0
142,4236,10,2,2496,1,1,1,0,1,1,0,0,procedimiento,0,0.51,0,0
142,4237,1,1,1480,1,0,0,1,1,1,0,0,procedimiento,0,0.5,0,0
142,4238,11,3,3654,1,0,0,0,0,1,647,0,inatencion,1,0.4,1,0
142,4239,13,4,5176,1,0,0,0,1,0,93,0,procedimiento,1,0.49,0,0
142,4240,14,4,4139,3,0,0,0,0,1,646,0,inatencion,1,0.39,1,0
142,4241,18,4,4735,1,0,0,0,1,0,370,0,procedimiento,1,0.48,0,0
142,4242,13,4,3566,2,0,0,0,0,2,457,0,procedimiento,1,0.37,1,0
142,4243,19,2,2988,1,0,0,0,1,3,148,0,procedimiento,1,0.47,0,0
142,4244,19,4,4781,1,0,0,0,1,2,149,0,procedimiento,1,0.46,0,0
142,4245,6,2,2027,1,1,0,0,1,0,1401,0,procedimiento,1,0.46,0,0
142,4246,2,3,2488,1,1,0,0,1,0,280,0,procedimiento,1,0.45,0,0
142,4247,5,2,2452,1,0,0,0,1,2,547,0,procedimiento,1,0.45,0,0
142,4248,11,3,3432,1,1,0,0,1,2,575,0,procedimiento,1,0.44,0,0
142,4249,9,2,2003,1,0,0,0,1,1,1239,0,procedimiento,1,0.44,0,0
142,4250,19,3,4175,1,0,0,0,1,4,162,0,procedimiento,1,0.43,0,0
142,4251,10,2,2269,1,1,3,0,1,1,172,0,procedimiento,1,0.43,0,0
142,4252,15,2,4001,1,0,0,0,1,4,276,0,procedimiento,1,0.42,0,0
142,4253,15,3,3273,1,0,0,0,0,6,969,0,conceptual,1,0.32,1,0
142,4254,3,3,5276,2,0,0,0,0,5,167,2,conceptual,1,0.21,2,0
142,4255,5,2,3126,1,0,0,0,1,1,436,0,procedimiento,1,0.41,0,0
142,4256,7,3,3973,1,0,0,0,1,2,244,1,procedimiento,1,0.4,0,0
142,4257,4,3,4820,1,0,0,0,1,2,343,0,procedimiento,1,0.39,0,0
142,4258,16,4,5255,1,0,0,0,1,2,0,5,procedimiento,1,0.39,0,0
142,4259,7,2,3519,1,0,0,0,1,1,43,0,procedimiento,1,0.38,0,0
142,4260,6,4,4282,1,0,0,0,1,3,294,1,procedimiento,1,0.38,0,0
143,4261,13,2,3204,1,0,0,0,1,0,0,0,procedimiento,0,0.78,0,0
143,4262,15,3,4750,1,0,0,0,1,0,0,0,procedimiento,0,0.77,0,0
143,4263,3,3,4886,1,1,0,0,0,0,0,0,procedimiento,0,0.66,1,0
143,4264,18,3,4102,3,1,0,0,0,0,0,1,conceptual,1,0.55,2,0
143,4265,8,2,3404,1,0,0,0,0,0,0,0,aleatorio,1,0.4,3,0
143,4266,4,3,3203,1,0,0,0,0,0,0,0,inatencion,1,0.34,4,0
143,4267,18,1,2975,2,0,0,0,0,0,0,0,aleatorio,1,0.23,5,0
143,4268,19,2,2793,1,0,0,0,0,0,0,0,inatencion,1,0.15,6,0
143,4269,18,3,3361,1,0,0,0,0,0,0,1,aleatorio,1,0.15,7,0
143,4270,13,3,5047,1,1,1,0,0,0,0,0,inatencion,1,0.15,8,0
143,4271,3,4,5921,1,1,0,0,0,0,0,1,inatencion,1,0.15,9,0
143,4272,4,2,3726,3,1,0,0,0,0,0,0,inatencion,1,0.15,10,0
143,4273,5,3,4900,1,1,1,0,0,0,0,1,inatencion,1,0.15,11,0
143,4274,7,4,5418,1,0,0,0,0,0,0,0,aleatorio,1,0.15,12,0
143,4275,4,1,2453,1,0,0,0,1,0,0,0,procedimiento,0,0.67,0,0
143,4276,18,3,4490,2,0,0,0,0,0,0,0,inatencion,0,0.56,1,0
143,4277,14,3,3691,3,0,0,0,0,0,0,1,conceptual,1,0.45,2,0
143,4278,8,3,3691,3,0,0,0,0,0,0,0,inatencion,1,0.35,3,0
143,4279,2,3,3454,2,0,0,0,0,0,0,0,inatencion,1,0.24,4,0
143,4280,8,2,3915,1,0,0,0,0,0,0,2,aleatorio,1,0.15,5,0
143,4281,2,2,4162,1,1,1,0,1,0,0,0,procedimiento,0,0.62,0,0
143,4282,9,1,2556,2,0,0,0,0,0,0,0,procedimiento,0,0.51,1,0
143,4283,14,3,5527,1,1,0,0,0,0,0,0,consigna,1,0.41,2,0
143,4284,2,1,3017,1,0,0,0,1,4,0,0,procedimiento,0,0.6,0,0
143,4285,5,2,3698,2,0,0,0,0,1,0,0,inatencion,0,0.49,1,0
143,4286,10,2,4741,1,0,0,0,0,3,0,2,conceptual,1,0.38,2,0
143,4287,15,3,4065,2,0,0,0,0,2,0,2,inatencion,1,0.28,3,0
143,4288,19,3,4903,1,0,0,0,1,2,0,0,procedimiento,0,0.57,0,0
143,4289,14,3,6087,3,1,0,0,0,0,0,0,inatencion,0,0.46,1,0
143,4290,7,2,3818,1,1,0,0,0,0,0,1,procedimiento,1,0.35,2,0
144,4291,16,1,2589,1,0,0,0,0,0,0,0,consigna,0,0.83,1,0
144,4292,4,2,2130,3,0,0,0,0,0,0,0,conceptual,1,0.72,2,0
144,4293,13,1,1979,1,0,0,1,0,0,0,0,aleatorio,1,0.4,3,0
144,4294,5,4,3920,1,1,0,0,1,0,0,0,procedimiento,0,0.9,0,0
144,4295,1,3,4492,2,0,0,0,0,0,0,0,conceptual,0,0.79,1,0
144,4296,11,3,4103,1,0,0,0,0,0,0,0,conceptual,1,0.68,2,0
144,4297,19,2,2592,1,1,0,0,1,0,0,0,procedimiento,0,0.87,0,0
144,4298,1,2,2326,1,1,0,0,0,0,0,0,inatencion,0,0.76,1,0
144,4299,7,1,2204,2,0,0,0,0,0,0,0,conceptual,1,0.65,2,0
144,4300,9,2,2679,1,1,0,0,0,0,0,0,aleatorio,1,0.4,3,0
144,4301,4,3,3281,1,0,0,0,1,0,0,0,procedimiento,0,0.84,0,0
144,4302,16,4,3997,1,0,0,0,1,0,0,0,procedimiento,0,0.83,0,0
144,4303,2,4,3670,2,0,0,0,0,0,0,0,procedimiento,0,0.72,1,0
144,4304,9,2,3440,1,0,0,0,1,0,0,0,procedimiento,0,0.81,0,0
144,4305,12,4,5461,1,0,0,0,0,0,0,0,consigna,0,0.7,1,0
144,4306,6,4,5661,2,1,1,0,0,0,0,0,inatencion,1,0.59,2,0
144,4307,12,1,2464,1,0,0,0,1,0,0,0,procedimiento,0,0.78,0,0
144,4308,9,2,2768,1,0,0,0,0,0,0,0,inatencion,0,0.67,1,0
144,4309,19,3,4104,2,0,0,0,0,0,0,0,conceptual,1,0.56,2,0
144,4310,12,2,3401,2,1,1,0,0,0,0,1,inatencion,1,0.4,3,0
144,4311,14,2,3359,1,0,0,0,0,0,0,0,inatencion,1,0.34,4,0
144,4312,9,2,3096,1,0,0,0,0,0,0,1,aleatorio,1,0.23,5,0
144,4313,18,2,2882,1,0,0,0,1,0,0,0,procedimiento,0,0.72,0,0
144,4314,11,2,4054,2,0,0,0,0,0,0,0,inatencion,0,0.61,1,0
144,4315,19,2,4838,1,1,0,0,0,0,0,0,conceptual,1,0.51,2,0
144,4316,9,2,3020,3,0,0,0,0,0,0,0,inatencion,1,0.4,3,0
144,4317,16,3,4705,1,0,0,0,1,0,0,0,procedimiento,0,0.69,0,0
144,4318,13,3,3904,2,0,0,0,0,0,0,0,consigna,0,0.58,1,0
144,4319,6,2,2668,1,0,0,0,1,0,0,0,procedimiento,0,0.67,0,0
144,4320,11,3,3853,2,0,0,0,0,0,0,0,inatencion,0,0.56,1,0
145,4321,7,1,2419,1,0,0,0,1,0,0,0,procedimiento,0,0.86,0,0
145,4322,2,3,4132,1,0,0,0,1,0,0,0,procedimiento,0,0.85,0,0
145,4323,17,2,2746,1,0,0,0,1,0,0,0,procedimiento,0,0.84,0,0
145,4324,15,3,4342,2,0,0,0,0,0,0,0,conceptual,0,0.73,1,0
145,4325,12,2,2682,1,0,0,0,1,0,0,0,procedimiento,0,0.82,0,0
145,4326,15,2,3533,1,1,0,0,1,0,0,0,procedimiento,0,0.81,0,0
145,4327,11,4,6096,2,1,0,0,0,0,0,0,inatencion,0,0.71,1,0
145,4328,5,2,3375,1,0,0,0,1,0,0,0,procedimiento,0,0.8,0,0
145,4329,12,3,3123,1,0,0,0,1,0,0,0,procedimiento,0,0.79,0,0
145,4330,2,1,2367,1,0,0,0,1,0,0,0,procedimiento,0,0.78,0,0
145,4331,7,3,4996,1,0,0,0,1,0,0,0,procedimiento,0,0.77,0,0
145,4332,11,3,3667,1,0,0,0,0,0,0,0,inatencion,0,0.66,1,0
145,4333,11,1,1940,1,1,2,1,1,0,0,0,procedimiento,0,0.75,0,0
145,4334,18,4,4897,2,0,0,0,0,0,0,0,conceptual,0,0.65,1,0
145,4335,13,3,3730,3,0,0,0,0,0,0,1,procedimiento,1,0.54,2,0
145,4336,3,4,6147,1,0,0,0,0,0,0,0,aleatorio,1,0.4,3,0
145,4337,2,1,2421,1,0,0,0,1,0,0,0,procedimiento,0,0.72,0,0
145,4338,8,1,2061,1,0,0,0,1,0,0,0,procedimiento,0,0.71,0,0
145,4339,13,1,1936,1,0,0,1,1,0,0,0,procedimiento,0,0.7,0,0
145,4340,14,3,5455,1,1,1,0,0,0,0,0,conceptual,0,0.59,1,0
145,4341,4,3,3555,2,0,0,0,0,0,0,0,procedimiento,1,0.49,2,0
145,4342,3,3,4885,1,1,0,0,1,0,0,0,procedimiento,0,0.68,0,0
145,4343,17,4,9549,1,0,0,0,0,0,0,0,conceptual,0,0.57,1,0
145,4344,18,3,6572,1,1,0,0,0,0,0,0,conceptual,1,0.46,2,0
145,4345,6,2,5050,1,0,0,0,1,0,0,0,procedimiento,0,0.65,0,0
145,4346,2,3,7831,1,1,1,0,1,0,0,0,procedimiento,0,0.64,0,0
145,4347,14,4,8239,1,1,1,0,1,0,0,0,procedimiento,0,0.63,0,0
145,4348,2,2,2736,2,1,1,0,0,0,0,0,conceptual,0,0.53,1,0
145,4349,15,1,2604,1,0,0,0,1,0,0,0,procedimiento,0,0.62,0,0
145,4350,10,4,6448,3,0,0,0,0,0,0,0,procedimiento,0,0.51,1,0
146,4351,12,2,2232,2,0,0,0,0,3,0,0,inatencion,0,0.42,1,0
146,4352,2,3,2533,1,0,0,0,0,1,0,1,procedimiento,1,0.32,2,0
146,4353,8,3,3469,1,1,0,0,1,2,0,0,procedimiento,0,0.51,0,0
146,4354,1,2,2716,2,1,2,0,0,1,0,0,aleatorio,0,0.41,1,0
146,4355,5,3,2027,2,0,0,0,0,2,0,1,inatencion,1,0.3,2,0
146,4356,19,1,1815,2,1,0,1,0,1,375,0,inatencion,1,0.2,3,0
146,4357,2,2,2454,2,0,0,0,0,1,78,2,aleatorio,1,0.15,4,0
146,4358,13,4,3997,1,0,0,0,0,5,213,2,aleatorio,1,0.15,5,0
146,4359,11,2,1802,1,1,0,1,1,2,303,0,procedimiento,1,0.48,0,0
146,4360,4,1,1940,1,0,0,1,1,2,546,0,procedimiento,1,0.47,0,0
146,4361,7,3,2477,1,0,0,0,1,4,46,0,procedimiento,1,0.47,0,0
146,4362,14,4,2999,1,1,0,0,1,2,509,0,procedimiento,1,0.46,0,0
146,4363,13,4,2859,1,0,0,0,0,3,304,0,conceptual,1,0.36,1,0
146,4364,11,2,2397,2,0,0,0,0,2,73,2,inatencion,1,0.25,2,0
146,4365,17,2,2584,1,0,0,0,1,0,164,0,procedimiento,1,0.45,0,0
146,4366,19,4,3330,2,1,0,0,0,1,442,0,procedimiento,1,0.34,1,0
146,4367,17,4,3326,1,1,2,0,1,2,473,0,procedimiento,1,0.44,0,0
146,4368,17,4,4235,1,0,0,0,1,2,782,0,procedimiento,1,0.43,0,0
146,4369,1,2,2234,1,0,0,0,1,1,105,0,procedimiento,1,0.43,0,0
146,4370,11,2,2692,3,0,0,0,0,0,224,0,inatencion,1,0.32,1,0
146,4371,1,1,1735,1,1,0,1,1,1,242,0,procedimiento,1,0.42,0,0
146,4372,9,3,3726,1,1,1,0,0,0,487,0,inatencion,1,0.31,1,0
146,4373,16,3,2702,2,0,0,0,0,1,748,1,procedimiento,1,0.21,2,0
146,4374,14,1,1401,1,0,0,1,1,3,101,0,procedimiento,1,0.4,0,0
146,4375,4,1,1718,2,0,0,1,0,2,359,2,inatencion,1,0.3,1,0
146,4376,12,2,2334,2,0,0,0,0,2,3,2,procedimiento,1,0.19,2,0
146,4377,18,2,2229,1,0,0,0,0,0,523,1,aleatorio,1,0.15,3,0
146,4378,11,2,2649,1,1,1,0,0,1,13,1,aleatorio,1,0.15,4,0
146,4379,10,1,2466,1,0,0,0,0,1,441,3,aleatorio,1,0.15,5,0
146,4380,4,2,2667,1,1,0,0,0,3,810,2,inatencion,1,0.15,6,0
147,4381,9,2,1695,2,1,0,1,0,0,0,0,aleatorio,0,0.47,1,0
147,4382,16,1,1483,2,0,0,1,0,0,0,1,aleatorio,1,0.36,2,0
147,4383,5,2,2037,3,0,0,0,0,2,0,1,inatencion,1,0.26,3,0
147,4384,6,1,1528,1,0,0,1,1,0,0,0,procedimiento,0,0.55,0,0
147,4385,4,2,2510,1,1,0,0,0,1,0,0,procedimiento,0,0.44,1,0
147,4386,1,2,2119,1,0,0,0,0,1,0,0,consigna,1,0.34,2,0
147,4387,17,2,2730,1,0,0,0,1,3,0,0,procedimiento,0,0.53,0,0
147,4388,10,3,2899,1,0,0,0,0,1,0,0,conceptual,0,0.43,1,0
147,4389,18,1,1935,1,0,0,1,0,0,0,0,inatencion,1,0.32,2,0
147,4390,18,2,2236,1,0,0,0,1,1,0,0,procedimiento,0,0.52,0,0
147,4391,8,1,1460,1,0,0,1,1,1,0,0,procedimiento,0,0.51,0,0
147,4392,2,3,3455,2,1,0,0,0,2,0,0,inatencion,0,0.4,1,0
147,4393,8,3,3095,1,1,0,0,0,1,1525,3,procedimiento,1,0.3,2,0
147,4394,19,4,3186,2,1,1,0,0,0,618,1,inatencion,1,0.19,3,0
147,4395,18,1,1243,1,0,0,1,1,2,447,0,procedimiento,1,0.49,0,0
147,4396,12,2,2615,1,1,0,0,0,3,105,0,conceptual,1,0.38,1,0
147,4397,10,4,4097,1,1,0,0,0,1,127,2,consigna,1,0.28,2,0
147,4398,7,1,1565,2,0,0,1,0,1,346,2,inatencion,1,0.17,3,0
147,4399,19,1,1525,2,0,0,1,0,0,211,0,inatencion,1,0.15,4,0
147,4400,19,1,1396,1,0,0,1,0,0,538,3,inatencion,1,0.15,5,0
147,4401,4,3,3530,2,0,0,0,0,1,235,0,aleatorio,1,0.15,6,0
147,4402,1,4,3071,1,0,0,0,0,1,133,1,inatencion,1,0.15,7,0
147,4403,5,2,3074,1,0,0,0,1,4,116,0,procedimiento,1,0.44,0,0
147,4404,10,4,4836,3,0,0,0,0,2,62,0,inatencion,1,0.34,1,0
147,4405,15,3,2533,2,0,0,0,0,1,290,1,inatencion,1,0.23,2,0
147,4406,4,2,2673,3,0,0,0,0,4,653,0,inatencion,1,0.15,3,0
147,4407,1,1,1732,2,0,0,1,0,1,712,0,inatencion,1,0.15,4,0
147,4408,2,1,1763,2,1,2,1,0,3,124,1,inatencion,1,0.15,5,0
147,4409,11,4,4197,1,0,0,0,1,6,157,0,procedimiento,1,0.41,0,0
147,4410,17,3,3083,1,0,0,0,1,5,1034,0,procedimiento,1,0.4,0,0
148,4411,8,3,3572,3,1,0,0,0,4,0,0,inatencion,0,0.46,1,0
148,4412,5,1,2372,1,0,0,0,1,2,0,0,procedimiento,0,0.55,0,0
148,4413,17,4,4614,1,0,0,0,1,2,0,0,procedimiento,0,0.54,0,0
148,4414,15,1,1855,1,0,0,1,1,1,0,0,procedimiento,0,0.54,0,0
148,4415,6,2,3109,1,1,0,0,0,0,0,0,inatencion,0,0.43,1,0
148,4416,9,3,4472,3,1,0,0,0,1,0,0,conceptual,1,0.33,2,0
148,4417,3,1,2241,1,0,0,0,1,1,0,0,procedimiento,0,0.52,0,0
148,4418,18,2,3098,1,0,0,0,1,0,0,0,procedimiento,0,0.52,0,0
148,4419,10,4,5729,2,1,2,0,0,1,0,0,consigna,0,0.41,1,0
148,4420,13,1,2274,1,0,0,0,1,1,0,0,procedimiento,0,0.51,0,0
148,4421,12,1,2721,2,0,0,0,0,3,145,0,conceptual,1,0.4,1,0
148,4422,7,1,1813,3,0,0,1,0,1,874,1,aleatorio,1,0.29,2,0
148,4423,13,1,2103,1,0,0,0,1,1,679,0,procedimiento,1,0.49,0,0
148,4424,19,3,3405,2,1,0,0,0,2,183,0,conceptual,1,0.38,1,0
148,4425,18,4,5718,1,0,0,0,1,1,99,0,procedimiento,1,0.48,0,0
148,4426,12,3,4547,1,1,1,0,0,4,36,0,inatencion,1,0.37,1,0
148,4427,10,3,4337,3,0,0,0,0,2,2125,2,conceptual,1,0.27,2,0
148,4428,2,2,2291,1,0,0,0,1,2,681,0,procedimiento,1,0.46,0,0
148,4429,19,4,4078,1,1,0,0,1,0,44,0,procedimiento,1,0.46,0,0
148,4430,8,3,3251,3,1,0,0,0,3,509,0,procedimiento,1,0.35,1,0
148,4431,8,2,3747,3,1,1,0,0,2,1050,0,consigna,1,0.24,2,0
148,4432,7,1,2939,2,0,0,0,0,1,625,1,inatencion,1,0.15,3,0
148,4433,15,4,5032,2,1,1,0,0,3,85,2,aleatorio,1,0.15,4,0
148,4434,2,3,3326,3,1,2,0,0,0,109,0,inatencion,1,0.15,5,0
148,4435,2,2,3771,2,1,1,0,0,3,75,0,aleatorio,1,0.15,6,0
148,4436,4,2,3920,1,0,0,0,0,3,96,2,inatencion,1,0.15,7,0
148,4437,17,1,2545,1,0,0,0,0,1,447,2,aleatorio,1,0.15,8,0
148,4438,14,2,4412,1,0,0,0,1,2,188,0,procedimiento,1,0.41,0,0
148,4439,9,4,4710,2,0,0,0,0,2,700,0,inatencion,1,0.3,1,0
148,4440,9,3,4473,1,0,0,0,0,2,272,1,procedimiento,1,0.19,2,0
149,4441,2,4,4165,1,1,1,0,1,0,0,0,procedimiento,0,0.64,0,0
149,4442,1,1,1759,1,0,0,1,1,0,0,0,procedimiento,0,0.63,0,0
149,4443,5,3,2294,3,1,2,0,0,0,0,0,conceptual,0,0.53,1,0
149,4444,19,2,1794,1,0,0,1,1,0,0,0,procedimiento,0,0.62,0,0
149,4445,19,4,4119,3,0,0,0,0,0,0,0,consigna,0,0.51,1,0
149,4446,16,3,2236,3,1,0,0,0,0,0,2,conceptual,1,0.41,2,0
149,4447,10,2,1994,1,0,0,1,0,0,0,0,inatencion,1,0.3,3,0
149,4448,14,4,3655,2,0,0,0,0,1,0,1,inatencion,1,0.2,4,0
149,4449,7,1,1552,1,1,0,1,1,3,0,0,procedimiento,0,0.59,0,0
149,4450,7,1,1627,1,0,0,1,1,0,0,0,procedimiento,0,0.58,0,0
149,4451,4,4,4106,1,1,0,0,1,3,0,0,procedimiento,0,0.58,0,0
149,4452,3,4,2970,1,1,0,0,1,1,0,0,procedimiento,0,0.57,0,0
149,4453,16,2,2837,1,0,0,0,1,3,0,0,procedimiento,0,0.56,0,0
149,4454,8,1,1698,1,0,0,1,1,0,0,0,procedimiento,0,0.56,0,0
149,4455,1,2,2383,1,0,0,0,1,1,0,0,procedimiento,0,0.55,0,0
149,4456,17,1,1975,1,0,0,1,1,1,0,0,procedimiento,0,0.54,0,0
149,4457,13,3,2976,3,1,0,0,0,2,0,0,procedimiento,0,0.44,1,0
149,4458,3,3,3596,1,1,2,0,1,1,0,0,procedimiento,0,0.53,0,0
149,4459,9,3,3364,2,0,0,0,0,1,0,0,consigna,0,0.43,1,0
149,4460,17,4,3225,1,0,0,0,1,1,0,0,procedimiento,0,0.52,0,0
149,4461,5,2,2269,2,0,0,0,0,2,0,0,procedimiento,0,0.41,1,0
149,4462,3,2,2085,1,0,0,0,1,2,0,0,procedimiento,0,0.51,0,0
149,4463,13,2,3370,2,0,0,0,0,3,488,0,inatencion,1,0.4,1,0
149,4464,11,3,5034,1,0,0,0,0,2,83,1,conceptual,1,0.29,2,0
149,4465,6,2,2653,1,0,0,0,0,2,215,2,aleatorio,1,0.19,3,0
149,4466,2,1,1954,1,0,0,1,0,1,52,1,inatencion,1,0.15,4,0
149,4467,15,3,3008,1,1,2,0,0,2,1284,0,aleatorio,1,0.15,5,0
149,4468,11,1,2141,1,0,0,0,0,0,6,0,inatencion,1,0.15,6,0
149,4469,7,2,3504,2,1,0,0,0,4,180,1,aleatorio,1,0.15,7,0
149,4470,17,4,4641,2,1,1,0,0,0,151,1,inatencion,1,0.15,8,0
150,4471,1,1,1882,2,0,0,1,0,0,0,0,aleatorio,0,0.7,1,0
150,4472,9,3,3649,2,1,0,0,0,0,0,0,inatencion,1,0.59,2,0
150,4473,6,1,1557,1,1,2,1,1,0,0,0,procedimiento,0,0.78,0,0
150,4474,8,1,1668,3,0,0,1,0,0,0,0,aleatorio,0,0.68,1,0
150,4475,16,3,3948,1,0,0,0,1,0,0,0,procedimiento,0,0.77,0,0
150,4476,10,2,2303,1,0,0,0,0,0,0,0,inatencion,0,0.66,1,0
150,4477,4,3,3790,2,0,0,0,0,0,0,1,inatencion,1,0.55,2,0
150,4478,9,1,2054,1,0,0,0,0,0,0,1,aleatorio,1,0.4,3,0
150,4479,15,1,2064,1,0,0,0,1,0,0,0,procedimiento,0,0.74,0,0
150,4480,18,2,2294,1,0,0,0,0,0,0,0,conceptual,0,0.63,1,0
150,4481,14,2,3125,2,1,0,0,0,0,0,2,consigna,1,0.52,2,0
150,4482,12,3,3476,3,0,0,0,0,0,0,1,inatencion,1,0.4,3,0
150,4483,13,2,3122,1,0,0,0,0,0,0,1,aleatorio,1,0.3,4,0
150,4484,8,2,2910,1,1,0,0,1,0,0,0,procedimiento,0,0.7,0,0
150,4485,5,3,3266,1,0,0,0,1,0,0,0,procedimiento,0,0.69,0,0
150,4486,12,1,2258,1,0,0,0,1,0,0,0,procedimiento,0,0.68,0,0
150,4487,13,3,3696,3,0,0,0,0,0,0,0,consigna,0,0.57,1,0
150,4488,18,1,2370,1,0,0,0,1,0,0,0,procedimiento,0,0.66,0,0
150,4489,9,2,2894,1,1,2,0,0,0,0,0,procedimiento,0,0.56,1,0
150,4490,16,4,4990,1,0,0,0,0,0,0,0,procedimiento,1,0.45,2,0
150,4491,10,1,2267,1,0,0,0,1,0,0,0,procedimiento,0,0.64,0,0
150,4492,10,3,3628,1,0,0,0,1,0,0,0,procedimiento,0,0.63,0,0
150,4493,17,1,3062,1,0,0,0,1,0,0,0,procedimiento,0,0.62,0,0
150,4494,13,3,3069,1,0,0,0,0,0,0,0,aleatorio,0,0.52,1,0
150,4495,17,1,2199,2,0,0,0,0,0,0,0,consigna,1,0.41,2,0
150,4496,12,4,7554,1,0,0,0,0,0,0,0,aleatorio,1,0.3,3,0
150,4497,1,4,4108,2,1,0,0,0,4,0,0,inatencion,1,0.19,4,0
150,4498,2,2,2834,1,1,0,0,0,1,0,1,inatencion,1,0.15,5,0
150,4499,9,3,5110,3,1,1,0,0,1,0,0,aleatorio,1,0.15,6,0
150,4500,7,2,4108,1,0,0,0,0,1,0,1,inatencion,1,0.15,7,0
151,4501,16,2,2944,1,1,0,0,0,0,0,0,conceptual,0,0.83,1,0
151,4502,19,2,3023,1,0,0,0,1,0,0,0,procedimiento,0,0.92,0,0
151,4503,4,4,5540,1,1,0,0,0,0,0,0,conceptual,0,0.81,1,0
151,4504,7,1,2334,1,0,0,0,0,0,0,0,inatencion,1,0.7,2,0
151,4505,3,1,2741,1,1,1,0,1,0,0,0,procedimiento,0,0.89,0,0
151,4506,19,3,3620,1,0,0,0,1,0,0,0,procedimiento,0,0.88,0,0
151,4507,4,2,2721,1,0,0,0,0,0,0,0,consigna,0,0.77,1,0
151,4508,6,3,5051,1,0,0,0,0,0,0,1,inatencion,1,0.66,2,0
151,4509,1,1,2237,1,0,0,0,1,0,0,0,procedimiento,0,0.85,0,0
151,4510,2,3,4076,1,0,0,0,0,0,0,0,conceptual,0,0.74,1,0
151,4511,17,2,3641,1,1,0,0,0,0,0,2,inatencion,1,0.63,2,0
151,4512,9,3,5015,2,0,0,0,0,0,0,1,inatencion,1,0.4,3,0
151,4513,10,3,4276,2,1,0,0,0,0,0,0,aleatorio,1,0.4,4,0
151,4514,3,2,2682,1,0,0,0,0,0,0,0,aleatorio,1,0.31,5,0
151,4515,2,3,4145,1,0,0,0,0,0,0,0,inatencion,1,0.2,6,0
151,4516,17,2,2771,3,0,0,0,0,0,0,0,aleatorio,1,0.15,7,0
151,4517,11,1,2077,3,0,0,0,0,0,0,1,inatencion,1,0.15,8,0
151,4518,15,3,3336,1,1,0,0,1,0,0,0,procedimiento,0,0.77,0,0
151,4519,5,2,2408,3,0,0,0,0,0,0,0,inatencion,0,0.66,1,0
151,4520,18,2,3072,3,0,0,0,0,0,0,0,aleatorio,1,0.55,2,0
151,4521,1,2,2535,1,1,1,0,1,0,0,0,procedimiento,0,0.74,0,0
151,4522,10,2,4224,1,0,0,0,0,0,0,0,inatencion,0,0.63,1,0
151,4523,11,2,4865,2,1,0,0,0,0,0,1,procedimiento,1,0.52,2,0
151,4524,17,3,4783,2,1,1,0,0,0,0,2,inatencion,1,0.4,3,0
151,4525,13,3,5856,1,1,1,0,0,0,0,0,inatencion,1,0.3,4,0
151,4526,19,3,5321,1,0,0,0,0,0,0,0,inatencion,1,0.19,5,0
151,4527,2,2,5126,2,0,0,0,0,0,0,2,aleatorio,1,0.15,6,0
151,4528,8,3,4277,1,1,0,0,0,0,0,0,aleatorio,1,0.15,7,0
151,4529,12,3,3895,2,0,0,0,0,0,0,0,aleatorio,1,0.15,8,0
151,4530,3,4,8208,3,0,0,0,0,0,0,2,inatencion,1,0.15,9,0
152,4531,12,1,2080,3,0,0,0,0,0,0,0,inatencion,0,0.54,1,0
152,4532,14,4,3699,1,1,0,0,0,0,0,0,procedimiento,1,0.43,2,0
152,4533,17,3,3425,2,0,0,0,0,0,0,0,inatencion,1,0.33,3,0
152,4534,19,1,1441,1,0,0,1,0,0,0,1,inatencion,1,0.22,4,0
152,4535,18,3,2927,2,1,0,0,0,0,0,0,inatencion,1,0.15,5,0
152,4536,4,2,2938,2,0,0,0,0,0,0,0,inatencion,1,0.15,6,0
152,4537,2,3,3381,1,1,0,0,1,0,0,0,procedimiento,0,0.6,0,0
152,4538,16,3,2515,3,0,0,0,0,0,0,0,inatencion,0,0.49,1,0
152,4539,12,2,2758,1,0,0,0,1,2,0,0,procedimiento,0,0.59,0,0
152,4540,8,1,1505,2,1,2,1,0,1,0,0,aleatorio,0,0.48,1,0
152,4541,13,3,2939,2,0,0,0,0,2,0,2,conceptual,1,0.38,2,0
152,4542,8,2,3064,1,1,1,0,0,0,0,1,inatencion,1,0.27,3,0
152,4543,6,2,2895,2,1,2,0,0,1,0,1,inatencion,1,0.16,4,0
152,4544,7,2,2103,1,0,0,0,0,2,0,1,inatencion,1,0.15,5,0
152,4545,16,2,2071,1,0,0,0,0,0,0,2,inatencion,1,0.15,6,0
152,4546,16,3,3822,2,0,0,0,0,2,0,2,inatencion,1,0.15,7,0
152,4547,15,4,4383,1,0,0,0,0,0,0,0,inatencion,1,0.15,8,0
152,4548,14,3,2806,1,1,0,0,0,1,0,2,aleatorio,1,0.15,9,0
152,4549,2,3,3300,2,0,0,0,0,3,0,1,aleatorio,1,0.15,10,0
152,4550,16,3,2967,2,0,0,0,0,3,0,0,inatencion,1,0.15,11,0
152,4551,5,3,2880,1,0,0,0,1,1,0,0,procedimiento,0,0.51,0,0
152,4552,14,3,4897,1,1,0,0,0,1,0,0,inatencion,0,0.41,1,0
152,4553,2,4,7431,1,1,0,0,0,2,336,1,inatencion,1,0.3,2,0
152,4554,12,3,3299,1,1,1,0,0,1,651,0,inatencion,1,0.19,3,0
152,4555,16,2,3392,1,0,0,0,0,2,198,0,inatencion,1,0.15,4,0
152,4556,18,2,4546,2,1,0,0,0,2,134,1,inatencion,1,0.15,5,0
152,4557,18,2,3012,1,1,1,0,0,1,282,2,inatencion,1,0.15,6,0
152,4558,8,3,4433,2,0,0,0,0,1,202,2,inatencion,1,0.15,7,0
152,4559,13,1,2882,3,1,0,0,0,4,338,3,inatencion,1,0.15,8,0
152,4560,15,4,4578,1,0,0,0,1,1,100,0,procedimiento,1,0.45,0,0
153,4561,4,2,4211,2,1,0,0,0,4,328,1,procedimiento,1,0.24,1,0
153,4562,19,2,3443,1,0,0,0,0,1,273,2,conceptual,1,0.15,2,0
153,4563,19,3,4808,1,0,0,0,0,2,506,2,inatencion,1,0.15,3,0
153,4564,11,3,5208,1,1,2,0,1,2,908,0,procedimiento,1,0.33,0,0
153,4565,16,4,5332,1,0,0,0,1,1,270,2,procedimiento,1,0.32,0,0
153,4566,15,4,5147,2,1,0,0,0,1,248,2,conceptual,1,0.22,1,0
153,4567,16,1,2849,1,1,1,0,1,4,69,0,procedimiento,1,0.32,0,0
153,4568,1,2,4097,3,0,0,0,0,1,148,2,inatencion,1,0.21,1,0
153,4569,7,3,4417,3,0,0,0,0,2,283,0,conceptual,1,0.15,2,0
153,4570,15,2,3827,1,0,0,0,0,4,1171,2,aleatorio,1,0.15,3,0
153,4571,5,1,2504,3,0,0,0,0,3,1024,1,aleatorio,1,0.15,4,0
153,4572,11,4,4318,2,0,0,0,0,2,1300,1,inatencion,1,0.15,5,0
153,4573,9,2,3830,1,0,0,0,1,1,491,1,procedimiento,1,0.3,0,0
153,4574,16,2,3297,3,0,0,0,0,2,431,3,conceptual,1,0.19,1,0
153,4575,16,3,3877,1,1,0,0,1,3,646,2,procedimiento,1,0.29,0,0
153,4576,18,2,2897,1,0,0,0,1,3,42,3,procedimiento,1,0.29,0,0
153,4577,2,3,3969,1,0,0,0,0,3,495,0,consigna,1,0.18,1,0
153,4578,19,2,3220,2,0,0,0,0,0,413,1,aleatorio,1,0.15,2,0
153,4579,2,4,6047,1,1,0,0,1,3,228,2,procedimiento,1,0.28,0,0
153,4580,4,2,2503,1,0,0,0,1,3,242,2,procedimiento,1,0.27,0,0
153,4581,10,1,2775,1,0,0,0,0,2,349,2,consigna,1,0.17,1,0
153,4582,14,2,4081,1,0,0,0,0,1,985,2,procedimiento,1,0.15,2,0
153,4583,9,1,3630,1,0,0,0,1,2,242,1,procedimiento,1,0.26,0,0
153,4584,15,3,4467,2,1,0,0,0,0,319,1,inatencion,1,0.16,1,0
153,4585,18,3,4399,2,1,2,0,0,2,457,0,inatencion,1,0.15,2,0
153,4586,14,3,5576,3,1,0,0,0,1,314,2,inatencion,1,0.15,3,0
153,4587,1,2,4359,1,0,0,0,1,0,109,3,procedimiento,1,0.25,0,0
153,4588,9,1,2677,1,0,0,0,1,1,244,0,procedimiento,1,0.25,0,0
153,4589,14,1,3124,1,0,0,0,1,1,232,2,procedimiento,1,0.24,0,0
153,4590,14,2,4708,3,0,0,0,0,1,453,1,inatencion,1,0.15,1,0
154,4591,17,2,3015,1,1,0,0,1,0,0,0,procedimiento,0,0.8,0,0
154,4592,5,2,2995,1,0,0,0,0,0,0,0,conceptual,0,0.69,1,0
154,4593,8,3,4826,1,0,0,0,0,0,0,1,procedimiento,1,0.58,2,0
154,4594,6,3,3129,2,0,0,0,0,0,0,1,inatencion,1,0.4,3,0
154,4595,7,2,2856,2,1,0,0,0,0,0,0,aleatorio,1,0.37,4,0
154,4596,8,2,2698,1,0,0,0,1,0,0,0,procedimiento,0,0.76,0,0
154,4597,9,1,1778,1,0,0,1,1,0,0,0,procedimiento,0,0.75,0,0
154,4598,7,2,2766,2,0,0,0,0,0,0,0,consigna,0,0.64,1,0
154,4599,8,3,4094,1,0,0,0,0,0,0,1,procedimiento,1,0.54,2,0
154,4600,17,1,2036,2,0,0,0,0,0,0,1,inatencion,1,0.4,3,0
154,4601,8,2,3888,1,0,0,0,1,0,0,0,procedimiento,0,0.72,0,0
154,4602,3,4,6138,1,1,0,0,0,0,0,0,aleatorio,0,0.61,1,0
154,4603,7,3,3759,1,0,0,0,1,0,0,0,procedimiento,0,0.7,0,0
154,4604,16,3,4370,1,0,0,0,0,0,0,0,consigna,0,0.6,1,0
154,4605,1,4,5832,2,1,0,0,0,0,0,1,procedimiento,1,0.49,2,0
154,4606,19,2,2369,1,1,0,0,1,0,0,0,procedimiento,0,0.68,0,0
154,4607,7,4,5404,2,0,0,0,0,0,0,0,procedimiento,0,0.57,1,0
154,4608,5,2,2323,1,0,0,0,0,0,0,1,procedimiento,1,0.46,2,0
154,4609,4,1,2755,1,0,0,0,1,0,0,0,procedimiento,0,0.66,0,0
154,4610,3,1,2172,1,1,0,0,1,0,0,0,procedimiento,0,0.65,0,0
154,4611,16,4,4602,1,0,0,0,0,0,0,0,conceptual,0,0.54,1,0
154,4612,18,4,5345,2,1,0,0,0,0,0,1,inatencion,1,0.43,2,0
154,4613,10,1,3760,1,0,0,0,1,0,0,0,procedimiento,0,0.62,0,0
154,4614,11,3,3800,2,0,0,0,0,0,0,0,procedimiento,0,0.52,1,0
154,4615,19,1,1816,2,0,0,1,0,0,0,0,aleatorio,1,0.41,2,0
154,4616,9,4,6635,3,1,0,0,0,1,0,1,aleatorio,1,0.3,3,0
154,4617,15,2,3423,2,0,0,0,0,2,0,2,inatencion,1,0.19,4,0
154,4618,1,1,2799,1,0,0,0,1,4,0,0,procedimiento,0,0.58,0,0
154,4619,8,4,6796,1,0,0,0,0,1,0,0,procedimiento,0,0.48,1,0
154,4620,11,2,2403,1,0,0,0,0,0,0,1,consigna,1,0.37,2,0
155,4621,3,3,6289,2,1,0,0,0,0,0,0,aleatorio,0,0.75,1,0
155,4622,18,1,2477,1,0,0,0,1,0,0,0,procedimiento,0,0.85,0,0
155,4623,18,4,7173,3,1,1,0,0,0,0,0,procedimiento,0,0.74,1,0
155,4624,11,1,2713,1,0,0,0,1,0,0,0,procedimiento,0,0.83,0,0
155,4625,14,1,3282,1,0,0,0,0,0,0,0,inatencion,0,0.72,1,0
155,4626,7,3,5779,1,0,0,0,1,0,0,0,procedimiento,0,0.81,0,0
155,4627,8,3,4600,1,1,1,0,1,0,0,0,procedimiento,0,0.8,0,0
155,4628,19,3,4744,1,1,1,0,0,0,0,0,consigna,0,0.69,1,0
155,4629,8,3,4627,3,1,0,0,0,0,0,0,inatencion,1,0.59,2,0
155,4630,15,2,3160,2,0,0,0,0,0,0,0,inatencion,1,0.4,3,0
155,4631,14,4,6790,1,0,0,0,1,0,0,0,procedimiento,0,0.77,0,0
155,4632,17,3,6026,1,0,0,0,1,0,0,0,procedimiento,0,0.76,0,0
155,4633,11,3,5919,1,0,0,0,0,0,0,0,procedimiento,0,0.65,1,0
155,4634,19,3,5199,2,1,0,0,0,0,0,1,procedimiento,1,0.54,2,0
155,4635,11,2,3028,3,0,0,0,0,0,0,0,inatencion,1,0.4,3,0
155,4636,13,1,2199,1,0,0,0,1,0,0,0,procedimiento,0,0.73,0,0
155,4637,8,4,5635,3,1,1,0,0,0,0,0,inatencion,0,0.62,1,0
155,4638,1,1,3494,1,0,0,0,1,0,0,0,procedimiento,0,0.71,0,0
155,4639,1,2,2899,1,0,0,0,1,0,0,0,procedimiento,0,0.7,0,0
155,4640,5,3,5929,1,1,0,0,0,0,0,0,consigna,0,0.59,1,0
155,4641,8,3,4312,3,1,0,0,0,0,0,0,procedimiento,1,0.48,2,0
155,4642,14,1,4016,1,0,0,0,1,0,0,0,procedimiento,0,0.68,0,0
155,4643,4,4,7546,1,0,0,0,0,0,0,0,procedimiento,0,0.57,1,0
155,4644,13,2,4822,1,1,0,0,1,0,0,0,procedimiento,0,0.66,0,0
155,4645,9,2,4865,1,0,0,0,1,0,0,0,procedimiento,0,0.65,0,0
155,4646,19,1,3374,1,1,0,0,1,0,0,0,procedimiento,0,0.64,0,0
155,4647,2,1,3560,1,0,0,0,1,0,0,0,procedimiento,0,0.63,0,0
155,4648,17,3,5925,1,0,0,0,0,0,0,0,conceptual,0,0.52,1,0
155,4649,6,2,3679,1,0,0,0,1,0,0,0,procedimiento,0,0.62,0,0
155,4650,4,1,4310,1,0,0,0,1,0,0,0,procedimiento,0,0.61,0,0
156,4651,16,2,2997,1,0,0,0,1,0,0,0,procedimiento,0,0.95,0,0
156,4652,4,4,4932,1,0,0,0,1,0,0,0,procedimiento,0,0.94,0,0
156,4653,17,1,3032,1,0,0,0,0,0,0,0,consigna,0,0.83,1,0
156,4654,1,3,5991,2,1,0,0,0,0,0,0,inatencion,1,0.72,2,0
156,4655,18,2,2718,1,1,0,0,1,0,0,0,procedimiento,0,0.91,0,0
156,4656,18,2,3217,1,1,0,0,0,0,0,0,inatencion,0,0.8,1,0
156,4657,6,1,3053,1,0,0,0,1,0,0,0,procedimiento,0,0.89,0,0
156,4658,7,2,3506,3,0,0,0,0,0,0,0,inatencion,0,0.78,1,0
156,4659,13,1,2238,1,1,0,0,1,0,0,0,procedimiento,0,0.87,0,0
156,4660,14,3,5301,2,0,0,0,0,0,0,0,procedimiento,0,0.76,1,0
156,4661,1,2,3157,1,0,0,0,1,0,0,0,procedimiento,0,0.85,0,0
156,4662,13,3,4685,2,1,1,0,0,0,0,0,procedimiento,0,0.74,1,0
156,4663,13,3,5365,1,1,0,0,0,0,0,0,consigna,1,0.63,2,0
156,4664,10,4,7257,1,0,0,0,1,0,0,0,procedimiento,0,0.82,0,0
156,4665,11,4,4753,2,0,0,0,0,0,0,0,conceptual,0,0.71,1,0
156,4666,15,3,4016,3,1,0,0,0,0,0,0,inatencion,1,0.6,2,0
156,4667,6,2,3053,1,0,0,0,1,0,0,0,procedimiento,0,0.79,0,0
156,4668,11,3,5981,2,0,0,0,0,0,0,0,conceptual,0,0.68,1,0
156,4669,1,4,5684,1,1,0,0,0,0,0,0,procedimiento,1,0.58,2,0
156,4670,12,3,4992,1,1,1,0,0,0,0,0,inatencion,1,0.4,3,0
156,4671,7,1,2464,1,0,0,0,1,0,0,0,procedimiento,0,0.76,0,0
156,4672,12,3,4734,1,1,2,0,0,0,0,0,procedimiento,0,0.65,1,0
156,4673,15,4,6786,1,0,0,0,1,0,0,0,procedimiento,0,0.74,0,0
156,4674,4,4,9664,1,0,0,0,1,0,0,0,procedimiento,0,0.73,0,0
156,4675,6,2,5548,1,0,0,0,1,0,0,0,procedimiento,0,0.72,0,0
156,4676,16,3,6481,1,0,0,0,0,0,0,0,aleatorio,0,0.61,1,0
156,4677,11,4,9246,2,1,0,0,0,0,0,2,inatencion,1,0.5,2,0
156,4678,3,2,4348,1,1,0,0,0,0,0,1,aleatorio,1,0.39,3,0
156,4679,15,1,4512,1,0,0,0,1,0,0,0,procedimiento,0,0.68,0,0
156,4680,5,3,5241,3,0,0,0,0,0,0,0,procedimiento,0,0.57,1,0
157,4681,13,2,2588,1,1,2,0,1,0,0,0,procedimiento,0,0.83,0,0
157,4682,2,3,2533,1,0,0,0,0,0,0,0,consigna,0,0.72,1,0
157,4683,14,3,2336,1,0,0,0,1,0,0,0,procedimiento,0,0.81,0,0
157,4684,8,3,3109,2,1,1,0,0,0,0,0,procedimiento,0,0.7,1,0
157,4685,17,4,3621,1,0,0,0,1,0,0,0,procedimiento,0,0.79,0,0
157,4686,13,3,3353,1,0,0,0,1,0,0,0,procedimiento,0,0.78,0,0
157,4687,17,2,2982,1,0,0,0,1,0,0,0,procedimiento,0,0.78,0,0
157,4688,6,3,3328,1,1,0,0,0,0,0,0,conceptual,0,0.67,1,0
157,4689,15,3,2868,1,0,0,0,1,0,0,0,procedimiento,0,0.76,0,0
157,4690,13,2,1885,1,0,0,1,1,0,0,0,procedimiento,0,0.75,0,0
157,4691,17,2,2501,1,0,0,0,1,0,0,0,procedimiento,0,0.74,0,0
157,4692,17,1,2124,1,0,0,0,0,0,0,0,procedimiento,0,0.63,1,0
157,4693,6,2,2630,1,0,0,0,0,0,0,0,consigna,1,0.53,2,0
157,4694,10,3,3824,3,0,0,0,0,0,0,0,aleatorio,1,0.4,3,0
157,4695,7,4,4086,1,1,1,0,0,0,0,1,inatencion,1,0.31,4,0
157,4696,2,4,3762,2,1,0,0,0,0,0,1,aleatorio,1,0.2,5,0
157,4697,16,4,3671,1,0,0,0,0,0,0,2,aleatorio,1,0.15,6,0
157,4698,9,3,3870,2,1,0,0,0,0,0,1,inatencion,1,0.15,7,0
157,4699,14,1,1695,1,1,0,1,1,0,0,0,procedimiento,0,0.68,0,0
157,4700,7,1,1383,2,0,0,1,0,0,0,0,aleatorio,0,0.57,1,0
157,4701,13,2,2701,1,0,0,0,1,0,0,0,procedimiento,0,0.66,0,0
157,4702,16,1,2052,1,0,0,0,1,0,0,0,procedimiento,0,0.65,0,0
157,4703,14,3,5539,1,0,0,0,1,0,0,0,procedimiento,0,0.64,0,0
157,4704,1,2,3075,1,1,0,0,0,0,0,0,aleatorio,0,0.54,1,0
157,4705,14,3,4600,1,0,0,0,1,0,0,0,procedimiento,0,0.63,0,0
157,4706,2,4,5863,2,1,0,0,0,0,0,0,procedimiento,0,0.52,1,0
157,4707,18,2,3308,2,0,0,0,0,0,0,0,inatencion,1,0.41,2,0
157,4708,11,1,2498,3,0,0,0,0,0,0,0,inatencion,1,0.3,3,0
157,4709,2,3,2897,2,0,0,0,0,0,0,0,inatencion,1,0.19,4,0
157,4710,19,2,2288,1,1,1,0,1,6,0,0,procedimiento,0,0.59,0,0
158,4711,8,1,2359,1,0,0,0,1,0,0,0,procedimiento,0,0.87,0,0
158,4712,12,2,3840,1,1,0,0,1,0,0,0,procedimiento,0,0.86,0,0
158,4713,10,3,5600,3,0,0,0,0,0,0,0,procedimiento,0,0.75,1,0
158,4714,15,1,3285,1,0,0,0,1,0,0,0,procedimiento,0,0.84,0,0
158,4715,13,2,3058,1,0,0,0,1,0,0,0,procedimiento,0,0.83,0,0
158,4716,6,3,5088,1,1,0,0,0,0,0,0,inatencion,0,0.72,1,0
158,4717,16,2,4591,2,1,0,0,0,0,0,0,conceptual,1,0.62,2,0
158,4718,4,1,2229,1,1,0,0,0,0,0,1,aleatorio,1,0.4,3,0
158,4719,15,3,4449,3,1,0,0,0,0,0,1,inatencion,1,0.4,4,0
158,4720,17,2,4194,1,0,0,0,1,0,0,0,procedimiento,0,0.79,0,0
158,4721,16,2,4061,1,1,1,0,0,0,0,0,conceptual,0,0.68,1,0
158,4722,17,1,2194,1,1,0,0,1,0,0,0,procedimiento,0,0.77,0,0
158,4723,14,1,2688,1,0,0,0,1,0,0,0,procedimiento,0,0.76,0,0
158,4724,7,3,4854,2,0,0,0,0,0,0,0,consigna,0,0.66,1,0
158,4725,16,2,2757,1,0,0,0,1,0,0,0,procedimiento,0,0.75,0,0
158,4726,6,3,5228,1,0,0,0,1,0,0,0,procedimiento,0,0.74,0,0
158,4727,6,3,4072,2,1,2,0,0,0,0,0,inatencion,0,0.63,1,0
158,4728,9,2,3154,2,1,3,0,0,0,0,0,inatencion,1,0.52,2,0
158,4729,2,2,4538,2,1,0,0,0,0,0,0,inatencion,1,0.4,3,0
158,4730,9,3,4865,2,1,0,0,0,0,0,1,aleatorio,1,0.3,4,0
158,4731,8,4,6877,1,1,1,0,0,0,0,0,inatencion,1,0.19,5,0
158,4732,4,2,4484,1,0,0,0,0,0,0,2,aleatorio,1,0.15,6,0
158,4733,11,2,5879,1,0,0,0,1,0,0,0,procedimiento,0,0.68,0,0
158,4734,10,2,5491,1,0,0,0,1,0,0,0,procedimiento,0,0.67,0,0
158,4735,8,1,3454,1,1,0,0,1,0,0,0,procedimiento,0,0.66,0,0
158,4736,3,2,4287,1,0,0,0,1,0,0,0,procedimiento,0,0.65,0,0
158,4737,6,3,4852,2,1,0,0,0,0,0,0,procedimiento,0,0.54,1,0
158,4738,8,4,6781,1,0,0,0,0,0,0,1,conceptual,1,0.43,2,0
158,4739,4,2,3548,1,0,0,0,0,0,0,1,inatencion,1,0.33,3,0
158,4740,4,1,4486,1,0,0,0,1,0,0,0,procedimiento,0,0.62,0,0
159,4741,9,2,3317,1,0,0,0,1,0,0,0,procedimiento,0,0.68,0,0
159,4742,6,4,5782,1,0,0,0,0,0,0,0,conceptual,0,0.57,1,0
159,4743,16,3,4333,1,0,0,0,1,0,0,0,procedimiento,0,0.66,0,0
159,4744,14,2,3552,1,0,0,0,0,0,0,0,conceptual,0,0.56,1,0
159,4745,13,3,3955,1,1,2,0,0,0,0,0,inatencion,1,0.45,2,0
159,4746,9,3,4089,1,1,1,0,0,0,0,1,aleatorio,1,0.34,3,0
159,4747,3,3,4040,2,1,0,0,0,0,0,1,inatencion,1,0.24,4,0
159,4748,17,2,2996,1,1,0,0,1,0,0,0,procedimiento,0,0.63,0,0
159,4749,9,1,2769,3,0,0,0,0,0,0,0,aleatorio,0,0.52,1,0
159,4750,15,4,5780,1,0,0,0,0,0,0,1,procedimiento,1,0.42,2,0
159,4751,9,3,4395,1,0,0,0,0,0,0,1,inatencion,1,0.31,3,0
159,4752,12,2,2915,2,0,0,0,0,0,0,1,inatencion,1,0.2,4,0
159,4753,3,2,3156,2,0,0,0,0,2,0,1,aleatorio,1,0.15,5,0
159,4754,6,3,4225,1,0,0,0,0,0,0,0,inatencion,1,0.15,6,0
159,4755,14,1,2620,1,1,1,0,1,1,0,0,procedimiento,0,0.58,0,0
159,4756,1,3,3796,1,0,0,0,0,1,0,0,inatencion,0,0.48,1,0
159,4757,15,2,3688,1,1,2,0,0,0,0,0,conceptual,1,0.37,2,0
159,4758,8,4,5190,1,0,0,0,1,0,0,0,procedimiento,0,0.56,0,0
159,4759,2,3,3958,1,1,0,0,1,0,0,0,procedimiento,0,0.56,0,0
159,4760,7,2,2884,3,1,0,0,0,2,0,0,consigna,0,0.45,1,0
159,4761,1,4,4615,1,0,0,0,0,1,0,0,inatencion,1,0.34,2,0
159,4762,6,3,5150,1,1,0,0,0,2,0,0,inatencion,1,0.24,3,0
159,4763,13,1,2210,3,0,0,0,0,1,0,1,aleatorio,1,0.15,4,0
159,4764,16,2,3819,1,0,0,0,1,1,0,0,procedimiento,0,0.52,0,0
159,4765,1,1,3916,1,0,0,0,0,2,0,0,procedimiento,0,0.42,1,0
159,4766,13,2,3443,1,0,0,0,1,1,0,0,procedimiento,0,0.51,0,0
159,4767,7,4,8728,1,1,0,0,0,0,0,0,procedimiento,0,0.4,1,0
159,4768,5,2,4013,1,0,0,0,0,1,553,1,conceptual,1,0.29,2,0
159,4769,7,4,5589,1,0,0,0,0,2,206,4,inatencion,1,0.19,3,0
159,4770,9,2,4056,1,1,0,0,1,1,92,0,procedimiento,1,0.48,0,0
160,4771,13,2,1867,1,0,0,1,1,0,0,0,procedimiento,0,0.81,0,0
160,4772,3,2,1961,2,1,0,1,0,0,0,0,inatencion,0,0.71,1,0
160,4773,3,1,1647,1,0,0,1,1,0,0,0,procedimiento,0,0.8,0,0
160,4774,9,2,1781,1,1,0,1,1,0,0,0,procedimiento,0,0.79,0,0
160,4775,11,2,1993,1,0,0,1,1,0,0,0,procedimiento,0,0.78,0,0
160,4776,18,1,1091,1,0,0,1,1,0,0,0,procedimiento,0,0.77,0,0
160,4777,17,1,1160,1,0,0,1,1,0,0,0,procedimiento,0,0.77,0,0
160,4778,17,2,1765,2,0,0,1,0,0,0,0,inatencion,0,0.66,1,0
160,4779,9,3,2455,1,1,0,0,0,0,0,0,conceptual,1,0.55,2,0
160,4780,19,2,2442,1,1,0,0,1,0,0,0,procedimiento,0,0.74,0,0
160,4781,4,3,2240,1,0,0,0,1,0,0,0,procedimiento,0,0.73,0,0
160,4782,14,3,1848,2,0,0,1,0,0,0,0,aleatorio,0,0.62,1,0
160,4783,11,3,2610,1,0,0,0,0,0,0,1,conceptual,1,0.52,2,0
160,4784,3,2,1938,1,0,0,1,1,0,0,0,procedimiento,0,0.71,0,0
160,4785,7,2,2040,1,1,0,0,1,0,0,0,procedimiento,0,0.7,0,0
160,4786,5,2,1566,3,0,0,1,0,0,0,0,aleatorio,0,0.59,1,0
160,4787,12,2,2414,1,0,0,0,1,0,0,0,procedimiento,0,0.68,0,0
160,4788,3,2,1882,3,0,0,1,0,0,0,0,inatencion,0,0.58,1,0
160,4789,18,2,1757,1,0,0,1,0,0,0,2,inatencion,1,0.47,2,0
160,4790,13,3,2286,1,1,1,0,1,0,0,0,procedimiento,0,0.66,0,0
160,4791,1,2,1457,1,0,0,1,1,0,0,0,procedimiento,0,0.65,0,0
160,4792,13,1,1762,1,0,0,1,1,0,0,0,procedimiento,0,0.64,0,0
160,4793,17,4,4845,1,1,0,0,1,0,0,0,procedimiento,0,0.64,0,0
160,4794,5,3,2543,1,0,0,0,0,0,0,0,inatencion,0,0.53,1,0
160,4795,6,1,1586,1,1,1,1,1,0,0,0,procedimiento,0,0.62,0,0
160,4796,7,4,2723,1,0,0,0,0,0,0,0,inatencion,0,0.51,1,0
160,4797,19,2,2057,1,0,0,0,1,0,0,0,procedimiento,0,0.6,0,0
160,4798,3,2,2232,1,0,0,0,1,0,0,0,procedimiento,0,0.59,0,0
160,4799,8,2,2092,1,0,0,0,1,1,0,0,procedimiento,0,0.59,0,0
160,4800,10,3,2641,1,0,0,0,1,5,0,0,procedimiento,0,0.58,0,0
161,4801,19,2,3239,1,1,0,0,1,2,0,0,procedimiento,0,0.52,0,0
161,4802,6,2,2585,1,1,0,0,0,0,0,0,inatencion,0,0.41,1,0
161,4803,12,3,3525,1,0,0,0,1,2,0,0,procedimiento,0,0.51,0,0
161,4804,19,3,3110,1,1,0,0,0,1,0,0,procedimiento,0,0.4,1,0
161,4805,10,2,3635,1,0,0,0,1,1,161,0,procedimiento,1,0.5,0,0
161,4806,13,2,3827,1,1,1,0,1,0,506,0,procedimiento,1,0.49,0,0
161,4807,6,3,4358,2,1,1,0,0,0,169,0,procedimiento,1,0.39,1,0
161,4808,11,3,4677,1,0,0,0,1,0,27,0,procedimiento,1,0.48,0,0
161,4809,17,1,2552,1,0,0,0,0,1,418,0,procedimiento,1,0.38,1,0
161,4810,7,2,2663,1,0,0,0,0,3,107,0,aleatorio,1,0.27,2,0
161,4811,11,2,3198,1,1,0,0,1,1,575,0,procedimiento,1,0.47,0,0
161,4812,11,4,4545,1,1,0,0,1,2,57,0,procedimiento,1,0.46,0,0
161,4813,18,3,3023,1,1,0,0,1,0,158,0,procedimiento,1,0.45,0,0
161,4814,9,2,3191,1,0,0,0,0,2,71,0,consigna,1,0.35,1,0
161,4815,10,2,3560,2,0,0,0,0,0,384,0,inatencion,1,0.24,2,0
161,4816,5,1,2657,1,0,0,0,1,3,1530,0,procedimiento,1,0.44,0,0
161,4817,13,2,3645,1,1,0,0,1,5,355,0,procedimiento,1,0.43,0,0
161,4818,17,1,2316,1,0,0,0,1,2,145,0,procedimiento,1,0.43,0,0
161,4819,16,1,1699,2,0,0,1,0,0,130,0,aleatorio,1,0.32,1,0
161,4820,7,3,4925,2,1,2,0,0,0,342,4,inatencion,1,0.22,2,0
161,4821,11,2,3094,2,0,0,0,0,1,256,2,inatencion,1,0.15,3,0
161,4822,9,3,4316,1,1,0,0,0,2,280,2,aleatorio,1,0.15,4,0
161,4823,2,2,4547,3,1,0,0,0,3,640,3,inatencion,1,0.15,5,0
161,4824,1,1,2420,1,0,0,0,1,2,354,2,procedimiento,1,0.4,0,0
161,4825,1,1,2640,1,0,0,0,1,3,268,0,procedimiento,1,0.39,0,0
161,4826,13,2,3241,2,1,1,0,0,1,20,1,procedimiento,1,0.29,1,0
161,4827,10,2,3404,1,0,0,0,1,1,312,1,procedimiento,1,0.38,0,0
161,4828,16,2,2688,3,1,1,0,0,2,297,0,procedimiento,1,0.28,1,0
161,4829,12,3,4612,1,0,0,0,1,0,358,3,procedimiento,1,0.37,0,0
161,4830,13,2,3534,1,0,0,0,0,2,138,0,conceptual,1,0.27,1,0
162,4831,16,4,4845,3,0,0,0,0,1,590,0,inatencion,1,0.32,1,0
162,4832,2,4,3940,1,0,0,0,1,0,209,0,procedimiento,1,0.42,0,0
162,4833,6,3,3706,1,0,0,0,0,2,451,0,consigna,1,0.31,1,0
162,4834,15,1,1937,1,0,0,1,1,0,427,0,procedimiento,1,0.41,0,0
162,4835,2,1,2338,1,0,0,0,1,1,220,0,procedimiento,1,0.4,0,0
162,4836,2,2,3064,1,0,0,0,1,2,4,0,procedimiento,1,0.4,0,0
162,4837,3,3,4207,2,1,0,0,0,2,24,1,conceptual,1,0.3,1,0
162,4838,18,4,4387,2,0,0,0,0,1,46,0,inatencion,1,0.19,2,0
162,4839,16,3,3988,2,0,0,0,0,1,706,0,inatencion,1,0.15,3,0
162,4840,5,2,2371,1,1,0,0,1,4,319,1,procedimiento,1,0.38,0,0
162,4841,1,4,4345,3,1,1,0,0,1,94,2,inatencion,1,0.28,1,0
162,4842,18,4,4483,1,1,1,0,0,1,350,0,procedimiento,1,0.17,2,0
162,4843,19,2,2844,1,0,0,0,0,3,3934,0,aleatorio,1,0.15,3,0
162,4844,13,3,2651,1,1,0,0,0,1,1286,1,inatencion,1,0.15,4,0
162,4845,2,4,4689,1,1,1,0,0,4,654,0,inatencion,1,0.15,5,0
162,4846,7,3,2543,2,1,1,0,0,2,92,3,aleatorio,1,0.15,6,0
162,4847,16,2,2987,1,0,0,0,1,2,214,0,procedimiento,1,0.35,0,0
162,4848,9,2,2093,3,1,0,0,0,2,667,0,inatencion,1,0.25,1,0
162,4849,18,3,3592,2,1,1,0,0,4,478,0,inatencion,1,0.15,2,0
162,4850,8,1,1575,1,0,0,1,0,0,235,2,aleatorio,1,0.15,3,0
162,4851,18,2,3193,3,1,1,0,0,1,397,0,inatencion,1,0.15,4,0
162,4852,2,3,3555,2,0,0,0,0,1,336,1,aleatorio,1,0.15,5,0
162,4853,3,4,4411,1,1,0,0,0,1,241,2,inatencion,1,0.15,6,0
162,4854,7,2,2249,1,0,0,0,1,3,854,0,procedimiento,1,0.32,0,0
162,4855,14,2,2898,1,1,2,0,0,2,1281,1,inatencion,1,0.22,1,0
162,4856,8,3,3059,1,0,0,0,1,0,741,2,procedimiento,1,0.32,0,0
162,4857,7,4,6146,1,0,0,0,0,5,219,1,conceptual,1,0.21,1,0
162,4858,5,3,4037,3,1,0,0,0,0,618,1,inatencion,1,0.15,2,0
162,4859,5,2,2896,1,1,0,0,1,3,598,0,procedimiento,1,0.3,0,0
162,4860,2,2,4275,1,1,0,0,1,5,1221,2,procedimiento,1,0.3,0,0
163,4861,16,1,1283,1,0,0,1,1,2,0,0,procedimiento,0,0.56,0,0
163,4862,18,2,2288,1,0,0,0,0,2,0,0,conceptual,0,0.45,1,0
163,4863,5,2,1736,1,0,0,1,1,2,0,0,procedimiento,0,0.55,0,0
163,4864,11,3,2708,1,1,0,0,0,1,0,0,procedimiento,0,0.44,1,0
163,4865,10,3,3138,1,1,0,0,1,1,0,0,procedimiento,0,0.53,0,0
163,4866,17,3,2703,1,0,0,0,0,1,0,0,consigna,0,0.43,1,0
163,4867,2,3,2663,1,1,1,0,0,2,0,0,inatencion,1,0.32,2,0
163,4868,19,4,3846,1,0,0,0,1,1,0,0,procedimiento,0,0.52,0,0
163,4869,5,4,3231,1,0,0,0,0,1,0,0,inatencion,0,0.41,1,0
163,4870,18,4,3308,1,0,0,0,0,1,0,0,inatencion,1,0.31,2,0
163,4871,18,3,3369,1,1,0,0,0,1,0,0,aleatorio,1,0.2,3,0
163,4872,3,3,2980,2,0,0,0,0,2,450,1,inatencion,1,0.15,4,0
163,4873,12,3,3107,1,0,0,0,1,0,92,0,procedimiento,1,0.49,0,0
163,4874,11,4,3530,2,0,0,0,0,2,207,0,inatencion,1,0.38,1,0
163,4875,14,2,2540,1,0,0,0,0,4,68,0,inatencion,1,0.28,2,0
163,4876,9,2,2220,1,0,0,0,1,3,49,0,procedimiento,1,0.47,0,0
163,4877,4,1,1613,1,0,0,1,1,4,1358,0,procedimiento,1,0.47,0,0
163,4878,13,4,3432,1,0,0,0,1,1,393,0,procedimiento,1,0.46,0,0
163,4879,10,4,2936,2,1,0,0,0,1,169,0,conceptual,1,0.36,1,0
163,4880,19,4,3834,1,0,0,0,0,3,546,0,inatencion,1,0.25,2,0
163,4881,1,3,2451,3,0,0,0,0,1,67,2,inatencion,1,0.15,3,0
163,4882,3,2,1693,1,0,0,1,0,1,225,0,inatencion,1,0.15,4,0
163,4883,8,1,1683,3,0,0,1,0,2,281,1,inatencion,1,0.15,5,0
163,4884,13,3,2219,2,0,0,0,0,4,197,2,inatencion,1,0.15,6,0
163,4885,17,1,2155,1,1,0,0,1,2,1825,0,procedimiento,1,0.42,0,0
163,4886,14,3,2887,3,0,0,0,0,3,245,0,inatencion,1,0.32,1,0
163,4887,4,3,3456,1,0,0,0,0,0,25,2,conceptual,1,0.21,2,0
163,4888,13,1,1821,1,0,0,1,0,1,167,1,inatencion,1,0.15,3,0
163,4889,1,4,4972,2,0,0,0,0,3,213,2,inatencion,1,0.15,4,0
163,4890,4,3,3534,1,0,0,0,0,2,66,2,inatencion,1,0.15,5,0
164,4891,2,3,5820,1,1,0,0,0,0,0,0,inatencion,0,0.49,1,0
164,4892,10,2,2889,1,0,0,0,1,0,0,0,procedimiento,0,0.58,0,0
164,4893,7,1,3024,1,0,0,0,1,2,0,0,procedimiento,0,0.58,0,0
164,4894,14,2,4667,1,0,0,0,0,1,0,0,consigna,0,0.47,1,0
164,4895,17,2,3209,1,0,0,0,1,1,0,0,procedimiento,0,0.56,0,0
164,4896,18,2,4185,1,0,0,0,1,0,0,0,procedimiento,0,0.56,0,0
164,4897,5,3,3377,1,1,1,0,0,3,0,0,consigna,0,0.45,1,0
164,4898,9,4,6612,1,1,1,0,1,1,0,0,procedimiento,0,0.55,0,0
164,4899,5,1,2189,1,0,0,0,0,2,0,0,conceptual,0,0.44,1,0
164,4900,2,3,4730,2,1,2,0,0,2,0,0,aleatorio,1,0.33,2,0
164,4901,18,2,2995,1,0,0,0,1,1,0,0,procedimiento,0,0.53,0,0
164,4902,15,3,4383,3,0,0,0,0,2,0,0,aleatorio,0,0.42,1,0
164,4903,7,1,2154,1,0,0,0,0,2,0,2,inatencion,1,0.32,2,0
164,4904,3,2,3849,1,0,0,0,1,5,0,0,procedimiento,0,0.51,0,0
164,4905,13,3,4091,1,1,1,0,0,4,0,0,consigna,0,0.4,1,0
164,4906,2,4,6576,3,1,0,0,0,4,496,0,consigna,1,0.3,2,0
164,4907,4,4,5066,1,1,0,0,1,0,1162,0,procedimiento,1,0.49,0,0
164,4908,5,2,3518,1,1,0,0,1,1,271,0,procedimiento,1,0.49,0,0
164,4909,7,2,3929,1,0,0,0,1,1,24,0,procedimiento,1,0.48,0,0
164,4910,2,2,3834,1,0,0,0,1,1,383,0,procedimiento,1,0.48,0,0
164,4911,9,1,2217,1,0,0,0,1,1,50,0,procedimiento,1,0.47,0,0
164,4912,1,3,5326,2,1,0,0,0,2,688,0,inatencion,1,0.36,1,0
164,4913,16,1,2836,1,0,0,0,1,2,804,0,procedimiento,1,0.46,0,0
164,4914,10,4,7857,3,1,1,0,0,1,323,0,procedimiento,1,0.35,1,0
164,4915,4,1,3840,1,0,0,0,1,2,302,0,procedimiento,1,0.45,0,0
164,4916,7,3,5260,1,0,0,0,0,2,345,0,inatencion,1,0.34,1,0
164,4917,11,2,4296,3,0,0,0,0,2,11,2,inatencion,1,0.23,2,0
164,4918,10,3,5170,1,0,0,0,1,0,1160,0,procedimiento,1,0.43,0,0
164,4919,3,3,5968,2,1,1,0,0,1,30,0,consigna,1,0.32,1,0
164,4920,4,3,6063,1,1,2,0,1,2,496,0,procedimiento,1,0.42,0,0
165,4921,3,3,3683,1,0,0,0,1,0,0,0,procedimiento,0,0.88,0,0
165,4922,8,3,4285,1,0,0,0,1,0,0,0,procedimiento,0,0.87,0,0
165,4923,19,3,5840,2,0,0,0,0,0,0,0,procedimiento,0,0.76,1,0
165,4924,18,3,3720,1,1,0,0,1,0,0,0,procedimiento,0,0.85,0,0
165,4925,6,3,4048,1,0,0,0,1,0,0,0,procedimiento,0,0.84,0,0
165,4926,9,3,5419,1,1,0,0,1,0,0,0,procedimiento,0,0.84,0,0
165,4927,10,2,4694,2,0,0,0,0,0,0,0,conceptual,0,0.73,1,0
165,4928,13,3,4517,1,0,0,0,0,0,0,0,procedimiento,1,0.62,2,0
165,4929,4,2,3358,1,1,0,0,0,0,0,0,aleatorio,1,0.4,3,0
165,4930,4,2,4510,1,0,0,0,1,0,0,0,procedimiento,0,0.8,0,0
165,4931,16,2,3456,1,0,0,0,1,0,0,0,procedimiento,0,0.79,0,0
165,4932,11,1,2811,1,1,0,0,1,0,0,0,procedimiento,0,0.78,0,0
165,4933,11,2,3510,1,0,0,0,1,0,0,0,procedimiento,0,0.77,0,0
165,4934,19,2,3106,1,0,0,0,1,0,0,0,procedimiento,0,0.77,0,0
165,4935,16,2,3501,1,0,0,0,1,0,0,0,procedimiento,0,0.76,0,0
165,4936,8,3,3960,1,0,0,0,1,0,0,0,procedimiento,0,0.75,0,0
165,4937,16,4,6205,1,0,0,0,0,0,0,0,conceptual,0,0.64,1,0
165,4938,12,2,3341,1,1,1,0,1,0,0,0,procedimiento,0,0.73,0,0
165,4939,4,3,4610,2,0,0,0,0,0,0,0,procedimiento,0,0.62,1,0
165,4940,5,3,5461,1,0,0,0,1,0,0,0,procedimiento,0,0.71,0,0
165,4941,17,4,7237,1,0,0,0,1,0,0,0,procedimiento,0,0.7,0,0
165,4942,1,3,4864,1,1,0,0,1,0,0,0,procedimiento,0,0.7,0,0
165,4943,2,1,3553,1,1,0,0,1,0,0,0,procedimiento,0,0.69,0,0
165,4944,13,2,4609,1,0,0,0,0,0,0,0,consigna,0,0.58,1,0
165,4945,1,3,7239,1,0,0,0,1,0,0,0,procedimiento,0,0.67,0,0
165,4946,17,3,6757,2,1,0,0,0,0,0,0,inatencion,0,0.56,1,0
165,4947,3,3,4867,1,0,0,0,1,0,0,0,procedimiento,0,0.65,0,0
165,4948,18,2,4778,1,0,0,0,1,0,0,0,procedimiento,0,0.64,0,0
165,4949,6,3,4277,1,1,0,0,1,0,0,0,procedimiento,0,0.63,0,0
165,4950,2,1,4623,1,0,0,0,1,0,0,0,procedimiento,0,0.62,0,0
166,4951,5,3,3804,1,0,0,0,1,0,0,0,procedimiento,0,0.72,0,0
166,4952,17,4,6614,1,1,0,0,1,0,0,0,procedimiento,0,0.71,0,0
166,4953,12,2,2913,1,0,0,0,0,0,0,0,inatencion,0,0.6,1,0
166,4954,5,3,4519,1,1,0,0,1,0,0,0,procedimiento,0,0.69,0,0
166,4955,14,3,5204,1,0,0,0,1,0,0,0,procedimiento,0,0.69,0,0
166,4956,4,4,7583,1,0,0,0,1,0,0,0,procedimiento,0,0.68,0,0
166,4957,1,3,4910,1,0,0,0,1,0,0,0,procedimiento,0,0.67,0,0
166,4958,17,1,3173,1,0,0,0,1,0,0,0,procedimiento,0,0.67,0,0
166,4959,12,3,4674,1,0,0,0,0,0,0,0,procedimiento,0,0.56,1,0
166,4960,1,2,3407,1,0,0,0,1,0,0,0,procedimiento,0,0.65,0,0
166,4961,4,3,5714,1,1,1,0,0,0,0,0,conceptual,0,0.54,1,0
166,4962,5,2,4804,1,0,0,0,0,0,0,0,consigna,1,0.44,2,0
166,4963,2,3,5854,1,0,0,0,1,0,0,0,procedimiento,0,0.63,0,0
166,4964,18,2,3087,1,0,0,0,0,0,0,0,inatencion,0,0.52,1,0
166,4965,18,1,3036,1,0,0,0,1,0,0,0,procedimiento,0,0.62,0,0
166,4966,12,2,4350,1,0,0,0,1,0,0,0,procedimiento,0,0.61,0,0
166,4967,7,2,4112,1,0,0,0,1,0,0,0,procedimiento,0,0.6,0,0
166,4968,3,1,3250,1,0,0,0,0,0,0,0,consigna,0,0.49,1,0
166,4969,5,2,2936,1,0,0,0,1,1,0,0,procedimiento,0,0.59,0,0
166,4970,4,3,4589,2,1,0,0,0,1,0,0,conceptual,0,0.48,1,0
166,4971,2,1,3048,1,0,0,0,0,0,0,1,conceptual,1,0.37,2,0
166,4972,4,3,4041,1,1,1,0,0,4,0,0,inatencion,1,0.27,3,0
166,4973,13,2,5909,2,0,0,0,0,4,0,0,inatencion,1,0.16,4,0
166,4974,19,2,6120,1,1,0,0,1,1,0,0,procedimiento,0,0.55,0,0
166,4975,4,4,7921,2,0,0,0,0,0,0,0,consigna,0,0.44,1,0
166,4976,18,1,3085,1,0,0,0,1,2,0,0,procedimiento,0,0.54,0,0
166,4977,5,1,3279,1,1,2,0,1,1,0,0,procedimiento,0,0.53,0,0
166,4978,5,3,6723,1,1,0,0,1,3,0,0,procedimiento,0,0.52,0,0
166,4979,1,2,5903,1,1,0,0,0,1,0,0,conceptual,0,0.42,1,0
166,4980,14,3,5143,2,0,0,0,0,1,0,0,conceptual,1,0.31,2,0
167,4981,11,1,1942,1,0,0,1,0,0,0,0,inatencion,0,0.85,1,0
167,4982,10,1,3154,1,1,0,0,0,0,0,0,consigna,1,0.74,2,0
167,4983,1,4,6980,3,1,1,0,0,0,0,0,inatencion,1,0.4,3,0
167,4984,19,3,5150,1,0,0,0,0,0,0,0,aleatorio,1,0.4,4,0
167,4985,10,2,2858,2,0,0,0,0,0,0,0,aleatorio,1,0.4,5,0
167,4986,7,4,6668,1,1,0,0,1,0,0,0,procedimiento,0,0.9,0,0
167,4987,19,2,4112,2,1,0,0,0,0,0,0,conceptual,0,0.79,1,0
167,4988,3,2,3510,3,1,0,0,0,0,0,1,conceptual,1,0.68,2,0
167,4989,6,2,3470,1,0,0,0,1,0,0,0,procedimiento,0,0.87,0,0
167,4990,16,2,2732,1,1,0,0,1,0,0,0,procedimiento,0,0.86,0,0
167,4991,4,2,3725,1,0,0,0,0,0,0,0,procedimiento,0,0.75,1,0
167,4992,10,3,3190,3,1,0,0,0,0,0,2,procedimiento,1,0.64,2,0
167,4993,5,2,3618,1,0,0,0,0,0,0,0,inatencion,1,0.4,3,0
167,4994,4,1,2096,1,1,2,0,0,0,0,0,inatencion,1,0.4,4,0
167,4995,10,2,3606,2,1,0,0,0,0,0,0,inatencion,1,0.31,5,0
167,4996,10,2,3935,1,1,0,0,1,0,0,0,procedimiento,0,0.81,0,0
167,4997,14,3,5031,1,0,0,0,0,0,0,0,conceptual,0,0.7,1,0
167,4998,10,1,2413,1,0,0,0,1,0,0,0,procedimiento,0,0.79,0,0
167,4999,14,1,2007,3,0,0,0,0,0,0,0,inatencion,0,0.68,1,0
167,5000,13,1,1997,1,0,0,1,0,0,0,0,inatencion,1,0.57,2,0
167,5001,10,3,3236,1,0,0,0,0,0,0,1,inatencion,1,0.4,3,0
167,5002,10,3,7296,1,0,0,0,1,0,0,0,procedimiento,0,0.75,0,0
167,5003,9,2,5800,1,1,0,0,1,0,0,0,procedimiento,0,0.74,0,0
167,5004,3,3,6933,1,1,0,0,0,0,0,0,procedimiento,0,0.63,1,0
167,5005,2,2,3635,1,0,0,0,1,0,0,0,procedimiento,0,0.72,0,0
167,5006,6,2,3564,1,1,0,0,0,0,0,0,procedimiento,0,0.61,1,0
167,5007,10,2,5091,2,1,0,0,0,0,0,0,conceptual,1,0.5,2,0
167,5008,8,4,6016,3,1,0,0,0,0,0,0,aleatorio,1,0.39,3,0
167,5009,19,4,6003,3,0,0,0,0,0,0,0,aleatorio,1,0.28,4,0
167,5010,9,2,4386,1,0,0,0,0,0,0,0,inatencion,1,0.17,5,0
168,5011,13,2,2905,1,0,0,0,1,0,0,0,procedimiento,0,0.76,0,0
168,5012,18,3,3179,2,0,0,0,0,0,0,0,conceptual,0,0.66,1,0
168,5013,1,3,3719,1,1,1,0,1,0,0,0,procedimiento,0,0.75,0,0
168,5014,5,2,2151,1,0,0,0,1,0,0,0,procedimiento,0,0.74,0,0
168,5015,7,1,1950,2,0,0,1,0,0,0,0,inatencion,0,0.63,1,0
168,5016,16,3,3155,1,1,0,0,0,0,0,0,conceptual,1,0.53,2,0
168,5017,2,4,4531,1,1,0,0,0,0,0,0,aleatorio,1,0.4,3,0
168,5018,9,2,2649,1,1,2,0,1,0,0,0,procedimiento,0,0.71,0,0
168,5019,9,3,2876,1,1,0,0,0,0,0,0,consigna,0,0.6,1,0
168,5020,13,2,2122,1,0,0,0,1,0,0,0,procedimiento,0,0.7,0,0
168,5021,2,2,2081,1,0,0,0,1,0,0,0,procedimiento,0,0.69,0,0
168,5022,1,3,2917,1,1,0,0,1,0,0,0,procedimiento,0,0.68,0,0
168,5023,8,2,2628,3,0,0,0,0,0,0,0,inatencion,0,0.57,1,0
168,5024,6,1,1715,1,0,0,1,1,0,0,0,procedimiento,0,0.66,0,0
168,5025,10,1,1705,1,0,0,1,1,0,0,0,procedimiento,0,0.66,0,0
168,5026,17,1,2011,2,0,0,0,0,0,0,0,inatencion,0,0.55,1,0
168,5027,10,2,2056,2,0,0,0,0,0,0,1,inatencion,1,0.44,2,0
168,5028,11,2,2338,1,0,0,0,0,0,0,1,inatencion,1,0.33,3,0
168,5029,13,1,1706,1,0,0,1,1,0,0,0,procedimiento,0,0.63,0,0
168,5030,7,2,2789,2,0,0,0,0,0,0,0,conceptual,0,0.52,1,0
168,5031,1,4,4362,1,0,0,0,1,0,0,0,procedimiento,0,0.61,0,0
168,5032,17,1,2005,2,0,0,0,0,0,0,0,aleatorio,0,0.5,1,0
168,5033,11,3,2841,1,1,0,0,0,0,0,1,conceptual,1,0.4,2,0
168,5034,14,3,4109,1,0,0,0,1,1,0,0,procedimiento,0,0.59,0,0
168,5035,16,1,2341,1,0,0,0,1,0,0,0,procedimiento,0,0.58,0,0
168,5036,3,3,4935,1,1,0,0,0,1,0,0,conceptual,0,0.47,1,0
168,5037,19,1,2416,1,0,0,0,0,1,0,0,procedimiento,1,0.37,2,0
168,5038,18,3,3646,1,1,0,0,0,2,0,0,inatencion,1,0.26,3,0
168,5039,3,3,3675,1,0,0,0,0,0,0,1,aleatorio,1,0.15,4,0
168,5040,8,1,2354,1,0,0,0,1,2,0,0,procedimiento,0,0.54,0,0
169,5041,2,1,2314,1,0,0,0,1,0,0,0,procedimiento,0,0.72,0,0
169,5042,8,4,5235,2,0,0,0,0,0,0,0,procedimiento,0,0.61,1,0
169,5043,5,1,2808,1,0,0,0,1,0,0,0,procedimiento,0,0.7,0,0
169,5044,4,3,3625,1,0,0,0,0,0,0,0,procedimiento,0,0.6,1,0
169,5045,15,4,4845,3,0,0,0,0,0,0,0,inatencion,1,0.49,2,0
169,5046,5,2,3142,1,0,0,0,0,0,0,2,inatencion,1,0.38,3,0
169,5047,4,2,2959,1,1,0,0,0,0,0,2,inatencion,1,0.28,4,0
169,5048,7,3,3246,1,0,0,0,1,0,0,0,procedimiento,0,0.67,0,0
169,5049,10,1,1998,1,0,0,1,1,0,0,0,procedimiento,0,0.66,0,0
169,5050,11,1,2035,2,0,0,0,0,0,0,0,inatencion,0,0.55,1,0
169,5051,17,2,2298,1,1,0,0,1,0,0,0,procedimiento,0,0.65,0,0
169,5052,15,2,3488,2,1,0,0,0,0,0,0,conceptual,0,0.54,1,0
169,5053,2,3,4096,1,0,0,0,1,0,0,0,procedimiento,0,0.63,0,0
169,5054,8,2,2567,3,0,0,0,0,0,0,0,conceptual,0,0.53,1,0
169,5055,12,3,3814,1,1,0,0,1,0,0,0,procedimiento,0,0.62,0,0
169,5056,13,2,3235,1,0,0,0,1,0,0,0,procedimiento,0,0.61,0,0
169,5057,1,2,2467,2,0,0,0,0,0,0,0,conceptual,0,0.5,1,0
169,5058,13,1,2455,1,0,0,0,1,1,0,0,procedimiento,0,0.6,0,0
169,5059,16,2,3904,1,0,0,0,0,1,0,0,inatencion,0,0.49,1,0
169,5060,8,2,3654,1,1,0,0,0,1,0,3,aleatorio,1,0.38,2,0
169,5061,1,1,2567,2,1,0,0,0,3,0,0,inatencion,1,0.27,3,0
169,5062,10,1,2619,1,0,0,0,1,3,0,0,procedimiento,0,0.57,0,0
169,5063,6,1,3662,1,0,0,0,1,2,0,0,procedimiento,0,0.56,0,0
169,5064,1,4,5357,2,0,0,0,0,1,0,0,inatencion,0,0.45,1,0
169,5065,18,3,4532,1,0,0,0,0,0,0,1,procedimiento,1,0.35,2,0
169,5066,5,2,4073,2,0,0,0,0,2,0,1,inatencion,1,0.24,3,0
169,5067,5,2,3428,1,1,1,0,0,3,0,2,inatencion,1,0.15,4,0
169,5068,11,3,4096,1,1,0,0,0,0,0,1,inatencion,1,0.15,5,0
169,5069,4,1,3865,1,1,0,0,1,1,0,0,procedimiento,0,0.52,0,0
169,5070,5,3,4628,1,1,1,0,1,0,0,0,procedimiento,0,0.51,0,0
170,5071,1,2,2324,1,0,0,0,1,0,0,0,procedimiento,0,0.58,0,0
170,5072,1,3,2793,1,0,0,0,0,4,0,0,procedimiento,0,0.47,1,0
170,5073,14,1,1733,3,0,0,1,0,0,0,1,aleatorio,1,0.37,2,0
170,5074,7,4,3499,1,1,1,0,0,0,0,1,inatencion,1,0.26,3,0
170,5075,6,2,1956,1,0,0,1,1,2,0,0,procedimiento,0,0.55,0,0
170,5076,10,2,2596,1,0,0,0,1,0,0,0,procedimiento,0,0.55,0,0
170,5077,11,1,1496,1,0,0,1,1,0,0,0,procedimiento,0,0.54,0,0
170,5078,8,3,3166,1,0,0,0,0,3,0,0,inatencion,0,0.44,1,0
170,5079,15,4,4796,1,0,0,0,1,0,0,0,procedimiento,0,0.53,0,0
170,5080,7,3,2909,1,0,0,0,0,4,0,0,inatencion,0,0.43,1,0
170,5081,7,2,2987,1,1,0,0,1,3,0,0,procedimiento,0,0.52,0,0
170,5082,5,2,2169,3,0,0,0,0,1,0,0,inatencion,0,0.41,1,0
170,5083,7,2,3198,1,0,0,0,1,3,0,0,procedimiento,0,0.51,0,0
170,5084,10,4,5080,1,0,0,0,1,1,0,0,procedimiento,0,0.5,0,0
170,5085,18,3,3801,2,0,0,0,0,3,68,0,procedimiento,1,0.4,1,0
170,5086,8,2,2536,1,1,0,0,1,1,793,0,procedimiento,1,0.49,0,0
170,5087,14,3,2774,2,1,0,0,0,1,542,0,consigna,1,0.38,1,0
170,5088,9,1,2293,1,0,0,0,1,3,650,0,procedimiento,1,0.48,0,0
170,5089,16,1,1962,1,0,0,1,0,3,2671,0,aleatorio,1,0.37,1,0
170,5090,14,2,2318,1,0,0,0,1,3,629,0,procedimiento,1,0.47,0,0
170,5091,6,2,2547,1,0,0,0,1,0,42,0,procedimiento,1,0.46,0,0
170,5092,10,2,3192,2,0,0,0,0,1,97,0,procedimiento,1,0.36,1,0
170,5093,6,3,4913,1,1,0,0,1,2,130,0,procedimiento,1,0.45,0,0
170,5094,3,4,5486,3,1,0,0,0,3,1302,0,conceptual,1,0.34,1,0
170,5095,16,3,2637,1,0,0,0,1,2,85,0,procedimiento,1,0.44,0,0
170,5096,3,4,3723,1,1,0,0,0,2,1320,0,conceptual,1,0.33,1,0
170,5097,17,1,2132,1,0,0,0,1,6,201,0,procedimiento,1,0.43,0,0
170,5098,12,2,4613,1,1,0,0,1,3,330,0,procedimiento,1,0.42,0,0
170,5099,5,2,2997,3,1,0,0,0,1,2104,0,consigna,1,0.32,1,0
170,5100,4,3,4974,1,0,0,0,0,3,51,2,consigna,1,0.21,2,0
171,5101,13,1,1464,1,0,0,1,0,0,0,0,inatencion,0,0.69,1,0
171,5102,4,3,2076,1,0,0,0,1,0,0,0,procedimiento,0,0.78,0,0
171,5103,3,3,2486,1,0,0,0,1,0,0,0,procedimiento,0,0.78,0,0
171,5104,12,2,2131,1,1,2,0,1,0,0,0,procedimiento,0,0.77,0,0
171,5105,8,1,1994,1,1,1,1,1,0,0,0,procedimiento,0,0.76,0,0
171,5106,3,1,1613,1,0,0,1,1,0,0,0,procedimiento,0,0.75,0,0
171,5107,15,3,2655,1,1,0,0,1,0,0,0,procedimiento,0,0.75,0,0
171,5108,6,4,4040,1,0,0,0,1,0,0,0,procedimiento,0,0.74,0,0
171,5109,1,2,1965,1,1,0,1,1,0,0,0,procedimiento,0,0.73,0,0
171,5110,5,3,2779,1,1,0,0,1,0,0,0,procedimiento,0,0.72,0,0
171,5111,1,2,2632,1,0,0,0,0,0,0,0,conceptual,0,0.61,1,0
171,5112,3,3,2991,1,1,1,0,1,0,0,0,procedimiento,0,0.71,0,0
171,5113,17,4,3753,1,1,0,0,0,0,0,0,inatencion,0,0.6,1,0
171,5114,4,2,2343,1,0,0,0,1,0,0,0,procedimiento,0,0.69,0,0
171,5115,6,2,2788,1,1,0,0,1,0,0,0,procedimiento,0,0.68,0,0
171,5116,3,4,3721,1,0,0,0,1,0,0,0,procedimiento,0,0.67,0,0
171,5117,9,2,1802,1,0,0,1,1,0,0,0,procedimiento,0,0.67,0,0
171,5118,4,4,3579,1,0,0,0,1,0,0,0,procedimiento,0,0.66,0,0
171,5119,16,1,1951,1,0,0,1,1,0,0,0,procedimiento,0,0.65,0,0
171,5120,8,1,1272,1,0,0,1,1,0,0,0,procedimiento,0,0.64,0,0
171,5121,1,2,1649,1,0,0,1,1,0,0,0,procedimiento,0,0.63,0,0
171,5122,9,4,5750,1,1,0,0,1,0,0,0,procedimiento,0,0.63,0,0
171,5123,5,3,4751,1,0,0,0,1,0,0,0,procedimiento,0,0.62,0,0
171,5124,2,4,5081,1,0,0,0,1,0,0,0,procedimiento,0,0.61,0,0
171,5125,18,1,2408,1,0,0,0,1,0,0,0,procedimiento,0,0.6,0,0
171,5126,18,1,2523,1,0,0,0,1,1,0,0,procedimiento,0,0.59,0,0
171,5127,15,3,4875,1,1,1,0,1,0,0,0,procedimiento,0,0.59,0,0
171,5128,17,2,2706,1,0,0,0,0,1,0,0,inatencion,0,0.48,1,0
171,5129,11,3,3895,1,0,0,0,1,0,0,0,procedimiento,0,0.57,0,0
171,5130,19,2,2311,1,0,0,0,1,1,0,0,procedimiento,0,0.56,0,0
172,5131,16,1,1725,1,0,0,1,1,0,0,0,procedimiento,0,0.66,0,0
172,5132,13,2,2581,1,0,0,0,0,0,0,0,inatencion,0,0.55,1,0
172,5133,11,2,3138,1,0,0,0,0,0,0,1,inatencion,1,0.44,2,0
172,5134,1,3,4912,1,0,0,0,0,0,0,1,inatencion,1,0.34,3,0
172,5135,8,3,5016,2,0,0,0,0,0,0,1,inatencion,1,0.23,4,0
172,5136,13,4,5673,1,1,0,0,0,0,0,0,inatencion,1,0.15,5,0
172,5137,7,3,3463,2,0,0,0,0,0,0,1,aleatorio,1,0.15,6,0
172,5138,11,4,4998,1,0,0,0,1,0,0,0,procedimiento,0,0.61,0,0
172,5139,18,2,2519,1,1,0,0,1,0,0,0,procedimiento,0,0.6,0,0
172,5140,11,3,3853,3,0,0,0,0,2,0,0,consigna,0,0.5,1,0
172,5141,3,3,4221,1,0,0,0,1,0,0,0,procedimiento,0,0.59,0,0
172,5142,17,4,4114,1,0,0,0,1,1,0,0,procedimiento,0,0.58,0,0
172,5143,12,3,4273,2,1,0,0,0,3,0,0,inatencion,0,0.48,1,0
172,5144,14,3,3568,1,1,0,0,0,2,0,0,conceptual,1,0.37,2,0
172,5145,1,3,4136,1,1,0,0,1,2,0,0,procedimiento,0,0.56,0,0
172,5146,19,1,2556,1,0,0,0,1,3,0,0,procedimiento,0,0.56,0,0
172,5147,17,1,1919,2,0,0,1,0,2,0,0,aleatorio,0,0.45,1,0
172,5148,16,3,4299,2,0,0,0,0,2,0,2,inatencion,1,0.34,2,0
172,5149,3,2,3865,3,0,0,0,0,0,0,0,inatencion,1,0.24,3,0
172,5150,15,2,3583,1,1,0,0,1,0,0,0,procedimiento,0,0.53,0,0
172,5151,14,3,4566,1,1,0,0,0,1,0,0,inatencion,0,0.42,1,0
172,5152,15,4,5892,1,1,0,0,1,0,0,0,procedimiento,0,0.52,0,0
172,5153,2,3,4618,1,0,0,0,0,1,0,0,inatencion,0,0.41,1,0
172,5154,13,1,2324,1,0,0,0,1,3,0,0,procedimiento,0,0.5,0,0
172,5155,12,1,2563,1,0,0,0,1,3,213,0,procedimiento,1,0.5,0,0
172,5156,1,3,4574,1,1,1,0,0,2,430,0,procedimiento,1,0.39,1,0
172,5157,15,3,4269,1,1,1,0,0,3,763,1,procedimiento,1,0.28,2,0
172,5158,12,1,2545,2,0,0,0,0,2,534,1,aleatorio,1,0.18,3,0
172,5159,11,3,6392,1,0,0,0,0,1,137,2,inatencion,1,0.15,4,0
172,5160,15,3,4035,3,1,0,0,0,3,173,1,aleatorio,1,0.15,5,0
173,5161,2,4,6045,2,1,1,0,0,3,0,0,aleatorio,0,0.49,1,0
173,5162,8,2,4022,1,0,0,0,1,1,0,0,procedimiento,0,0.58,0,0
173,5163,16,3,5330,1,0,0,0,1,1,0,0,procedimiento,0,0.58,0,0
173,5164,19,3,4114,1,1,0,0,0,2,0,0,inatencion,0,0.47,1,0
173,5165,4,2,4573,1,0,0,0,0,0,0,0,procedimiento,1,0.37,2,0
173,5166,9,2,3269,3,0,0,0,0,1,0,0,inatencion,1,0.26,3,0
173,5167,15,1,3420,1,0,0,0,1,0,0,0,procedimiento,0,0.56,0,0
173,5168,6,2,4636,1,0,0,0,1,1,0,0,procedimiento,0,0.55,0,0
173,5169,18,4,6422,1,1,0,0,1,2,0,0,procedimiento,0,0.54,0,0
173,5170,13,4,6919,1,0,0,0,1,2,0,0,procedimiento,0,0.54,0,0
173,5171,2,3,5690,1,0,0,0,1,1,0,0,procedimiento,0,0.53,0,0
173,5172,7,3,3746,3,1,1,0,0,2,0,0,conceptual,0,0.43,1,0
173,5173,8,2,2905,2,0,0,0,0,1,0,0,consigna,1,0.32,2,0
173,5174,6,3,5294,2,1,0,0,0,2,0,1,inatencion,1,0.21,3,0
173,5175,2,3,6088,1,0,0,0,0,3,0,0,aleatorio,1,0.15,4,0
173,5176,19,4,6874,2,0,0,0,0,4,0,0,inatencion,1,0.15,5,0
173,5177,11,3,5105,2,1,0,0,0,1,162,1,aleatorio,1,0.15,6,0
173,5178,3,4,6981,2,1,2,0,0,1,1128,0,inatencion,1,0.15,7,0
173,5179,19,1,3336,1,0,0,0,1,1,378,0,procedimiento,1,0.48,0,0
173,5180,12,1,2147,1,0,0,0,1,0,147,0,procedimiento,1,0.48,0,0
173,5181,1,2,4514,1,0,0,0,1,2,47,0,procedimiento,1,0.47,0,0
173,5182,5,4,10468,2,0,0,0,0,2,456,0,inatencion,1,0.37,1,0
173,5183,18,2,4796,1,0,0,0,1,2,58,0,procedimiento,1,0.46,0,0
173,5184,9,2,4483,2,1,1,0,0,6,1485,0,procedimiento,1,0.35,1,0
173,5185,14,4,8794,1,0,0,0,1,1,30,0,procedimiento,1,0.45,0,0
173,5186,6,4,9758,1,1,0,0,0,1,294,0,procedimiento,1,0.34,1,0
173,5187,17,3,5099,2,0,0,0,0,1,750,0,conceptual,1,0.24,2,0
173,5188,10,4,7057,1,0,0,0,0,2,1353,1,inatencion,1,0.15,3,0
173,5189,15,3,5403,1,0,0,0,1,0,134,0,procedimiento,1,0.43,0,0
173,5190,16,4,9088,2,1,0,0,0,1,927,0,consigna,1,0.32,1,0
174,5191,1,1,2237,1,0,0,0,1,0,0,0,procedimiento,0,0.91,0,0
174,5192,10,1,3134,1,0,0,0,1,0,0,0,procedimiento,0,0.9,0,0
174,5193,5,3,3551,1,0,0,0,0,0,0,0,procedimiento,0,0.79,1,0
174,5194,13,3,3877,1,0,0,0,1,0,0,0,procedimiento,0,0.88,0,0
174,5195,10,2,4500,1,0,0,0,0,0,0,0,aleatorio,0,0.77,1,0
174,5196,12,2,3258,1,0,0,0,0,0,0,2,procedimiento,1,0.66,2,0
174,5197,2,3,6007,2,1,1,0,0,0,0,0,aleatorio,1,0.4,3,0
174,5198,16,2,2821,1,1,1,0,0,0,0,0,aleatorio,1,0.4,4,0
174,5199,16,2,3313,1,0,0,0,1,0,0,0,procedimiento,0,0.83,0,0
174,5200,10,4,6082,3,1,0,0,0,0,0,0,aleatorio,0,0.72,1,0
174,5201,9,1,2904,1,0,0,0,1,0,0,0,procedimiento,0,0.82,0,0
174,5202,3,2,4759,1,0,0,0,0,0,0,0,inatencion,0,0.71,1,0
174,5203,18,3,6044,2,1,0,0,0,0,0,1,conceptual,1,0.6,2,0
174,5204,7,1,2128,1,1,0,0,0,0,0,0,aleatorio,1,0.4,3,0
174,5205,17,1,2774,1,0,0,0,1,0,0,0,procedimiento,0,0.78,0,0
174,5206,3,3,6174,1,1,0,0,1,0,0,0,procedimiento,0,0.77,0,0
174,5207,1,1,3037,1,0,0,0,1,0,0,0,procedimiento,0,0.76,0,0
174,5208,11,2,3334,3,1,0,0,0,0,0,0,conceptual,0,0.65,1,0
174,5209,7,1,2109,1,0,0,0,0,0,0,0,inatencion,1,0.54,2,0
174,5210,2,4,7368,1,0,0,0,0,0,0,0,inatencion,1,0.4,3,0
174,5211,12,1,2876,1,0,0,0,1,0,0,0,procedimiento,0,0.72,0,0
174,5212,9,4,7994,3,1,0,0,0,0,0,0,procedimiento,0,0.62,1,0
174,5213,3,1,3175,2,1,1,0,0,0,0,0,consigna,1,0.51,2,0
174,5214,5,4,8608,1,0,0,0,0,0,0,1,inatencion,1,0.4,3,0
174,5215,1,1,4062,1,0,0,0,1,0,0,0,procedimiento,0,0.69,0,0
174,5216,9,2,5457,2,0,0,0,0,0,0,0,procedimiento,0,0.58,1,0
174,5217,10,2,5628,1,1,1,0,0,0,0,0,inatencion,1,0.47,2,0
174,5218,3,2,4780,1,0,0,0,1,0,0,0,procedimiento,0,0.66,0,0
174,5219,13,2,5256,2,1,0,0,0,0,0,0,procedimiento,0,0.55,1,0
174,5220,5,3,5658,2,1,0,0,0,0,0,2,aleatorio,1,0.44,2,0
175,5221,14,4,3676,1,0,0,0,1,1,0,0,procedimiento,0,0.58,0,0
175,5222,15,1,1732,2,0,0,1,0,2,0,0,inatencion,0,0.48,1,0
175,5223,9,4,4440,3,0,0,0,0,1,0,2,inatencion,1,0.37,2,0
175,5224,1,4,3640,1,0,0,0,0,3,0,0,inatencion,1,0.27,3,0
175,5225,18,4,3451,3,0,0,0,0,3,0,0,inatencion,1,0.16,4,0
175,5226,12,1,1345,1,0,0,1,1,1,0,0,procedimiento,0,0.55,0,0
175,5227,4,1,1605,3,1,2,1,0,1,0,0,inatencion,0,0.45,1,0
175,5228,9,2,2658,1,1,2,0,0,1,0,0,conceptual,1,0.34,2,0
175,5229,10,3,3540,1,1,0,0,0,0,0,0,inatencion,1,0.24,3,0
175,5230,6,4,4075,2,1,0,0,0,1,0,0,inatencion,1,0.15,4,0
175,5231,16,2,1813,1,0,0,1,1,0,0,0,procedimiento,0,0.53,0,0
175,5232,15,1,1882,1,0,0,1,1,0,0,0,procedimiento,0,0.52,0,0
175,5233,15,3,3774,1,0,0,0,0,3,0,0,procedimiento,0,0.41,1,0
175,5234,5,3,3483,2,1,1,0,0,2,0,1,inatencion,1,0.31,2,0
175,5235,17,1,1962,1,1,0,1,1,1,0,0,procedimiento,0,0.5,0,0
175,5236,3,3,2351,1,1,0,0,0,2,160,0,aleatorio,1,0.4,1,0
175,5237,12,3,3542,1,0,0,0,0,1,185,1,conceptual,1,0.29,2,0
175,5238,5,1,1681,1,0,0,1,1,0,179,0,procedimiento,1,0.48,0,0
175,5239,18,4,3203,1,1,0,0,0,0,338,0,conceptual,1,0.38,1,0
175,5240,19,2,2851,1,1,0,0,0,0,13,2,conceptual,1,0.27,2,0
175,5241,14,3,2370,1,0,0,0,0,2,121,0,inatencion,1,0.17,3,0
175,5242,10,3,5546,2,0,0,0,0,0,264,0,inatencion,1,0.15,4,0
175,5243,6,2,2477,1,1,0,0,1,2,333,0,procedimiento,1,0.46,0,0
175,5244,7,1,2208,1,0,0,0,1,1,212,0,procedimiento,1,0.45,0,0
175,5245,1,2,2285,1,0,0,0,0,1,277,0,consigna,1,0.34,1,0
175,5246,19,2,2635,1,0,0,0,1,1,744,0,procedimiento,1,0.44,0,0
175,5247,9,2,2475,1,0,0,0,0,2,267,0,inatencion,1,0.33,1,0
175,5248,5,2,3338,2,0,0,0,0,1,150,1,procedimiento,1,0.23,2,0
175,5249,15,3,3748,1,1,0,0,1,3,363,0,procedimiento,1,0.42,0,0
175,5250,7,2,2229,1,0,0,0,1,1,270,0,procedimiento,1,0.41,0,0
176,5251,7,2,3740,1,1,0,0,1,0,0,0,procedimiento,0,0.96,0,0
176,5252,14,4,5119,1,1,3,0,0,0,0,0,procedimiento,0,0.85,1,0
176,5253,6,2,2715,1,0,0,0,1,0,0,0,procedimiento,0,0.94,0,0
176,5254,4,2,3619,1,0,0,0,1,0,0,0,procedimiento,0,0.93,0,0
176,5255,9,3,4083,2,1,0,0,0,0,0,0,consigna,0,0.82,1,0
176,5256,5,1,2872,1,0,0,0,1,0,0,0,procedimiento,0,0.91,0,0
176,5257,2,1,2708,1,0,0,0,0,0,0,0,conceptual,0,0.8,1,0
176,5258,2,1,2145,1,0,0,0,1,0,0,0,procedimiento,0,0.89,0,0
176,5259,5,3,4283,2,1,0,0,0,0,0,0,conceptual,0,0.78,1,0
176,5260,16,2,2762,2,0,0,0,0,0,0,0,inatencion,1,0.67,2,0
176,5261,9,2,3799,1,0,0,0,1,0,0,0,procedimiento,0,0.86,0,0
176,5262,15,3,3273,2,1,2,0,0,0,0,0,procedimiento,0,0.75,1,0
176,5263,13,4,6177,1,0,0,0,1,0,0,0,procedimiento,0,0.84,0,0
176,5264,2,2,3108,1,0,0,0,1,0,0,0,procedimiento,0,0.83,0,0
176,5265,17,1,2205,1,1,1,0,1,0,0,0,procedimiento,0,0.83,0,0
176,5266,8,1,2252,1,0,0,0,1,0,0,0,procedimiento,0,0.82,0,0
176,5267,9,1,2920,1,0,0,0,1,0,0,0,procedimiento,0,0.81,0,0
176,5268,9,2,2929,1,0,0,0,1,0,0,0,procedimiento,0,0.8,0,0
176,5269,9,2,3243,1,0,0,0,1,0,0,0,procedimiento,0,0.79,0,0
176,5270,15,4,5592,1,0,0,0,1,0,0,0,procedimiento,0,0.78,0,0
176,5271,16,2,2990,1,0,0,0,1,0,0,0,procedimiento,0,0.77,0,0
176,5272,7,3,5720,1,1,2,0,1,0,0,0,procedimiento,0,0.76,0,0
176,5273,9,2,3561,1,1,0,0,1,0,0,0,procedimiento,0,0.75,0,0
176,5274,16,2,6185,1,0,0,0,1,0,0,0,procedimiento,0,0.74,0,0
176,5275,10,2,2837,3,0,0,0,0,0,0,0,conceptual,0,0.63,1,0
176,5276,1,3,3353,3,1,0,0,0,0,0,1,conceptual,1,0.52,2,0
176,5277,10,3,6872,1,0,0,0,1,0,0,0,procedimiento,0,0.71,0,0
176,5278,6,2,3598,1,0,0,0,1,0,0,0,procedimiento,0,0.7,0,0
176,5279,13,4,5718,1,0,0,0,1,0,0,0,procedimiento,0,0.69,0,0
176,5280,10,3,5488,1,1,0,0,1,0,0,0,procedimiento,0,0.68,0,0
177,5281,10,3,3343,3,1,0,0,0,0,331,2,procedimiento,1,0.15,1,0
177,5282,12,1,3072,1,0,0,0,1,0,55,1,procedimiento,1,0.25,0,0
177,5283,12,2,3561,2,1,0,0,0,2,666,2,inatencion,1,0.15,1,0
177,5284,14,1,2166,3,0,0,0,0,1,120,1,conceptual,1,0.15,2,0
177,5285,14,2,3562,1,0,0,0,0,0,81,1,inatencion,1,0.15,3,0
177,5286,5,2,4081,1,0,0,0,0,0,1082,2,inatencion,1,0.15,4,0
177,5287,15,2,3317,1,1,0,0,0,4,651,3,inatencion,1,0.15,5,0
177,5288,11,3,5342,2,1,0,0,0,3,141,4,aleatorio,1,0.15,6,0
177,5289,18,2,4119,2,1,0,0,0,2,492,1,inatencion,1,0.15,7,0
177,5290,3,4,6031,1,1,0,0,0,1,165,0,inatencion,1,0.15,8,0
177,5291,3,2,3984,3,1,0,0,0,0,570,1,inatencion,1,0.15,9,0
177,5292,14,2,3593,1,1,0,0,1,3,301,1,procedimiento,1,0.22,0,0
177,5293,18,3,4181,1,0,0,0,1,2,144,1,procedimiento,1,0.22,0,0
177,5294,12,2,2764,1,0,0,0,1,4,550,0,procedimiento,1,0.22,0,0
177,5295,6,3,5168,2,0,0,0,0,0,808,1,procedimiento,1,0.15,1,0
177,5296,13,1,2585,1,0,0,0,1,2,218,3,procedimiento,1,0.21,0,0
177,5297,3,2,3892,2,1,0,0,0,2,146,1,consigna,1,0.15,1,0
177,5298,6,1,2278,1,0,0,0,1,1,1014,0,procedimiento,1,0.21,0,0
177,5299,4,3,3215,2,1,1,0,0,4,1668,2,conceptual,1,0.15,1,0
177,5300,9,2,2925,1,0,0,0,0,1,459,1,inatencion,1,0.15,2,0
177,5301,18,1,2716,1,0,0,0,1,0,2194,0,procedimiento,1,0.2,0,0
177,5302,15,1,3321,1,0,0,0,1,1,778,1,procedimiento,1,0.2,0,0
177,5303,8,1,3189,1,1,0,0,1,2,1586,1,procedimiento,1,0.19,0,0
177,5304,17,3,4773,1,0,0,0,1,3,1870,2,procedimiento,1,0.19,0,0
177,5305,4,2,4581,2,0,0,0,0,5,849,3,consigna,1,0.15,1,0
177,5306,4,1,3585,2,0,0,0,0,1,422,1,procedimiento,1,0.15,2,0
177,5307,2,3,4009,1,0,0,0,1,5,251,2,procedimiento,1,0.18,0,0
177,5308,3,4,5268,3,0,0,0,0,3,314,2,inatencion,1,0.15,1,0
177,5309,18,1,3358,1,0,0,0,1,1,745,0,procedimiento,1,0.18,0,0
177,5310,14,1,2482,3,0,0,0,0,2,6,1,inatencion,1,0.15,1,0
178,5311,13,1,2522,1,0,0,0,1,0,0,0,procedimiento,0,0.85,0,0
178,5312,3,3,3994,1,0,0,0,1,0,0,0,procedimiento,0,0.84,0,0
178,5313,9,2,3488,1,1,0,0,1,0,0,0,procedimiento,0,0.83,0,0
178,5314,7,2,3787,1,0,0,0,1,0,0,0,procedimiento,0,0.82,0,0
178,5315,15,3,3410,2,0,0,0,0,0,0,0,procedimiento,0,0.71,1,0
178,5316,10,1,2669,1,0,0,0,1,0,0,0,procedimiento,0,0.8,0,0
178,5317,5,4,4156,2,1,1,0,0,0,0,0,conceptual,0,0.69,1,0
178,5318,12,3,4137,2,1,0,0,0,0,0,1,consigna,1,0.59,2,0
178,5319,15,4,5941,1,0,0,0,1,0,0,0,procedimiento,0,0.78,0,0
178,5320,1,2,2627,2,0,0,0,0,0,0,0,aleatorio,0,0.67,1,0
178,5321,17,3,2750,1,0,0,0,1,0,0,0,procedimiento,0,0.76,0,0
178,5322,2,2,3355,2,0,0,0,0,0,0,0,conceptual,0,0.65,1,0
178,5323,2,4,4837,1,0,0,0,1,0,0,0,procedimiento,0,0.74,0,0
178,5324,14,2,2704,1,0,0,0,1,0,0,0,procedimiento,0,0.74,0,0
178,5325,7,2,2331,1,0,0,0,1,0,0,0,procedimiento,0,0.73,0,0
178,5326,2,4,3858,1,1,0,0,0,0,0,0,inatencion,0,0.62,1,0
178,5327,7,2,3502,1,0,0,0,0,0,0,0,conceptual,1,0.51,2,0
178,5328,19,2,2686,1,0,0,0,1,0,0,0,procedimiento,0,0.7,0,0
178,5329,7,1,2326,1,0,0,0,1,0,0,0,procedimiento,0,0.69,0,0
178,5330,15,2,3347,1,0,0,0,1,0,0,0,procedimiento,0,0.68,0,0
178,5331,12,4,5568,1,0,0,0,1,0,0,0,procedimiento,0,0.68,0,0
178,5332,13,4,6550,1,0,0,0,0,0,0,0,procedimiento,0,0.57,1,0
178,5333,6,3,3277,1,1,0,0,1,0,0,0,procedimiento,0,0.66,0,0
178,5334,10,2,2495,1,0,0,0,1,0,0,0,procedimiento,0,0.65,0,0
178,5335,7,4,7633,2,0,0,0,0,0,0,0,procedimiento,0,0.54,1,0
178,5336,11,3,4862,1,1,0,0,0,0,0,0,conceptual,1,0.43,2,0
178,5337,8,2,4453,1,0,0,0,1,0,0,0,procedimiento,0,0.63,0,0
178,5338,14,2,3669,1,0,0,0,1,0,0,0,procedimiento,0,0.62,0,0
178,5339,8,2,2969,3,0,0,0,0,0,0,0,aleatorio,0,0.51,1,0
178,5340,7,3,5552,1,0,0,0,1,0,0,0,procedimiento,0,0.6,0,0
179,5341,17,3,2899,1,0,0,0,0,2,119,0,procedimiento,1,0.32,1,0
179,5342,1,3,2393,1,1,0,0,1,3,241,0,procedimiento,1,0.42,0,0
179,5343,1,4,4325,1,0,0,0,1,1,92,0,procedimiento,1,0.41,0,0
179,5344,14,2,2787,1,0,0,0,1,3,78,0,procedimiento,1,0.41,0,0
179,5345,15,2,2499,1,0,0,0,1,2,12,0,procedimiento,1,0.4,0,0
179,5346,15,1,2033,3,1,0,0,0,2,1014,2,procedimiento,1,0.3,1,0
179,5347,3,3,3120,1,0,0,0,0,3,332,2,inatencion,1,0.2,2,0
179,5348,1,1,1952,2,0,0,1,0,1,471,1,aleatorio,1,0.15,3,0
179,5349,14,1,1342,1,0,0,1,1,1,675,1,procedimiento,1,0.39,0,0
179,5350,1,1,1838,1,0,0,1,0,1,46,1,aleatorio,1,0.28,1,0
179,5351,5,3,2868,1,0,0,0,1,0,153,1,procedimiento,1,0.38,0,0
179,5352,9,1,1849,1,0,0,1,1,2,825,1,procedimiento,1,0.37,0,0
179,5353,15,4,4677,1,1,0,0,1,2,157,5,procedimiento,1,0.37,0,0
179,5354,4,2,1874,1,1,1,1,0,1,945,1,aleatorio,1,0.27,1,0
179,5355,12,1,1607,1,0,0,1,1,0,63,0,procedimiento,1,0.36,0,0
179,5356,5,2,2046,1,0,0,0,0,0,2717,1,consigna,1,0.26,1,0
179,5357,1,3,2534,1,0,0,0,0,8,223,0,inatencion,1,0.15,2,0
179,5358,9,3,2903,2,0,0,0,0,2,506,1,inatencion,1,0.15,3,0
179,5359,6,2,2243,1,0,0,0,0,1,451,1,inatencion,1,0.15,4,0
179,5360,14,2,2950,1,0,0,0,1,2,949,1,procedimiento,1,0.34,0,0
179,5361,9,3,3478,1,0,0,0,1,4,194,1,procedimiento,1,0.34,0,0
179,5362,17,4,4715,1,0,0,0,1,2,1067,1,procedimiento,1,0.33,0,0
179,5363,3,2,4262,1,0,0,0,1,1,137,1,procedimiento,1,0.33,0,0
179,5364,3,2,3764,1,0,0,0,1,0,360,2,procedimiento,1,0.32,0,0
179,5365,5,1,1619,1,0,0,1,1,3,432,1,procedimiento,1,0.32,0,0
179,5366,14,2,1902,1,0,0,1,1,5,1653,2,procedimiento,1,0.32,0,0
179,5367,16,3,4497,1,0,0,0,0,1,228,0,inatencion,1,0.21,1,0
179,5368,19,2,3678,1,0,0,0,1,1,411,0,procedimiento,1,0.31,0,0
179,5369,12,2,2595,1,0,0,0,1,2,1019,1,procedimiento,1,0.3,0,0
179,5370,16,2,2715,1,0,0,0,0,4,2658,1,inatencion,1,0.2,1,0
180,5371,2,3,3593,2,1,1,0,0,1,241,0,procedimiento,1,0.32,1,0
180,5372,7,1,2222,2,0,0,0,0,0,31,2,conceptual,1,0.22,2,0
180,5373,14,2,3615,1,0,0,0,1,3,422,0,procedimiento,1,0.41,0,0
180,5374,7,1,2995,1,0,0,0,1,3,724,0,procedimiento,1,0.41,0,0
180,5375,7,1,1861,1,0,0,1,1,2,92,0,procedimiento,1,0.4,0,0
180,5376,7,4,6242,3,1,0,0,0,1,157,0,procedimiento,1,0.3,1,0
180,5377,12,3,3968,3,0,0,0,0,0,13,1,inatencion,1,0.2,2,0
180,5378,3,3,4058,1,1,0,0,1,3,489,1,procedimiento,1,0.39,0,0
180,5379,16,3,4131,1,0,0,0,1,0,140,1,procedimiento,1,0.39,0,0
180,5380,17,3,4230,1,1,1,0,0,2,65,1,procedimiento,1,0.28,1,0
180,5381,16,2,3527,2,1,0,0,0,2,1455,0,consigna,1,0.18,2,0
180,5382,2,3,4576,2,0,0,0,0,2,880,1,inatencion,1,0.15,3,0
180,5383,9,3,4773,2,0,0,0,0,0,4023,0,inatencion,1,0.15,4,0
180,5384,19,2,3361,1,1,0,0,1,2,1345,0,procedimiento,1,0.37,0,0
180,5385,16,3,4818,1,0,0,0,1,5,619,0,procedimiento,1,0.36,0,0
180,5386,11,2,2883,1,0,0,0,0,4,1472,2,conceptual,1,0.26,1,0
180,5387,6,1,2272,1,0,0,0,0,3,125,0,aleatorio,1,0.15,2,0
180,5388,15,2,3065,1,0,0,0,1,1,98,0,procedimiento,1,0.35,0,0
180,5389,7,2,4123,1,0,0,0,1,5,652,1,procedimiento,1,0.34,0,0
180,5390,7,2,2605,2,0,0,0,0,2,142,3,consigna,1,0.24,1,0
180,5391,6,1,2926,1,0,0,0,0,2,1226,0,inatencion,1,0.15,2,0
180,5392,4,4,8260,1,0,0,0,1,3,2252,2,procedimiento,1,0.33,0,0
180,5393,11,2,4663,1,0,0,0,1,2,562,1,procedimiento,1,0.33,0,0
180,5394,3,2,4406,1,0,0,0,1,1,748,1,procedimiento,1,0.32,0,0
180,5395,10,3,4559,1,0,0,0,1,7,110,2,procedimiento,1,0.32,0,0
180,5396,10,3,5561,1,0,0,0,1,4,305,0,procedimiento,1,0.32,0,0
180,5397,14,3,4878,2,0,0,0,0,1,385,1,inatencion,1,0.21,1,0
180,5398,16,4,6610,2,0,0,0,0,2,76,1,conceptual,1,0.15,2,0
180,5399,4,2,3542,1,0,0,0,0,1,791,2,inatencion,1,0.15,3,0
180,5400,18,4,6575,1,1,1,0,1,3,10,1,procedimiento,1,0.3,0,0
181,5401,1,3,2919,1,0,0,0,1,0,0,0,procedimiento,0,0.98,0,0
181,5402,9,3,3085,2,0,0,0,0,0,0,0,consigna,0,0.88,1,0
181,5403,1,4,4362,1,0,0,0,1,0,0,0,procedimiento,0,0.97,0,0
181,5404,11,1,2359,1,0,0,0,0,0,0,0,conceptual,0,0.86,1,0
181,5405,18,4,4493,1,0,0,0,0,0,0,0,inatencion,1,0.75,2,0
181,5406,5,3,3769,1,1,1,0,0,0,0,1,aleatorio,1,0.4,3,0
181,5407,13,2,3240,1,0,0,0,0,0,0,0,inatencion,1,0.4,4,0
181,5408,10,3,3190,1,0,0,0,0,0,0,0,inatencion,1,0.4,5,0
181,5409,13,1,2135,3,0,0,0,0,0,0,0,inatencion,1,0.31,6,0
181,5410,13,2,2519,2,0,0,0,0,0,0,0,inatencion,1,0.2,7,0
181,5411,11,1,2410,1,0,0,0,1,0,0,0,procedimiento,0,0.89,0,0
181,5412,12,2,2723,1,1,1,0,0,0,0,0,conceptual,0,0.78,1,0
181,5413,15,2,2353,2,0,0,0,0,0,0,0,procedimiento,1,0.67,2,0
181,5414,3,2,2838,1,0,0,0,1,0,0,0,procedimiento,0,0.86,0,0
181,5415,6,1,2108,1,0,0,0,1,0,0,0,procedimiento,0,0.85,0,0
181,5416,2,2,3295,1,0,0,0,1,0,0,0,procedimiento,0,0.84,0,0
181,5417,5,2,2537,2,1,0,0,0,0,0,0,conceptual,0,0.73,1,0
181,5418,16,4,5443,1,1,1,0,1,0,0,0,procedimiento,0,0.82,0,0
181,5419,10,1,2503,1,0,0,0,1,0,0,0,procedimiento,0,0.81,0,0
181,5420,1,1,2208,1,1,0,0,1,0,0,0,procedimiento,0,0.8,0,0
181,5421,19,3,4149,2,1,2,0,0,0,0,0,procedimiento,0,0.69,1,0
181,5422,7,2,3348,3,1,2,0,0,0,0,1,conceptual,1,0.58,2,0
181,5423,11,4,5248,1,0,0,0,1,0,0,0,procedimiento,0,0.77,0,0
181,5424,17,2,4259,1,1,1,0,0,0,0,0,inatencion,0,0.66,1,0
181,5425,9,2,2558,1,0,0,0,0,0,0,0,inatencion,1,0.55,2,0
181,5426,11,2,2973,2,0,0,0,0,0,0,0,inatencion,1,0.4,3,0
181,5427,13,1,2291,2,1,1,0,0,0,0,0,inatencion,1,0.33,4,0
181,5428,6,3,4342,1,0,0,0,1,0,0,0,procedimiento,0,0.72,0,0
181,5429,18,2,4551,1,0,0,0,1,0,0,0,procedimiento,0,0.71,0,0
181,5430,7,3,3474,1,1,0,0,0,0,0,0,aleatorio,0,0.6,1,0
182,5431,8,2,3517,2,0,0,0,0,1,0,0,conceptual,0,0.41,1,0
182,5432,14,2,2196,3,0,0,0,0,2,0,2,procedimiento,1,0.3,2,0
182,5433,18,2,2424,1,0,0,0,0,0,233,2,aleatorio,1,0.2,3,0
182,5434,10,1,1696,1,0,0,1,1,0,195,0,procedimiento,1,0.49,0,0
182,5435,3,2,3363,2,1,0,0,0,2,113,0,conceptual,1,0.39,1,0
182,5436,14,4,4835,1,1,2,0,0,2,46,1,inatencion,1,0.28,2,0
182,5437,5,2,2857,1,0,0,0,0,1,465,1,inatencion,1,0.18,3,0
182,5438,7,2,2206,2,0,0,0,0,2,611,2,aleatorio,1,0.15,4,0
182,5439,1,2,3187,3,1,0,0,0,1,25,1,inatencion,1,0.15,5,0
182,5440,5,1,1756,1,1,2,1,1,1,102,0,procedimiento,1,0.46,0,0
182,5441,17,2,2247,1,1,1,0,1,2,46,0,procedimiento,1,0.46,0,0
182,5442,14,2,3718,1,0,0,0,1,1,1151,0,procedimiento,1,0.45,0,0
182,5443,6,2,3243,1,1,0,0,1,1,1226,0,procedimiento,1,0.45,0,0
182,5444,15,3,3391,2,0,0,0,0,0,1073,0,procedimiento,1,0.34,1,0
182,5445,12,1,1640,2,0,0,1,0,3,1213,0,aleatorio,1,0.24,2,0
182,5446,3,4,3975,1,1,0,0,0,1,299,0,aleatorio,1,0.15,3,0
182,5447,18,3,3390,1,0,0,0,1,1,114,0,procedimiento,1,0.43,0,0
182,5448,9,1,1777,1,1,0,1,0,2,437,0,inatencion,1,0.32,1,0
182,5449,5,2,3567,2,0,0,0,0,0,1599,2,consigna,1,0.22,2,0
182,5450,10,2,3154,1,0,0,0,0,1,499,4,aleatorio,1,0.15,3,0
182,5451,11,2,3345,2,1,0,0,0,0,184,2,inatencion,1,0.15,4,0
182,5452,18,3,4685,1,0,0,0,0,1,223,0,inatencion,1,0.15,5,0
182,5453,18,4,6790,3,1,0,0,0,2,897,5,aleatorio,1,0.15,6,0
182,5454,15,2,3575,3,1,1,0,0,1,134,0,inatencion,1,0.15,7,0
182,5455,12,1,2651,1,0,0,0,0,2,139,0,aleatorio,1,0.15,8,0
182,5456,10,2,3446,1,1,0,0,1,6,1288,1,procedimiento,1,0.38,0,0
182,5457,15,3,3535,1,0,0,0,1,3,514,1,procedimiento,1,0.38,0,0
182,5458,17,3,4778,2,1,2,0,0,1,84,1,conceptual,1,0.27,1,0
182,5459,12,1,2111,1,0,0,0,1,3,3,0,procedimiento,1,0.37,0,0
182,5460,1,1,3045,1,0,0,0,1,2,43,1,procedimiento,1,0.36,0,0
183,5461,11,4,2890,1,1,0,0,1,1,0,0,procedimiento,0,0.56,0,0
183,5462,16,3,2815,1,0,0,0,1,1,0,0,procedimiento,0,0.56,0,0
183,5463,3,1,1420,2,0,0,1,0,2,0,0,inatencion,0,0.45,1,0
183,5464,6,3,2345,1,1,0,0,1,1,0,0,procedimiento,0,0.55,0,0
183,5465,11,3,3222,1,0,0,0,1,2,0,0,procedimiento,0,0.54,0,0
183,5466,17,3,2068,1,0,0,0,0,1,0,0,procedimiento,0,0.44,1,0
183,5467,6,1,1799,1,0,0,1,1,2,0,0,procedimiento,0,0.53,0,0
183,5468,10,3,2920,1,1,0,0,1,1,0,0,procedimiento,0,0.52,0,0
183,5469,17,2,2396,1,1,2,0,0,3,0,0,aleatorio,0,0.42,1,0
183,5470,12,3,2491,1,0,0,0,1,2,0,0,procedimiento,0,0.51,0,0
183,5471,14,4,3885,1,0,0,0,1,0,0,0,procedimiento,0,0.51,0,0
183,5472,1,2,2072,2,1,0,0,0,3,0,0,conceptual,0,0.4,1,0
183,5473,1,2,2456,3,0,0,0,0,2,528,0,procedimiento,1,0.3,2,0
183,5474,18,3,2302,1,0,0,0,1,0,160,0,procedimiento,1,0.49,0,0
183,5475,8,4,4325,1,0,0,0,0,3,66,0,conceptual,1,0.38,1,0
183,5476,18,2,2330,3,0,0,0,0,0,1208,2,procedimiento,1,0.28,2,0
183,5477,2,2,2282,1,1,0,0,0,0,523,3,inatencion,1,0.17,3,0
183,5478,16,3,2591,1,1,3,0,0,4,393,0,inatencion,1,0.15,4,0
183,5479,2,3,3149,1,1,0,0,1,0,878,0,procedimiento,1,0.46,0,0
183,5480,3,3,3483,1,1,1,0,0,4,1011,0,consigna,1,0.36,1,0
183,5481,11,3,2883,1,0,0,0,1,2,781,0,procedimiento,1,0.45,0,0
183,5482,17,1,2395,1,0,0,0,1,3,207,0,procedimiento,1,0.44,0,0
183,5483,8,1,2057,1,1,0,0,1,1,296,0,procedimiento,1,0.44,0,0
183,5484,16,1,1599,1,0,0,1,1,3,100,0,procedimiento,1,0.43,0,0
183,5485,8,4,4782,1,1,0,0,0,1,560,0,aleatorio,1,0.33,1,0
183,5486,13,2,3023,1,0,0,0,1,0,1339,0,procedimiento,1,0.42,0,0
183,5487,13,1,1789,1,0,0,1,1,4,569,0,procedimiento,1,0.42,0,0
183,5488,15,2,1979,1,0,0,1,1,2,795,0,procedimiento,1,0.41,0,0
183,5489,1,1,1385,1,1,1,1,1,2,291,0,procedimiento,1,0.41,0,0
183,5490,11,2,2487,1,1,0,0,0,5,1194,0,consigna,1,0.3,1,0
184,5491,12,2,2388,1,0,0,0,1,0,0,0,procedimiento,0,0.97,0,0
184,5492,14,1,1713,2,0,0,1,0,0,0,0,inatencion,0,0.87,1,0
184,5493,7,1,1567,1,0,0,1,1,0,0,0,procedimiento,0,0.96,0,0
184,5494,18,2,3009,1,0,0,0,0,0,0,0,inatencion,0,0.85,1,0
184,5495,16,4,4770,1,0,0,0,1,0,0,0,procedimiento,0,0.94,0,0
184,5496,8,1,2217,1,0,0,0,1,0,0,0,procedimiento,0,0.93,0,0
184,5497,2,3,3696,1,0,0,0,1,0,0,0,procedimiento,0,0.92,0,0
184,5498,2,3,4165,2,0,0,0,0,0,0,0,procedimiento,0,0.81,1,0
184,5499,3,3,3735,1,0,0,0,1,0,0,0,procedimiento,0,0.9,0,0
184,5500,14,3,2596,1,0,0,0,0,0,0,0,procedimiento,0,0.79,1,0
184,5501,14,1,1847,1,0,0,1,1,0,0,0,procedimiento,0,0.88,0,0
184,5502,2,3,3910,1,0,0,0,0,0,0,0,conceptual,0,0.77,1,0
184,5503,7,4,4232,3,0,0,0,0,0,0,1,conceptual,1,0.66,2,0
184,5504,10,2,3242,1,1,0,0,1,0,0,0,procedimiento,0,0.85,0,0
184,5505,18,4,3701,1,0,0,0,1,0,0,0,procedimiento,0,0.84,0,0
184,5506,15,1,2020,2,0,0,0,0,0,0,0,consigna,0,0.73,1,0
184,5507,12,2,3366,1,0,0,0,1,0,0,0,procedimiento,0,0.82,0,0
184,5508,9,3,3696,1,1,1,0,0,0,0,0,consigna,0,0.71,1,0
184,5509,10,2,2245,2,0,0,0,0,0,0,1,procedimiento,1,0.6,2,0
184,5510,14,1,2005,2,0,0,0,0,0,0,0,inatencion,1,0.4,3,0
184,5511,18,2,2649,1,0,0,0,0,0,0,1,inatencion,1,0.38,4,0
184,5512,19,3,3482,1,0,0,0,0,0,0,0,inatencion,1,0.27,5,0
184,5513,1,3,4649,1,0,0,0,1,0,0,0,procedimiento,0,0.76,0,0
184,5514,18,3,3671,1,1,0,0,0,0,0,0,inatencion,0,0.65,1,0
184,5515,18,2,3760,1,1,0,0,1,0,0,0,procedimiento,0,0.74,0,0
184,5516,6,2,5008,1,0,0,0,1,0,0,0,procedimiento,0,0.73,0,0
184,5517,16,3,4743,1,0,0,0,1,0,0,0,procedimiento,0,0.72,0,0
184,5518,2,2,3075,1,0,0,0,1,0,0,0,procedimiento,0,0.71,0,0
184,5519,11,4,5893,1,0,0,0,1,0,0,0,procedimiento,0,0.7,0,0
184,5520,7,4,4306,1,1,0,0,1,0,0,0,procedimiento,0,0.69,0,0
185,5521,10,4,4346,1,1,0,0,0,0,0,0,consigna,0,0.5,1,0
185,5522,17,3,4163,1,1,0,0,0,1,0,0,inatencion,1,0.4,2,0
185,5523,13,3,4082,3,1,0,0,0,2,0,0,inatencion,1,0.29,3,0
185,5524,6,3,2959,2,0,0,0,0,2,0,0,inatencion,1,0.18,4,0
185,5525,13,4,3715,1,0,0,0,0,0,0,1,inatencion,1,0.15,5,0
185,5526,2,3,3753,1,0,0,0,1,1,0,0,procedimiento,0,0.57,0,0
185,5527,1,1,2021,1,0,0,0,1,3,0,0,procedimiento,0,0.57,0,0
185,5528,17,3,4075,3,0,0,0,0,1,0,0,inatencion,0,0.46,1,0
185,5529,10,3,3668,1,1,0,0,0,1,0,1,aleatorio,1,0.35,2,0
185,5530,17,1,1971,1,0,0,1,1,0,0,0,procedimiento,0,0.55,0,0
185,5531,7,2,3043,1,1,2,0,0,3,0,0,inatencion,0,0.44,1,0
185,5532,9,1,2328,1,0,0,0,1,5,0,0,procedimiento,0,0.54,0,0
185,5533,12,2,2773,1,1,0,0,0,2,0,0,inatencion,0,0.43,1,0
185,5534,10,1,2247,2,0,0,0,0,0,0,4,consigna,1,0.32,2,0
185,5535,17,2,3133,2,1,2,0,0,2,0,0,inatencion,1,0.22,3,0
185,5536,18,2,2374,3,1,0,0,0,2,0,2,aleatorio,1,0.15,4,0
185,5537,4,2,2310,1,1,1,0,1,1,0,0,procedimiento,0,0.51,0,0
185,5538,4,2,2232,2,0,0,0,0,1,575,0,procedimiento,1,0.4,1,0
185,5539,7,4,3377,1,0,0,0,0,0,545,0,procedimiento,1,0.29,2,0
185,5540,8,2,2574,1,1,0,0,1,0,1101,0,procedimiento,1,0.49,0,0
185,5541,10,1,1974,1,0,0,1,1,3,1597,0,procedimiento,1,0.48,0,0
185,5542,6,1,2767,1,0,0,0,1,2,198,0,procedimiento,1,0.48,0,0
185,5543,7,1,3082,1,0,0,0,1,1,816,0,procedimiento,1,0.47,0,0
185,5544,10,2,2611,1,0,0,0,0,1,1870,0,inatencion,1,0.36,1,0
185,5545,13,2,3457,2,0,0,0,0,0,839,0,inatencion,1,0.26,2,0
185,5546,13,1,2757,1,0,0,0,1,1,891,0,procedimiento,1,0.45,0,0
185,5547,7,1,1981,1,0,0,1,0,3,860,0,inatencion,1,0.35,1,0
185,5548,13,2,2896,1,0,0,0,0,0,447,2,consigna,1,0.24,2,0
185,5549,12,2,2860,2,1,0,0,0,2,893,1,inatencion,1,0.15,3,0
185,5550,6,2,3542,1,0,0,0,0,3,229,2,aleatorio,1,0.15,4,0
186,5551,17,1,1776,2,0,0,1,0,3,0,0,aleatorio,0,0.43,1,0
186,5552,11,1,1689,3,0,0,1,0,1,0,0,aleatorio,1,0.32,2,0
186,5553,18,3,3256,1,1,0,0,1,3,0,0,procedimiento,0,0.51,0,0
186,5554,4,3,3013,1,0,0,0,1,4,0,0,procedimiento,0,0.51,0,0
186,5555,15,3,2801,1,1,0,0,1,1,0,0,procedimiento,0,0.5,0,0
186,5556,13,2,2442,1,0,0,0,1,2,134,0,procedimiento,1,0.5,0,0
186,5557,11,3,3228,1,1,0,0,1,4,1798,0,procedimiento,1,0.49,0,0
186,5558,17,3,3452,1,1,1,0,1,2,145,0,procedimiento,1,0.49,0,0
186,5559,5,3,3107,1,1,0,0,1,1,1687,0,procedimiento,1,0.48,0,0
186,5560,6,4,3531,1,1,0,0,1,2,0,0,procedimiento,1,0.48,0,0
186,5561,11,2,1956,1,0,0,1,1,1,185,0,procedimiento,1,0.47,0,0
186,5562,10,4,3936,1,0,0,0,0,0,4,0,inatencion,1,0.37,1,0
186,5563,5,1,1482,1,0,0,1,1,1,122,0,procedimiento,1,0.46,0,0
186,5564,1,2,1888,1,0,0,1,1,1,266,0,procedimiento,1,0.46,0,0
186,5565,1,4,4064,1,1,0,0,0,2,571,0,inatencion,1,0.35,1,0
186,5566,19,2,2057,1,0,0,0,1,0,232,0,procedimiento,1,0.45,0,0
186,5567,4,2,1949,2,0,0,1,0,4,410,0,aleatorio,1,0.34,1,0
186,5568,5,1,1252,2,0,0,1,0,1,420,2,aleatorio,1,0.24,2,0
186,5569,5,4,3907,1,0,0,0,1,2,726,0,procedimiento,1,0.43,0,0
186,5570,14,1,1904,1,0,0,1,1,0,2523,0,procedimiento,1,0.43,0,0
186,5571,14,1,1821,1,0,0,1,1,3,728,0,procedimiento,1,0.42,0,0
186,5572,11,1,1728,1,0,0,1,1,1,297,0,procedimiento,1,0.41,0,0
186,5573,7,2,2459,3,0,0,0,0,0,90,0,inatencion,1,0.31,1,0
186,5574,16,3,3786,1,0,0,0,0,3,227,1,inatencion,1,0.2,2,0
186,5575,15,2,2983,1,0,0,0,1,0,354,0,procedimiento,1,0.4,0,0
186,5576,17,3,4026,1,0,0,0,1,1,561,0,procedimiento,1,0.39,0,0
186,5577,6,3,3559,1,0,0,0,1,1,681,2,procedimiento,1,0.39,0,0
186,5578,16,1,2458,1,0,0,0,1,2,75,1,procedimiento,1,0.38,0,0
186,5579,18,2,2376,1,1,0,0,1,3,1056,0,procedimiento,1,0.38,0,0
186,5580,11,2,3290,1,0,0,0,1,1,21,2,procedimiento,1,0.37,0,0
187,5581,10,1,1452,1,0,0,1,1,0,0,0,procedimiento,0,0.77,0,0
187,5582,3,1,1828,1,0,0,1,1,0,0,0,procedimiento,0,0.76,0,0
187,5583,19,1,1296,1,0,0,1,1,0,0,0,procedimiento,0,0.75,0,0
187,5584,19,2,2149,1,1,0,0,1,0,0,0,procedimiento,0,0.75,0,0
187,5585,1,2,1949,2,1,0,1,0,0,0,0,aleatorio,0,0.64,1,0
187,5586,6,2,2501,1,0,0,0,1,0,0,0,procedimiento,0,0.73,0,0
187,5587,9,2,1891,1,0,0,1,1,0,0,0,procedimiento,0,0.72,0,0
187,5588,10,1,1545,2,1,0,1,0,0,0,0,inatencion,0,0.62,1,0
187,5589,1,3,2656,1,1,0,0,1,0,0,0,procedimiento,0,0.71,0,0
187,5590,16,3,2424,1,1,0,0,0,0,0,0,inatencion,0,0.6,1,0
187,5591,12,3,2139,3,1,0,0,0,0,0,2,inatencion,1,0.49,2,0
187,5592,3,2,1792,1,1,1,1,1,0,0,0,procedimiento,0,0.69,0,0
187,5593,6,3,3128,1,0,0,0,1,0,0,0,procedimiento,0,0.68,0,0
187,5594,13,2,2348,1,0,0,0,0,0,0,0,inatencion,0,0.57,1,0
187,5595,16,1,1737,3,0,0,1,0,0,0,0,inatencion,1,0.46,2,0
187,5596,18,3,1975,1,1,0,1,0,0,0,0,aleatorio,1,0.35,3,0
187,5597,19,2,2334,1,0,0,0,0,0,0,2,inatencion,1,0.25,4,0
187,5598,19,4,3247,1,0,0,0,0,0,0,1,inatencion,1,0.15,5,0
187,5599,11,2,1773,1,0,0,1,1,0,0,0,procedimiento,0,0.63,0,0
187,5600,12,2,1826,1,1,1,1,0,0,0,0,aleatorio,0,0.52,1,0
187,5601,17,2,2453,3,0,0,0,0,0,0,0,conceptual,1,0.42,2,0
187,5602,16,1,2258,2,0,0,0,0,0,0,1,inatencion,1,0.31,3,0
187,5603,17,4,4785,1,0,0,0,0,0,0,0,aleatorio,1,0.2,4,0
187,5604,3,2,2617,1,0,0,0,0,3,0,2,aleatorio,1,0.15,5,0
187,5605,3,3,3207,1,1,0,0,1,1,0,0,procedimiento,0,0.59,0,0
187,5606,1,2,1624,1,0,0,1,1,2,0,0,procedimiento,0,0.58,0,0
187,5607,12,1,2281,1,0,0,0,0,0,0,0,inatencion,0,0.47,1,0
187,5608,18,2,2002,1,0,0,0,0,1,0,0,aleatorio,1,0.36,2,0
187,5609,18,3,3837,2,0,0,0,0,2,0,0,inatencion,1,0.25,3,0
187,5610,3,2,2444,2,0,0,0,0,2,0,2,inatencion,1,0.15,4,0
188,5611,17,3,5590,1,0,0,0,1,0,0,0,procedimiento,0,0.91,0,0
188,5612,4,3,4575,3,0,0,0,0,0,0,0,procedimiento,0,0.8,1,0
188,5613,8,3,4854,1,1,0,0,1,0,0,0,procedimiento,0,0.89,0,0
188,5614,16,1,3217,1,1,1,0,1,0,0,0,procedimiento,0,0.88,0,0
188,5615,17,4,5243,3,1,1,0,0,0,0,0,conceptual,0,0.78,1,0
188,5616,10,2,2967,1,1,0,0,1,0,0,0,procedimiento,0,0.87,0,0
188,5617,3,3,6115,1,1,1,0,0,0,0,0,procedimiento,0,0.76,1,0
188,5618,7,1,3150,2,0,0,0,0,0,0,0,conceptual,1,0.65,2,0
188,5619,10,3,5386,1,0,0,0,1,0,0,0,procedimiento,0,0.84,0,0
188,5620,7,3,4792,2,0,0,0,0,0,0,0,inatencion,0,0.73,1,0
188,5621,4,4,4790,1,1,3,0,0,0,0,0,conceptual,1,0.62,2,0
188,5622,14,1,3199,1,0,0,0,1,0,0,0,procedimiento,0,0.81,0,0
188,5623,12,4,7247,1,0,0,0,1,0,0,0,procedimiento,0,0.8,0,0
188,5624,9,1,2069,1,1,1,0,0,0,0,0,consigna,0,0.69,1,0
188,5625,14,4,7447,2,0,0,0,0,0,0,1,procedimiento,1,0.58,2,0
188,5626,2,2,2785,1,0,0,0,0,0,0,0,inatencion,1,0.4,3,0
188,5627,1,2,3027,1,1,0,0,1,0,0,0,procedimiento,0,0.77,0,0
188,5628,12,4,6643,1,1,0,0,1,0,0,0,procedimiento,0,0.76,0,0
188,5629,18,1,2781,1,0,0,0,0,0,0,0,conceptual,0,0.65,1,0
188,5630,15,4,7013,1,1,0,0,0,0,0,0,conceptual,1,0.54,2,0
188,5631,17,3,5347,1,1,2,0,0,0,0,2,inatencion,1,0.4,3,0
188,5632,7,1,3664,1,0,0,0,1,0,0,0,procedimiento,0,0.72,0,0
188,5633,18,2,3754,1,0,0,0,1,0,0,0,procedimiento,0,0.71,0,0
188,5634,7,1,4376,1,0,0,0,0,0,0,0,inatencion,0,0.6,1,0
188,5635,2,3,4094,1,1,0,0,0,0,0,0,procedimiento,1,0.49,2,0
188,5636,7,2,4168,1,0,0,0,1,0,0,0,procedimiento,0,0.68,0,0
188,5637,11,3,4277,1,1,1,0,1,0,0,0,procedimiento,0,0.67,0,0
188,5638,15,3,5704,2,0,0,0,0,0,0,0,consigna,0,0.57,1,0
188,5639,17,1,3200,2,1,0,0,0,0,0,0,consigna,1,0.46,2,0
188,5640,17,4,8853,2,1,2,0,0,0,0,0,inatencion,1,0.35,3,0
189,5641,16,2,2015,1,0,0,0,0,0,0,0,conceptual,0,0.65,1,0
189,5642,9,4,4939,1,1,1,0,0,0,0,0,consigna,1,0.54,2,0
189,5643,1,3,3882,1,0,0,0,0,0,0,0,inatencion,1,0.4,3,0
189,5644,18,4,3872,1,1,0,0,1,0,0,0,procedimiento,0,0.73,0,0
189,5645,3,2,2344,1,0,0,0,1,0,0,0,procedimiento,0,0.72,0,0
189,5646,7,4,5158,2,0,0,0,0,0,0,0,aleatorio,0,0.61,1,0
189,5647,10,4,4585,1,0,0,0,1,0,0,0,procedimiento,0,0.71,0,0
189,5648,16,1,2136,2,0,0,0,0,0,0,0,procedimiento,0,0.6,1,0
189,5649,6,2,2317,1,0,0,0,0,0,0,0,inatencion,1,0.49,2,0
189,5650,8,3,3982,1,0,0,0,0,0,0,0,inatencion,1,0.38,3,0
189,5651,13,2,2105,3,0,0,0,0,0,0,0,aleatorio,1,0.28,4,0
189,5652,2,4,5098,1,1,1,0,0,0,0,2,inatencion,1,0.17,5,0
189,5653,5,2,2631,1,0,0,0,1,0,0,0,procedimiento,0,0.66,0,0
189,5654,14,1,1667,1,1,1,1,0,0,0,0,aleatorio,0,0.55,1,0
189,5655,4,1,1979,3,0,0,1,0,0,0,1,aleatorio,1,0.45,2,0
189,5656,3,2,2399,1,0,0,0,0,0,0,0,inatencion,1,0.34,3,0
189,5657,2,3,4073,1,1,2,0,0,0,0,0,aleatorio,1,0.23,4,0
189,5658,3,2,2577,1,0,0,0,0,0,0,0,inatencion,1,0.15,5,0
189,5659,14,4,3714,2,0,0,0,0,0,0,0,inatencion,1,0.15,6,0
189,5660,16,2,3227,1,0,0,0,1,0,0,0,procedimiento,0,0.61,0,0
189,5661,17,3,3767,2,0,0,0,0,0,0,0,procedimiento,0,0.5,1,0
189,5662,6,1,2132,1,0,0,0,0,0,0,1,procedimiento,1,0.39,2,0
189,5663,11,1,2714,1,1,1,0,1,3,0,0,procedimiento,0,0.59,0,0
189,5664,1,1,2549,1,0,0,0,0,1,0,0,inatencion,0,0.48,1,0
189,5665,14,2,2740,1,0,0,0,0,0,0,3,procedimiento,1,0.37,2,0
189,5666,17,1,2174,1,1,0,0,0,0,0,1,inatencion,1,0.26,3,0
189,5667,16,4,4406,1,1,0,0,0,1,0,0,inatencion,1,0.16,4,0
189,5668,12,4,4571,1,0,0,0,0,2,0,1,inatencion,1,0.15,5,0
189,5669,4,2,3827,2,0,0,0,0,1,0,1,inatencion,1,0.15,6,0
189,5670,17,1,2374,2,0,0,0,0,1,0,1,inatencion,1,0.15,7,0
190,5671,5,2,3186,1,1,0,0,1,0,0,0,procedimiento,0,0.9,0,0
190,5672,18,2,2526,1,0,0,0,1,0,0,0,procedimiento,0,0.89,0,0
190,5673,4,2,3210,1,1,1,0,1,0,0,0,procedimiento,0,0.88,0,0
190,5674,18,2,2336,1,1,0,0,1,0,0,0,procedimiento,0,0.88,0,0
190,5675,11,2,3346,1,0,0,0,0,0,0,0,inatencion,0,0.77,1,0
190,5676,12,1,1954,1,0,0,1,1,0,0,0,procedimiento,0,0.86,0,0
190,5677,15,3,3803,3,1,0,0,0,0,0,0,conceptual,0,0.75,1,0
190,5678,12,1,1833,1,0,0,1,1,0,0,0,procedimiento,0,0.84,0,0
190,5679,11,3,4163,1,1,2,0,0,0,0,0,inatencion,0,0.73,1,0
190,5680,8,2,2422,1,0,0,0,0,0,0,0,aleatorio,1,0.62,2,0
190,5681,19,2,2583,1,0,0,0,1,0,0,0,procedimiento,0,0.81,0,0
190,5682,13,3,4032,1,0,0,0,1,0,0,0,procedimiento,0,0.8,0,0
190,5683,18,4,5824,1,1,0,0,0,0,0,0,procedimiento,0,0.69,1,0
190,5684,6,2,3661,3,1,0,0,0,0,0,1,procedimiento,1,0.58,2,0
190,5685,11,1,2573,1,0,0,0,0,0,0,1,inatencion,1,0.4,3,0
190,5686,1,2,2649,1,0,0,0,1,0,0,0,procedimiento,0,0.77,0,0
190,5687,10,2,3082,1,0,0,0,1,0,0,0,procedimiento,0,0.76,0,0
190,5688,15,1,1783,1,0,0,1,0,0,0,0,aleatorio,0,0.65,1,0
190,5689,15,3,3361,1,0,0,0,0,0,0,0,consigna,1,0.54,2,0
190,5690,10,1,1768,1,0,0,1,1,0,0,0,procedimiento,0,0.73,0,0
190,5691,13,4,6014,1,0,0,0,1,0,0,0,procedimiento,0,0.72,0,0
190,5692,17,1,3082,1,0,0,0,1,0,0,0,procedimiento,0,0.71,0,0
190,5693,2,2,4268,2,0,0,0,0,0,0,0,conceptual,0,0.6,1,0
190,5694,9,4,6896,1,1,0,0,1,0,0,0,procedimiento,0,0.69,0,0
190,5695,9,2,4740,1,0,0,0,1,0,0,0,procedimiento,0,0.69,0,0
190,5696,3,2,4296,2,0,0,0,0,0,0,0,inatencion,0,0.58,1,0
190,5697,1,2,3404,1,1,0,0,1,0,0,0,procedimiento,0,0.67,0,0
190,5698,10,2,3164,1,0,0,0,0,0,0,0,conceptual,0,0.56,1,0
190,5699,16,4,5540,1,1,1,0,0,0,0,2,procedimiento,1,0.45,2,0
190,5700,15,4,5655,2,1,0,0,0,0,0,0,inatencion,1,0.34,3,0
191,5701,4,1,2250,1,0,0,0,1,1,0,0,procedimiento,0,0.56,0,0
191,5702,5,3,3177,1,1,1,0,0,1,0,0,inatencion,0,0.45,1,0
191,5703,6,4,4208,1,0,0,0,1,1,0,0,procedimiento,0,0.55,0,0
191,5704,2,1,1782,1,0,0,1,0,0,0,0,aleatorio,0,0.44,1,0
191,5705,14,4,4523,1,1,0,0,1,3,0,0,procedimiento,0,0.54,0,0
191,5706,10,3,3202,1,1,0,0,0,0,0,0,procedimiento,0,0.43,1,0
191,5707,12,3,3327,1,0,0,0,0,1,0,1,conceptual,1,0.33,2,0
191,5708,19,4,5884,1,1,3,0,1,2,0,0,procedimiento,0,0.52,0,0
191,5709,7,2,3248,2,1,0,0,0,0,0,0,procedimiento,0,0.41,1,0
191,5710,1,2,3845,2,0,0,0,0,5,0,1,inatencion,1,0.31,2,0
191,5711,7,3,3043,1,0,0,0,0,2,0,0,inatencion,1,0.2,3,0
191,5712,15,4,4621,1,0,0,0,0,1,389,1,aleatorio,1,0.15,4,0
191,5713,19,1,2770,2,1,1,0,0,1,228,0,inatencion,1,0.15,5,0
191,5714,15,1,2456,1,0,0,0,1,1,704,0,procedimiento,1,0.49,0,0
191,5715,10,3,3166,1,1,0,0,0,1,213,0,inatencion,1,0.38,1,0
191,5716,10,3,3969,2,1,0,0,0,1,1014,0,conceptual,1,0.28,2,0
191,5717,3,1,2054,1,0,0,0,1,2,247,0,procedimiento,1,0.47,0,0
191,5718,6,1,2391,1,0,0,0,0,3,519,0,consigna,1,0.36,1,0
191,5719,2,3,4258,1,1,0,0,0,1,340,3,consigna,1,0.26,2,0
191,5720,13,2,3207,1,0,0,0,1,2,56,0,procedimiento,1,0.45,0,0
191,5721,19,3,5012,2,1,1,0,0,2,169,0,procedimiento,1,0.35,1,0
191,5722,7,2,3544,1,0,0,0,0,4,275,1,consigna,1,0.24,2,0
191,5723,2,2,4435,2,1,1,0,0,0,227,0,inatencion,1,0.15,3,0
191,5724,5,2,2934,2,0,0,0,0,2,62,1,inatencion,1,0.15,4,0
191,5725,19,2,4901,1,0,0,0,1,1,220,0,procedimiento,1,0.43,0,0
191,5726,9,3,3467,1,1,0,0,0,5,92,0,consigna,1,0.32,1,0
191,5727,3,2,3422,1,0,0,0,1,2,1303,0,procedimiento,1,0.41,0,0
191,5728,15,2,3612,1,0,0,0,0,0,280,0,conceptual,1,0.31,1,0
191,5729,9,3,6356,1,0,0,0,1,2,188,0,procedimiento,1,0.4,0,0
191,5730,7,1,2758,1,1,0,0,0,0,59,0,conceptual,1,0.3,1,0
192,5731,3,2,4579,1,0,0,0,1,0,0,0,procedimiento,0,0.81,0,0
192,5732,7,3,3810,1,0,0,0,0,0,0,0,procedimiento,0,0.7,1,0
192,5733,8,3,4593,1,1,2,0,1,0,0,0,procedimiento,0,0.79,0,0
192,5734,8,3,5891,1,0,0,0,0,0,0,0,aleatorio,0,0.68,1,0
192,5735,1,1,3039,1,0,0,0,0,0,0,0,conceptual,1,0.58,2,0
192,5736,7,1,3127,1,0,0,0,1,0,0,0,procedimiento,0,0.77,0,0
192,5737,19,2,4010,3,0,0,0,0,0,0,0,procedimiento,0,0.66,1,0
192,5738,18,1,2190,1,0,0,0,1,0,0,0,procedimiento,0,0.75,0,0
192,5739,5,1,3242,1,0,0,0,1,0,0,0,procedimiento,0,0.74,0,0
192,5740,1,1,2207,1,0,0,0,1,0,0,0,procedimiento,0,0.73,0,0
192,5741,12,1,3298,1,1,0,0,1,0,0,0,procedimiento,0,0.73,0,0
192,5742,9,2,4624,1,1,1,0,0,0,0,0,consigna,0,0.62,1,0
192,5743,14,2,3552,1,1,0,0,1,0,0,0,procedimiento,0,0.71,0,0
192,5744,17,2,3741,1,1,0,0,0,0,0,0,procedimiento,0,0.6,1,0
192,5745,16,1,3161,1,0,0,0,1,0,0,0,procedimiento,0,0.69,0,0
192,5746,19,4,5272,1,0,0,0,0,0,0,0,consigna,0,0.59,1,0
192,5747,5,4,5083,2,0,0,0,0,0,0,1,inatencion,1,0.48,2,0
192,5748,18,3,4426,1,1,0,0,1,0,0,0,procedimiento,0,0.67,0,0
192,5749,16,4,6493,3,1,1,0,0,0,0,0,inatencion,0,0.56,1,0
192,5750,9,1,2233,1,1,0,0,1,0,0,0,procedimiento,0,0.65,0,0
192,5751,17,2,4821,1,0,0,0,0,0,0,0,procedimiento,0,0.55,1,0
192,5752,19,3,5380,1,0,0,0,0,0,0,2,procedimiento,1,0.44,2,0
192,5753,1,3,7085,1,0,0,0,1,0,0,0,procedimiento,0,0.63,0,0
192,5754,18,3,5510,1,0,0,0,0,0,0,0,aleatorio,0,0.52,1,0
192,5755,15,2,5073,3,1,0,0,0,0,0,0,inatencion,1,0.41,2,0
192,5756,11,4,8903,1,0,0,0,1,0,0,0,procedimiento,0,0.61,0,0
192,5757,1,1,3555,1,0,0,0,1,2,0,0,procedimiento,0,0.6,0,0
192,5758,19,1,3301,2,0,0,0,0,1,0,0,inatencion,0,0.49,1,0
192,5759,17,2,3834,1,0,0,0,1,4,0,0,procedimiento,0,0.58,0,0
192,5760,8,3,6501,3,0,0,0,0,3,0,0,inatencion,0,0.47,1,0
193,5761,17,3,2540,1,0,0,0,0,0,0,0,procedimiento,0,0.8,1,0
193,5762,17,3,2969,1,1,0,0,0,0,0,0,consigna,1,0.69,2,0
193,5763,10,2,2499,1,0,0,0,0,0,0,0,aleatorio,1,0.4,3,0
193,5764,14,3,3017,1,0,0,0,0,0,0,1,inatencion,1,0.4,4,0
193,5765,3,1,1790,2,0,0,1,0,0,0,1,inatencion,1,0.36,5,0
193,5766,15,1,1483,1,0,0,1,0,0,0,0,aleatorio,1,0.25,6,0
193,5767,3,3,3356,1,1,0,0,0,0,0,0,inatencion,1,0.15,7,0
193,5768,10,4,4277,3,0,0,0,0,0,0,0,inatencion,1,0.15,8,0
193,5769,13,2,1918,2,0,0,1,0,0,0,1,inatencion,1,0.15,9,0
193,5770,2,1,1473,1,1,2,1,0,0,0,1,inatencion,1,0.15,10,0
193,5771,7,2,2079,1,0,0,0,1,0,0,0,procedimiento,0,0.81,0,0
193,5772,12,2,2319,2,1,0,0,0,0,0,0,conceptual,0,0.7,1,0
193,5773,8,2,2803,2,0,0,0,0,0,0,1,conceptual,1,0.59,2,0
193,5774,2,1,1803,1,0,0,1,1,0,0,0,procedimiento,0,0.78,0,0
193,5775,5,2,2459,2,0,0,0,0,0,0,0,procedimiento,0,0.67,1,0
193,5776,4,3,2908,1,1,0,0,0,0,0,0,consigna,1,0.56,2,0
193,5777,5,3,2867,1,0,0,0,1,0,0,0,procedimiento,0,0.76,0,0
193,5778,11,1,1989,1,0,0,1,1,0,0,0,procedimiento,0,0.75,0,0
193,5779,11,4,2938,1,0,0,0,0,0,0,0,procedimiento,0,0.64,1,0
193,5780,7,3,2867,2,0,0,0,0,0,0,0,procedimiento,1,0.53,2,0
193,5781,15,4,3643,1,0,0,0,0,0,0,0,inatencion,1,0.4,3,0
193,5782,8,2,2673,1,0,0,0,1,0,0,0,procedimiento,0,0.71,0,0
193,5783,6,3,3052,1,0,0,0,0,0,0,0,conceptual,0,0.6,1,0
193,5784,12,1,2292,1,0,0,0,1,0,0,0,procedimiento,0,0.69,0,0
193,5785,11,3,3760,1,0,0,0,1,0,0,0,procedimiento,0,0.68,0,0
193,5786,19,1,1622,1,0,0,1,1,0,0,0,procedimiento,0,0.67,0,0
193,5787,1,2,2853,1,1,0,0,1,0,0,0,procedimiento,0,0.67,0,0
193,5788,5,3,4309,1,0,0,0,1,0,0,0,procedimiento,0,0.66,0,0
193,5789,13,1,2310,1,0,0,0,1,0,0,0,procedimiento,0,0.65,0,0
193,5790,13,3,4037,1,1,0,0,0,0,0,0,procedimiento,0,0.54,1,0
194,5791,10,2,2167,1,0,0,0,1,0,0,0,procedimiento,0,0.76,0,0
194,5792,13,1,1947,1,1,1,1,1,0,0,0,procedimiento,0,0.75,0,0
194,5793,11,1,1494,1,0,0,1,1,0,0,0,procedimiento,0,0.74,0,0
194,5794,11,4,3967,1,0,0,0,1,0,0,0,procedimiento,0,0.74,0,0
194,5795,4,4,4028,2,0,0,0,0,0,0,0,procedimiento,0,0.63,1,0
194,5796,1,3,2744,2,0,0,0,0,0,0,1,conceptual,1,0.52,2,0
194,5797,10,2,2287,1,0,0,0,1,0,0,0,procedimiento,0,0.71,0,0
194,5798,4,2,2771,1,0,0,0,1,0,0,0,procedimiento,0,0.71,0,0
194,5799,11,2,2374,2,0,0,0,0,0,0,0,procedimiento,0,0.6,1,0
194,5800,19,3,3187,2,0,0,0,0,0,0,0,inatencion,1,0.49,2,0
194,5801,9,3,2865,1,1,0,0,0,0,0,0,inatencion,1,0.38,3,0
194,5802,12,2,1765,1,1,1,1,1,0,0,0,procedimiento,0,0.67,0,0
194,5803,13,3,3026,2,0,0,0,0,0,0,0,inatencion,0,0.57,1,0
194,5804,7,3,2838,1,0,0,0,1,0,0,0,procedimiento,0,0.66,0,0
194,5805,15,3,2024,1,1,0,0,1,0,0,0,procedimiento,0,0.65,0,0
194,5806,14,2,1828,2,0,0,1,0,0,0,0,aleatorio,0,0.54,1,0
194,5807,2,2,2262,1,0,0,0,1,0,0,0,procedimiento,0,0.64,0,0
194,5808,18,3,2992,1,0,0,0,0,0,0,0,procedimiento,0,0.53,1,0
194,5809,14,3,2818,1,1,0,0,1,0,0,0,procedimiento,0,0.62,0,0
194,5810,13,3,2048,1,1,0,0,0,0,0,0,consigna,0,0.51,1,0
194,5811,13,1,1409,1,0,0,1,0,0,0,1,inatencion,1,0.41,2,0
194,5812,8,2,2451,2,1,0,0,0,1,0,1,inatencion,1,0.3,3,0
194,5813,5,1,2218,1,0,0,0,1,1,0,0,procedimiento,0,0.59,0,0
194,5814,2,1,2723,1,1,0,0,1,1,0,0,procedimiento,0,0.58,0,0
194,5815,2,2,2752,1,0,0,0,1,0,0,0,procedimiento,0,0.58,0,0
194,5816,1,2,2362,1,1,0,0,1,1,0,0,procedimiento,0,0.57,0,0
194,5817,9,1,2089,2,0,0,0,0,1,0,0,inatencion,0,0.46,1,0
194,5818,7,4,5214,1,0,0,0,0,1,0,2,conceptual,1,0.35,2,0
194,5819,18,2,2566,1,1,0,0,0,0,0,1,aleatorio,1,0.25,3,0
194,5820,10,2,1676,1,0,0,1,1,1,0,0,procedimiento,0,0.54,0,0
195,5821,11,4,4715,1,1,1,0,1,0,0,0,procedimiento,0,0.8,0,0
195,5822,17,1,2435,1,0,0,0,0,0,0,0,procedimiento,0,0.7,1,0
195,5823,14,1,2167,1,0,0,0,1,0,0,0,procedimiento,0,0.79,0,0
195,5824,17,3,2865,1,1,2,0,0,0,0,0,conceptual,0,0.68,1,0
195,5825,18,2,2345,2,1,0,0,0,0,0,0,inatencion,1,0.57,2,0
195,5826,6,2,3264,2,1,1,0,0,0,0,0,inatencion,1,0.4,3,0
195,5827,9,3,3008,3,1,0,0,0,0,0,0,inatencion,1,0.35,4,0
195,5828,11,2,2693,1,0,0,0,1,0,0,0,procedimiento,0,0.75,0,0
195,5829,8,3,2862,1,0,0,0,0,0,0,0,consigna,0,0.64,1,0
195,5830,14,2,3494,1,0,0,0,0,0,0,0,inatencion,1,0.53,2,0
195,5831,8,2,2761,1,0,0,0,1,0,0,0,procedimiento,0,0.72,0,0
195,5832,4,2,2344,1,0,0,0,1,0,0,0,procedimiento,0,0.71,0,0
195,5833,14,2,2718,3,0,0,0,0,0,0,0,inatencion,0,0.61,1,0
195,5834,16,3,4537,1,0,0,0,0,0,0,1,procedimiento,1,0.5,2,0
195,5835,9,3,4057,2,0,0,0,0,0,0,1,inatencion,1,0.39,3,0
195,5836,1,1,2566,2,0,0,0,0,0,0,0,inatencion,1,0.28,4,0
195,5837,7,4,5803,1,1,2,0,0,0,0,0,inatencion,1,0.17,5,0
195,5838,14,1,2171,3,0,0,0,0,0,0,1,inatencion,1,0.15,6,0
195,5839,2,2,3143,1,1,0,0,0,0,0,0,aleatorio,1,0.15,7,0
195,5840,6,3,3385,1,0,0,0,0,0,0,1,inatencion,1,0.15,8,0
195,5841,15,4,4379,1,0,0,0,0,0,0,0,inatencion,1,0.15,9,0
195,5842,11,4,6219,1,1,2,0,0,0,0,2,inatencion,1,0.15,10,0
195,5843,6,2,3946,1,1,1,0,0,0,0,1,inatencion,1,0.15,11,0
195,5844,2,1,2812,1,0,0,0,1,0,0,0,procedimiento,0,0.62,0,0
195,5845,1,3,6437,3,1,0,0,0,0,0,0,consigna,0,0.51,1,0
195,5846,16,2,2906,2,1,0,0,0,0,0,0,conceptual,1,0.4,2,0
195,5847,17,3,5544,2,0,0,0,0,1,0,2,inatencion,1,0.29,3,0
195,5848,11,1,3106,1,0,0,0,1,1,0,0,procedimiento,0,0.59,0,0
195,5849,12,3,4491,3,1,0,0,0,2,0,0,consigna,0,0.48,1,0
195,5850,10,4,7599,1,0,0,0,1,1,0,0,procedimiento,0,0.57,0,0
196,5851,9,3,2140,2,1,0,0,0,0,0,0,procedimiento,0,0.77,1,0
196,5852,11,3,3224,1,0,0,0,0,0,0,0,aleatorio,1,0.66,2,0
196,5853,15,4,3070,1,0,0,0,0,0,0,0,inatencion,1,0.4,3,0
196,5854,1,3,3029,3,1,0,0,0,0,0,1,aleatorio,1,0.4,4,0
196,5855,17,4,3707,1,0,0,0,0,0,0,0,inatencion,1,0.34,5,0
196,5856,7,2,2590,1,0,0,0,0,0,0,1,inatencion,1,0.23,6,0
196,5857,19,3,2424,2,0,0,0,0,0,0,0,aleatorio,1,0.15,7,0
196,5858,10,2,2206,1,1,2,0,0,0,0,0,inatencion,1,0.15,8,0
196,5859,4,3,2186,1,0,0,0,1,0,0,0,procedimiento,0,0.8,0,0
196,5860,6,2,1610,1,0,0,1,1,0,0,0,procedimiento,0,0.8,0,0
196,5861,13,2,1691,2,1,0,1,0,0,0,0,aleatorio,0,0.69,1,0
196,5862,4,2,2083,1,0,0,0,1,0,0,0,procedimiento,0,0.78,0,0
196,5863,13,2,1966,1,0,0,1,0,0,0,0,inatencion,0,0.67,1,0
196,5864,3,1,1135,1,0,0,1,1,0,0,0,procedimiento,0,0.76,0,0
196,5865,15,2,1954,2,1,0,1,0,0,0,0,aleatorio,0,0.65,1,0
196,5866,7,1,1430,1,0,0,1,1,0,0,0,procedimiento,0,0.74,0,0
196,5867,9,2,2461,1,0,0,0,1,0,0,0,procedimiento,0,0.73,0,0
196,5868,17,4,2876,2,1,0,0,0,0,0,0,procedimiento,0,0.63,1,0
196,5869,13,2,1796,2,1,0,1,0,0,0,0,aleatorio,1,0.52,2,0
196,5870,9,1,1788,3,0,0,1,0,0,0,1,inatencion,1,0.4,3,0
196,5871,15,2,1830,1,0,0,1,0,0,0,1,inatencion,1,0.3,4,0
196,5872,2,3,3275,3,1,0,0,0,0,0,0,aleatorio,1,0.19,5,0
196,5873,17,3,3862,2,0,0,0,0,0,0,0,inatencion,1,0.15,6,0
196,5874,4,3,4077,1,0,0,0,1,0,0,0,procedimiento,0,0.67,0,0
196,5875,5,1,1816,1,0,0,1,1,0,0,0,procedimiento,0,0.66,0,0
196,5876,15,4,3809,1,0,0,0,0,0,0,0,consigna,0,0.56,1,0
196,5877,7,4,3815,1,0,0,0,1,0,0,0,procedimiento,0,0.65,0,0
196,5878,16,4,4379,1,0,0,0,0,0,0,0,procedimiento,0,0.54,1,0
196,5879,18,2,2524,2,0,0,0,0,0,0,0,procedimiento,1,0.43,2,0
196,5880,6,3,2765,2,1,0,0,0,0,0,0,inatencion,1,0.32,3,0
197,5881,10,2,2795,1,1,0,0,0,0,0,0,consigna,0,0.78,1,0
197,5882,16,3,3878,1,1,0,0,1,0,0,0,procedimiento,0,0.87,0,0
197,5883,17,4,4025,2,0,0,0,0,0,0,0,inatencion,0,0.76,1,0
197,5884,19,3,3658,1,0,0,0,1,0,0,0,procedimiento,0,0.85,0,0
197,5885,9,2,2592,2,0,0,0,0,0,0,0,inatencion,0,0.74,1,0
197,5886,1,2,2940,1,0,0,0,1,0,0,0,procedimiento,0,0.83,0,0
197,5887,4,1,1616,1,0,0,1,1,0,0,0,procedimiento,0,0.83,0,0
197,5888,19,2,2035,1,1,0,0,1,0,0,0,procedimiento,0,0.82,0,0
197,5889,15,4,3488,1,0,0,0,1,0,0,0,procedimiento,0,0.81,0,0
197,5890,17,2,2608,1,0,0,0,1,0,0,0,procedimiento,0,0.8,0,0
197,5891,13,2,2531,1,0,0,0,1,0,0,0,procedimiento,0,0.79,0,0
197,5892,8,2,2084,1,1,1,0,1,0,0,0,procedimiento,0,0.78,0,0
197,5893,1,2,1960,1,0,0,1,1,0,0,0,procedimiento,0,0.77,0,0
197,5894,14,1,2114,1,1,0,0,1,0,0,0,procedimiento,0,0.76,0,0
197,5895,17,2,2456,2,0,0,0,0,0,0,0,conceptual,0,0.66,1,0
197,5896,7,1,1664,1,0,0,1,1,0,0,0,procedimiento,0,0.75,0,0
197,5897,8,1,1765,1,0,0,1,1,0,0,0,procedimiento,0,0.74,0,0
197,5898,4,3,3751,1,0,0,0,1,0,0,0,procedimiento,0,0.73,0,0
197,5899,10,1,1721,1,1,0,1,1,0,0,0,procedimiento,0,0.72,0,0
197,5900,5,2,2759,1,1,0,0,1,0,0,0,procedimiento,0,0.71,0,0
197,5901,10,2,2363,1,0,0,0,1,0,0,0,procedimiento,0,0.7,0,0
197,5902,4,4,6430,3,1,0,0,0,0,0,0,procedimiento,0,0.59,1,0
197,5903,5,1,2031,1,0,0,0,1,0,0,0,procedimiento,0,0.68,0,0
197,5904,18,1,2624,1,0,0,0,1,0,0,0,procedimiento,0,0.68,0,0
197,5905,3,4,4449,1,0,0,0,1,0,0,0,procedimiento,0,0.67,0,0
197,5906,19,2,2951,1,0,0,0,1,0,0,0,procedimiento,0,0.66,0,0
197,5907,10,1,1762,1,0,0,1,1,0,0,0,procedimiento,0,0.65,0,0
197,5908,16,3,3320,3,1,0,0,0,0,0,0,consigna,0,0.54,1,0
197,5909,18,4,4496,2,0,0,0,0,0,0,0,procedimiento,1,0.43,2,0
197,5910,10,3,3453,1,1,0,0,1,0,0,0,procedimiento,0,0.62,0,0
198,5911,14,1,1378,1,0,0,1,1,4,376,0,procedimiento,1,0.42,0,0
198,5912,5,1,2031,1,0,0,0,0,0,287,0,procedimiento,1,0.32,1,0
198,5913,19,4,3766,1,1,0,0,1,2,207,0,procedimiento,1,0.41,0,0
198,5914,19,1,1362,1,0,0,1,1,1,266,0,procedimiento,1,0.41,0,0
198,5915,14,4,3801,1,0,0,0,1,0,236,0,procedimiento,1,0.41,0,0
198,5916,10,3,2215,1,0,0,0,1,1,939,0,procedimiento,1,0.4,0,0
198,5917,7,4,3868,1,0,0,0,1,2,312,2,procedimiento,1,0.4,0,0
198,5918,12,2,1697,1,0,0,1,1,4,201,0,procedimiento,1,0.39,0,0
198,5919,6,3,2292,1,1,0,0,1,2,1002,1,procedimiento,1,0.39,0,0
198,5920,4,2,2781,1,0,0,0,1,4,100,1,procedimiento,1,0.39,0,0
198,5921,10,3,2363,1,1,0,0,1,2,72,0,procedimiento,1,0.38,0,0
198,5922,9,2,2178,1,0,0,0,1,3,816,1,procedimiento,1,0.38,0,0
198,5923,15,3,3744,2,0,0,0,0,0,963,4,conceptual,1,0.27,1,0
198,5924,15,2,2201,1,1,0,0,1,3,622,0,procedimiento,1,0.37,0,0
198,5925,5,4,4289,1,1,0,0,0,6,1670,1,procedimiento,1,0.26,1,0
198,5926,16,3,2284,1,1,1,0,1,2,155,0,procedimiento,1,0.36,0,0
198,5927,1,3,2283,1,1,1,0,0,5,21,2,conceptual,1,0.26,1,0
198,5928,1,3,2465,1,0,0,0,1,1,89,2,procedimiento,1,0.35,0,0
198,5929,11,2,2810,1,1,1,0,1,2,121,0,procedimiento,1,0.35,0,0
198,5930,13,4,4456,2,1,1,0,0,1,275,2,consigna,1,0.24,1,0
198,5931,15,1,1415,1,0,0,1,1,5,703,0,procedimiento,1,0.34,0,0
198,5932,5,3,2557,2,1,0,0,0,0,618,0,inatencion,1,0.23,1,0
198,5933,9,4,4325,2,1,0,0,0,1,38,1,procedimiento,1,0.15,2,0
198,5934,13,2,2821,1,0,0,0,1,3,532,1,procedimiento,1,0.33,0,0
198,5935,12,4,3634,1,1,1,0,1,1,883,1,procedimiento,1,0.32,0,0
198,5936,16,1,2982,1,0,0,0,1,4,640,2,procedimiento,1,0.32,0,0
198,5937,12,1,2057,1,0,0,0,1,3,107,1,procedimiento,1,0.31,0,0
198,5938,13,2,2191,2,0,0,0,0,0,155,2,inatencion,1,0.21,1,0
198,5939,10,4,3797,1,0,0,0,1,1,462,1,procedimiento,1,0.3,0,0
198,5940,16,2,3147,1,0,0,0,0,2,1497,2,inatencion,1,0.2,1,0
199,5941,10,2,2624,1,0,0,0,0,0,0,0,inatencion,0,0.55,1,0
199,5942,10,2,2836,1,0,0,0,0,0,0,0,procedimiento,1,0.44,2,0
199,5943,4,1,1614,1,0,0,1,0,0,0,1,aleatorio,1,0.34,3,0
199,5944,1,2,1786,1,0,0,1,0,0,0,0,aleatorio,1,0.23,4,0
199,5945,1,1,2080,2,0,0,0,0,0,0,0,aleatorio,1,0.15,5,0
199,5946,12,1,1308,1,1,3,1,0,0,0,3,inatencion,1,0.15,6,0
199,5947,8,3,3546,1,0,0,0,0,0,0,3,aleatorio,1,0.15,7,0
199,5948,12,2,2000,1,0,0,0,1,0,0,0,procedimiento,0,0.6,0,0
199,5949,2,2,2265,1,0,0,0,0,4,0,0,procedimiento,0,0.5,1,0
199,5950,10,2,1905,1,0,0,1,1,0,0,0,procedimiento,0,0.59,0,0
199,5951,4,2,2365,1,1,0,0,0,1,0,0,inatencion,0,0.48,1,0
199,5952,18,1,2044,1,0,0,0,1,3,0,0,procedimiento,0,0.58,0,0
199,5953,11,2,2302,1,0,0,0,1,0,0,0,procedimiento,0,0.57,0,0
199,5954,17,3,3103,1,0,0,0,0,4,0,0,consigna,0,0.46,1,0
199,5955,13,3,3428,2,0,0,0,0,1,0,0,procedimiento,1,0.36,2,0
199,5956,13,2,1761,1,1,0,1,1,2,0,0,procedimiento,0,0.55,0,0
199,5957,1,3,3048,2,1,0,0,0,3,0,0,consigna,0,0.44,1,0
199,5958,15,4,4203,1,0,0,0,1,1,0,0,procedimiento,0,0.54,0,0
199,5959,5,3,3491,1,1,0,0,0,1,0,0,inatencion,0,0.43,1,0
199,5960,15,2,2723,3,0,0,0,0,0,0,2,consigna,1,0.33,2,0
199,5961,6,1,1289,2,1,1,1,0,2,0,0,aleatorio,1,0.22,3,0
199,5962,13,1,2029,1,0,0,0,1,1,0,0,procedimiento,0,0.51,0,0
199,5963,11,4,4661,2,0,0,0,0,3,0,0,aleatorio,0,0.41,1,0
199,5964,19,4,4740,2,1,1,0,0,2,704,1,inatencion,1,0.3,2,0
199,5965,3,2,2123,1,0,0,0,0,5,719,1,inatencion,1,0.19,3,0
199,5966,3,2,3980,3,1,0,0,0,2,242,0,aleatorio,1,0.15,4,0
199,5967,3,2,3200,1,0,0,0,0,3,368,1,aleatorio,1,0.15,5,0
199,5968,5,1,1958,1,0,0,1,0,5,79,0,inatencion,1,0.15,6,0
199,5969,9,1,1996,2,0,0,1,0,1,2070,0,aleatorio,1,0.15,7,0
199,5970,3,1,1995,1,0,0,1,0,1,218,0,inatencion,1,0.15,8,0
200,5971,3,4,3149,1,0,0,0,1,0,0,0,procedimiento,0,0.65,0,0
200,5972,4,3,3498,1,1,0,0,1,0,0,0,procedimiento,0,0.64,0,0
200,5973,2,3,3188,1,1,0,0,0,0,0,0,aleatorio,0,0.53,1,0
200,5974,15,4,4207,3,0,0,0,0,0,0,0,procedimiento,1,0.43,2,0
200,5975,10,4,3632,1,0,0,0,0,0,0,1,inatencion,1,0.32,3,0
200,5976,6,1,1606,3,0,0,1,0,0,0,0,aleatorio,1,0.21,4,0
200,5977,8,4,4931,1,0,0,0,0,0,0,0,aleatorio,1,0.15,5,0
200,5978,3,2,2480,1,0,0,0,1,0,0,0,procedimiento,0,0.6,0,0
200,5979,15,2,3093,2,0,0,0,0,3,0,0,procedimiento,0,0.49,1,0
200,5980,4,2,2257,1,0,0,0,1,0,0,0,procedimiento,0,0.59,0,0
200,5981,6,2,2535,1,0,0,0,1,3,0,0,procedimiento,0,0.58,0,0
200,5982,9,2,2172,1,1,0,0,1,1,0,0,procedimiento,0,0.58,0,0
200,5983,12,2,2919,1,1,1,0,1,0,0,0,procedimiento,0,0.57,0,0
200,5984,2,3,2504,2,0,0,0,0,0,0,0,procedimiento,0,0.46,1,0
200,5985,8,2,2949,1,1,0,0,0,2,0,1,conceptual,1,0.36,2,0
200,5986,10,3,3074,2,1,2,0,0,1,0,2,aleatorio,1,0.25,3,0
200,5987,15,4,3174,3,1,0,0,0,0,0,1,aleatorio,1,0.15,4,0
200,5988,11,2,2201,1,1,0,0,1,0,0,0,procedimiento,0,0.54,0,0
200,5989,9,3,2921,3,0,0,0,0,1,0,0,aleatorio,0,0.43,1,0
200,5990,11,2,2432,1,0,0,0,1,2,0,0,procedimiento,0,0.52,0,0
200,5991,16,1,2147,1,0,0,0,1,1,0,0,procedimiento,0,0.52,0,0
200,5992,2,2,2341,1,1,0,0,0,2,0,0,conceptual,0,0.41,1,0
200,5993,1,2,2277,2,1,0,0,0,2,0,2,inatencion,1,0.3,2,0
200,5994,3,3,3603,1,0,0,0,1,0,27,0,procedimiento,1,0.5,0,0
200,5995,14,1,2602,1,0,0,0,1,2,1239,0,procedimiento,1,0.49,0,0
200,5996,12,2,2670,3,1,1,0,0,2,556,0,procedimiento,1,0.38,1,0
200,5997,18,1,2406,1,0,0,0,0,2,649,0,consigna,1,0.28,2,0
200,5998,6,1,2303,1,0,0,0,1,2,136,0,procedimiento,1,0.47,0,0
200,5999,5,3,4056,2,0,0,0,0,1,797,0,inatencion,1,0.37,1,0
200,6000,3,3,4544,1,0,0,0,0,1,36,2,conceptual,1,0.26,2,0
201,6001,4,1,2165,1,0,0,0,1,0,0,0,procedimiento,0,0.57,0,0
201,6002,7,1,2547,1,0,0,0,0,3,0,0,inatencion,0,0.46,1,0
201,6003,17,2,4031,1,0,0,0,1,0,0,0,procedimiento,0,0.56,0,0
201,6004,6,1,1777,1,1,1,1,1,0,0,0,procedimiento,0,0.55,0,0
201,6005,2,2,2564,1,1,1,0,1,0,0,0,procedimiento,0,0.54,0,0
201,6006,15,4,5533,1,1,0,0,0,1,0,0,procedimiento,0,0.44,1,0
201,6007,2,2,3406,1,1,0,0,1,4,0,0,procedimiento,0,0.53,0,0
201,6008,6,3,3436,2,1,1,0,0,1,0,0,procedimiento,0,0.43,1,0
201,6009,12,2,3731,1,1,0,0,1,1,0,0,procedimiento,0,0.52,0,0
201,6010,11,4,5013,1,1,0,0,0,2,0,0,inatencion,0,0.42,1,0
201,6011,6,3,4153,3,1,0,0,0,3,0,2,procedimiento,1,0.31,2,0
201,6012,6,4,4197,3,1,2,0,0,0,0,1,aleatorio,1,0.2,3,0
201,6013,7,2,3466,1,1,0,0,0,2,852,1,inatencion,1,0.15,4,0
201,6014,10,2,3877,1,0,0,0,0,2,305,2,inatencion,1,0.15,5,0
201,6015,18,2,3205,1,0,0,0,0,1,120,0,inatencion,1,0.15,6,0
201,6016,19,3,4734,2,0,0,0,0,3,698,3,aleatorio,1,0.15,7,0
201,6017,15,1,2294,1,0,0,0,1,3,1087,0,procedimiento,1,0.48,0,0
201,6018,18,3,3823,1,1,0,0,0,1,171,0,inatencion,1,0.37,1,0
201,6019,5,1,2671,1,0,0,0,1,3,120,0,procedimiento,1,0.46,0,0
201,6020,11,2,3805,2,1,0,0,0,2,141,0,consigna,1,0.36,1,0
201,6021,8,3,4370,2,0,0,0,0,4,335,2,inatencion,1,0.25,2,0
201,6022,14,3,6050,2,1,0,0,0,2,309,0,inatencion,1,0.15,3,0
201,6023,15,4,5159,1,0,0,0,0,1,91,5,aleatorio,1,0.15,4,0
201,6024,3,4,6348,1,1,0,0,0,0,46,3,inatencion,1,0.15,5,0
201,6025,13,3,4606,2,1,0,0,0,4,837,3,inatencion,1,0.15,6,0
201,6026,14,4,7286,2,1,0,0,0,1,487,3,aleatorio,1,0.15,7,0
201,6027,2,4,4968,2,0,0,0,0,2,47,0,inatencion,1,0.15,8,0
201,6028,14,2,4158,1,1,1,0,1,1,20,0,procedimiento,1,0.41,0,0
201,6029,8,2,2666,1,0,0,0,0,1,143,0,procedimiento,1,0.31,1,0
201,6030,8,3,5567,1,1,1,0,0,0,459,1,inatencion,1,0.2,2,0
202,6031,18,2,4379,1,0,0,0,1,0,0,0,procedimiento,0,0.66,0,0
202,6032,7,2,3435,1,0,0,0,1,0,0,0,procedimiento,0,0.66,0,0
202,6033,19,1,2940,2,0,0,0,0,0,0,0,inatencion,0,0.55,1,0
202,6034,9,1,2607,2,0,0,0,0,0,0,0,conceptual,1,0.44,2,0
202,6035,17,2,4185,1,0,0,0,1,0,0,0,procedimiento,0,0.64,0,0
202,6036,11,3,4212,2,0,0,0,0,0,0,0,inatencion,0,0.53,1,0
202,6037,3,4,6234,1,1,1,0,1,0,0,0,procedimiento,0,0.62,0,0
202,6038,17,3,3684,3,0,0,0,0,0,0,0,conceptual,0,0.52,1,0
202,6039,16,2,4267,1,0,0,0,1,0,0,0,procedimiento,0,0.61,0,0
202,6040,5,1,2799,1,0,0,0,0,0,0,0,consigna,0,0.5,1,0
202,6041,2,3,3585,1,0,0,0,1,3,0,0,procedimiento,0,0.6,0,0
202,6042,18,3,3912,1,1,0,0,0,3,0,0,inatencion,0,0.49,1,0
202,6043,13,1,2984,1,0,0,0,1,3,0,0,procedimiento,0,0.58,0,0
202,6044,8,2,4335,1,0,0,0,0,0,0,0,consigna,0,0.48,1,0
202,6045,15,3,5177,1,0,0,0,1,1,0,0,procedimiento,0,0.57,0,0
202,6046,11,2,3381,1,1,1,0,1,0,0,0,procedimiento,0,0.56,0,0
202,6047,7,2,3566,3,1,2,0,0,2,0,0,procedimiento,0,0.46,1,0
202,6048,15,1,2996,1,0,0,0,1,0,0,0,procedimiento,0,0.55,0,0
202,6049,5,2,3732,2,1,1,0,0,3,0,0,consigna,0,0.44,1,0
202,6050,13,2,2658,1,0,0,0,0,0,0,0,consigna,1,0.34,2,0
202,6051,7,3,4124,1,0,0,0,1,1,0,0,procedimiento,0,0.53,0,0
202,6052,19,2,4471,1,0,0,0,1,2,0,0,procedimiento,0,0.52,0,0
202,6053,11,2,3725,1,0,0,0,1,0,0,0,procedimiento,0,0.52,0,0
202,6054,19,2,5896,2,1,1,0,0,0,0,0,conceptual,0,0.41,1,0
202,6055,5,2,3396,1,0,0,0,1,4,0,0,procedimiento,0,0.5,0,0
202,6056,18,1,3459,1,0,0,0,1,0,67,0,procedimiento,1,0.5,0,0
202,6057,4,1,2258,1,0,0,0,1,2,471,0,procedimiento,1,0.49,0,0
202,6058,17,2,4739,2,0,0,0,0,3,232,0,conceptual,1,0.38,1,0
202,6059,16,2,3717,3,0,0,0,0,1,66,0,procedimiento,1,0.28,2,0
202,6060,18,2,4088,1,1,0,0,0,1,411,0,aleatorio,1,0.17,3,0
203,6061,7,2,1775,3,0,0,1,0,0,0,0,inatencion,0,0.64,1,0
203,6062,6,4,3745,3,1,0,0,0,0,0,0,inatencion,1,0.53,2,0
203,6063,8,1,1341,1,0,0,1,1,0,0,0,procedimiento,0,0.72,0,0
203,6064,16,1,1434,1,0,0,1,1,0,0,0,procedimiento,0,0.72,0,0
203,6065,15,2,1984,1,0,0,1,1,0,0,0,procedimiento,0,0.71,0,0
203,6066,11,3,2447,2,0,0,0,0,0,0,0,inatencion,0,0.6,1,0
203,6067,5,4,3606,1,1,0,0,0,0,0,0,inatencion,1,0.49,2,0
203,6068,11,1,1970,1,0,0,1,1,0,0,0,procedimiento,0,0.69,0,0
203,6069,19,4,4353,1,0,0,0,1,0,0,0,procedimiento,0,0.68,0,0
203,6070,4,3,3447,1,1,0,0,1,0,0,0,procedimiento,0,0.67,0,0
203,6071,1,2,1828,1,0,0,1,1,0,0,0,procedimiento,0,0.66,0,0
203,6072,19,3,2950,1,1,1,0,1,0,0,0,procedimiento,0,0.66,0,0
203,6073,4,3,2193,1,0,0,0,1,0,0,0,procedimiento,0,0.65,0,0
203,6074,17,2,2552,1,0,0,0,0,0,0,0,inatencion,0,0.54,1,0
203,6075,5,2,1743,1,0,0,1,1,0,0,0,procedimiento,0,0.64,0,0
203,6076,12,3,2893,2,0,0,0,0,0,0,0,procedimiento,0,0.53,1,0
203,6077,5,2,2207,1,0,0,0,1,0,0,0,procedimiento,0,0.62,0,0
203,6078,14,2,1638,1,0,0,1,1,0,0,0,procedimiento,0,0.61,0,0
203,6079,19,4,4193,3,0,0,0,0,0,0,0,inatencion,0,0.51,1,0
203,6080,13,1,1821,1,0,0,1,1,1,0,0,procedimiento,0,0.6,0,0
203,6081,8,2,2693,1,1,0,0,1,3,0,0,procedimiento,0,0.59,0,0
203,6082,15,4,4186,1,0,0,0,0,2,0,0,conceptual,0,0.48,1,0
203,6083,16,4,4065,2,0,0,0,0,2,0,0,consigna,1,0.38,2,0
203,6084,19,4,4264,3,1,0,0,0,0,0,1,inatencion,1,0.27,3,0
203,6085,7,2,2406,1,1,0,0,1,1,0,0,procedimiento,0,0.56,0,0
203,6086,15,2,2445,1,0,0,0,0,2,0,0,aleatorio,0,0.45,1,0
203,6087,4,3,3744,1,0,0,0,1,0,0,0,procedimiento,0,0.55,0,0
203,6088,10,1,2680,1,1,0,0,1,1,0,0,procedimiento,0,0.54,0,0
203,6089,14,4,3664,1,1,0,0,0,3,0,0,procedimiento,0,0.43,1,0
203,6090,7,1,1989,1,0,0,1,0,0,0,2,inatencion,1,0.32,2,0
204,6091,7,4,5730,1,0,0,0,1,0,952,0,procedimiento,1,0.42,0,0
204,6092,8,4,6349,1,0,0,0,1,3,898,0,procedimiento,1,0.41,0,0
204,6093,10,4,5282,1,0,0,0,1,1,1427,0,procedimiento,1,0.41,0,0
204,6094,11,3,5070,2,1,0,0,0,3,478,0,inatencion,1,0.31,1,0
204,6095,14,3,3901,1,0,0,0,0,1,742,1,procedimiento,1,0.2,2,0
204,6096,5,2,2829,2,1,0,0,0,4,464,3,aleatorio,1,0.15,3,0
204,6097,3,3,3393,1,0,0,0,1,3,204,0,procedimiento,1,0.39,0,0
204,6098,7,3,3818,1,1,0,0,1,0,327,0,procedimiento,1,0.39,0,0
204,6099,14,1,2759,1,0,0,0,1,1,2,1,procedimiento,1,0.38,0,0
204,6100,8,2,2581,1,0,0,0,1,3,87,0,procedimiento,1,0.38,0,0
204,6101,13,4,6428,1,0,0,0,1,1,235,2,procedimiento,1,0.38,0,0
204,6102,13,1,2633,1,1,3,0,1,1,2168,0,procedimiento,1,0.37,0,0
204,6103,12,3,3952,1,1,0,0,0,0,24,1,procedimiento,1,0.27,1,0
204,6104,13,3,4412,1,1,0,0,1,0,30,2,procedimiento,1,0.36,0,0
204,6105,13,3,4905,1,0,0,0,0,5,18,1,conceptual,1,0.26,1,0
204,6106,1,4,6704,1,1,0,0,1,2,115,0,procedimiento,1,0.36,0,0
204,6107,18,1,2773,1,0,0,0,1,0,62,0,procedimiento,1,0.35,0,0
204,6108,18,3,3573,1,1,0,0,0,1,262,0,aleatorio,1,0.25,1,0
204,6109,2,3,4123,1,1,1,0,0,2,16,1,inatencion,1,0.15,2,0
204,6110,14,3,5643,2,1,0,0,0,2,308,0,inatencion,1,0.15,3,0
204,6111,4,4,6731,1,1,0,0,1,1,1754,3,procedimiento,1,0.33,0,0
204,6112,10,4,7263,1,1,0,0,0,2,1126,1,conceptual,1,0.23,1,0
204,6113,16,3,4392,1,1,3,0,0,1,439,2,conceptual,1,0.15,2,0
204,6114,16,3,5794,1,0,0,0,1,2,453,2,procedimiento,1,0.32,0,0
204,6115,6,2,2976,3,0,0,0,0,1,858,3,consigna,1,0.22,1,0
204,6116,6,2,5130,1,1,0,0,1,2,205,4,procedimiento,1,0.31,0,0
204,6117,5,2,4006,2,0,0,0,0,3,235,2,procedimiento,1,0.21,1,0
204,6118,2,1,2086,1,0,0,0,1,0,586,1,procedimiento,1,0.31,0,0
204,6119,18,2,3487,3,1,1,0,0,2,10,1,consigna,1,0.2,1,0
204,6120,19,3,4571,1,1,0,0,0,1,761,1,procedimiento,1,0.15,2,0
205,6121,15,1,3323,2,0,0,0,0,2,336,0,conceptual,1,0.35,1,0
205,6122,6,2,4392,1,0,0,0,0,2,25,1,inatencion,1,0.24,2,0
205,6123,18,4,7584,1,0,0,0,0,3,126,1,inatencion,1,0.15,3,0
205,6124,15,1,3003,2,0,0,0,0,0,175,2,aleatorio,1,0.15,4,0
205,6125,8,3,6134,2,1,0,0,0,3,1005,2,aleatorio,1,0.15,5,0
205,6126,13,4,6862,1,0,0,0,1,0,1494,0,procedimiento,1,0.42,0,0
205,6127,3,4,5312,2,1,0,0,0,2,820,0,conceptual,1,0.32,1,0
205,6128,19,2,3825,1,0,0,0,0,1,357,0,conceptual,1,0.21,2,0
205,6129,5,2,3553,2,0,0,0,0,4,469,0,aleatorio,1,0.15,3,0
205,6130,18,3,5868,1,1,0,0,0,1,426,0,inatencion,1,0.15,4,0
205,6131,18,4,7376,2,0,0,0,0,1,217,1,inatencion,1,0.15,5,0
205,6132,19,4,7529,2,0,0,0,0,1,203,1,inatencion,1,0.15,6,0
205,6133,14,2,2960,1,0,0,0,1,3,331,0,procedimiento,1,0.39,0,0
205,6134,6,4,5126,1,0,0,0,0,2,1694,0,conceptual,1,0.29,1,0
205,6135,2,3,3682,2,0,0,0,0,0,151,1,procedimiento,1,0.18,2,0
205,6136,13,2,4508,3,0,0,0,0,4,1647,1,aleatorio,1,0.15,3,0
205,6137,19,1,2556,1,0,0,0,1,0,446,2,procedimiento,1,0.37,0,0
205,6138,15,3,4633,2,0,0,0,0,0,198,2,procedimiento,1,0.27,1,0
205,6139,19,3,3795,2,0,0,0,0,0,356,1,consigna,1,0.17,2,0
205,6140,13,2,2796,1,1,0,0,0,1,1232,0,aleatorio,1,0.15,3,0
205,6141,15,2,3917,3,1,2,0,0,3,111,0,inatencion,1,0.15,4,0
205,6142,2,1,4399,1,0,0,0,1,1,645,3,procedimiento,1,0.35,0,0
205,6143,6,3,6002,2,1,2,0,0,0,2827,1,inatencion,1,0.25,1,0
205,6144,3,2,5879,1,1,0,0,0,1,239,1,conceptual,1,0.15,2,0
205,6145,17,4,9175,1,0,0,0,0,2,668,1,inatencion,1,0.15,3,0
205,6146,1,4,8404,1,1,1,0,1,2,404,2,procedimiento,1,0.33,0,0
205,6147,13,2,5047,1,1,1,0,0,4,27,1,procedimiento,1,0.23,1,0
205,6148,3,1,2309,3,0,0,0,0,2,530,0,conceptual,1,0.15,2,0
205,6149,15,1,3613,2,0,0,0,0,1,1465,2,inatencion,1,0.15,3,0
205,6150,19,3,5312,1,1,0,0,0,1,225,0,inatencion,1,0.15,4,0
206,6151,10,2,1508,3,1,1,1,0,0,0,0,inatencion,0,0.84,1,0
206,6152,15,3,3064,1,0,0,0,1,0,0,0,procedimiento,0,0.93,0,0
206,6153,6,1,1376,1,1,0,1,0,0,0,0,aleatorio,0,0.82,1,0
206,6154,3,4,3253,2,0,0,0,0,0,0,0,inatencion,1,0.72,2,0
206,6155,17,3,2808,1,0,0,0,1,0,0,0,procedimiento,0,0.91,0,0
206,6156,10,1,1678,1,0,0,1,1,0,0,0,procedimiento,0,0.9,0,0
206,6157,2,3,2191,1,1,0,0,0,0,0,0,consigna,0,0.79,1,0
206,6158,9,1,1522,1,0,0,1,1,0,0,0,procedimiento,0,0.88,0,0
206,6159,8,1,1559,1,0,0,1,1,0,0,0,procedimiento,0,0.87,0,0
206,6160,7,2,1753,1,0,0,1,1,0,0,0,procedimiento,0,0.86,0,0
206,6161,12,4,3813,2,0,0,0,0,0,0,0,inatencion,0,0.75,1,0
206,6162,19,3,2839,1,0,0,0,1,0,0,0,procedimiento,0,0.84,0,0
206,6163,7,1,1726,1,0,0,1,1,0,0,0,procedimiento,0,0.83,0,0
206,6164,5,3,2622,1,0,0,0,1,0,0,0,procedimiento,0,0.82,0,0
206,6165,13,2,2333,1,1,0,0,1,0,0,0,procedimiento,0,0.81,0,0
206,6166,10,3,2277,1,0,0,0,1,0,0,0,procedimiento,0,0.8,0,0
206,6167,5,2,1732,1,0,0,1,1,0,0,0,procedimiento,0,0.79,0,0
206,6168,8,3,1919,1,1,1,1,1,0,0,0,procedimiento,0,0.78,0,0
206,6169,3,2,1763,1,0,0,1,1,0,0,0,procedimiento,0,0.77,0,0
206,6170,2,2,2344,1,0,0,0,0,0,0,0,conceptual,0,0.66,1,0
206,6171,13,1,1482,1,0,0,1,1,0,0,0,procedimiento,0,0.75,0,0
206,6172,13,2,2431,1,0,0,0,1,0,0,0,procedimiento,0,0.75,0,0
206,6173,17,3,3571,1,1,1,0,1,0,0,0,procedimiento,0,0.74,0,0
206,6174,15,2,2584,3,0,0,0,0,0,0,0,procedimiento,0,0.63,1,0
206,6175,18,3,3471,1,1,2,0,0,0,0,1,procedimiento,1,0.52,2,0
206,6176,9,2,3226,1,1,0,0,0,0,0,0,inatencion,1,0.4,3,0
206,6177,15,1,1482,1,0,0,1,1,0,0,0,procedimiento,0,0.7,0,0
206,6178,17,4,2695,2,0,0,0,0,0,0,0,conceptual,0,0.59,1,0
206,6179,19,2,2747,1,0,0,0,1,0,0,0,procedimiento,0,0.68,0,0
206,6180,18,1,2054,1,1,1,0,0,0,0,0,procedimiento,0,0.57,1,0
207,6181,11,3,4721,1,0,0,0,0,0,0,0,consigna,0,0.71,1,0
207,6182,10,1,2329,2,1,1,0,0,0,0,0,procedimiento,1,0.61,2,0
207,6183,2,2,2598,1,0,0,0,1,0,0,0,procedimiento,0,0.8,0,0
207,6184,16,1,2635,3,1,1,0,0,0,0,0,procedimiento,0,0.69,1,0
207,6185,17,1,2195,2,0,0,0,0,0,0,0,conceptual,1,0.58,2,0
207,6186,18,3,4285,1,0,0,0,1,0,0,0,procedimiento,0,0.77,0,0
207,6187,5,4,5359,1,1,1,0,0,0,0,0,consigna,0,0.67,1,0
207,6188,4,2,3383,1,0,0,0,0,0,0,0,inatencion,1,0.56,2,0
207,6189,4,1,2637,1,0,0,0,1,0,0,0,procedimiento,0,0.75,0,0
207,6190,2,3,4619,1,0,0,0,0,0,0,0,consigna,0,0.64,1,0
207,6191,13,2,3571,1,0,0,0,0,0,0,0,procedimiento,1,0.53,2,0
207,6192,11,2,3045,1,1,0,0,1,0,0,0,procedimiento,0,0.73,0,0
207,6193,12,2,3241,2,0,0,0,0,0,0,0,conceptual,0,0.62,1,0
207,6194,7,3,5356,1,0,0,0,1,0,0,0,procedimiento,0,0.71,0,0
207,6195,6,3,5118,1,0,0,0,1,0,0,0,procedimiento,0,0.7,0,0
207,6196,14,1,2942,2,0,0,0,0,0,0,0,procedimiento,0,0.59,1,0
207,6197,11,3,4629,1,1,0,0,0,0,0,1,aleatorio,1,0.48,2,0
207,6198,9,2,2744,1,0,0,0,0,0,0,1,aleatorio,1,0.38,3,0
207,6199,2,2,3440,1,1,0,0,0,0,0,0,inatencion,1,0.27,4,0
207,6200,14,2,3959,2,0,0,0,0,0,0,0,inatencion,1,0.16,5,0
207,6201,9,3,3692,1,0,0,0,1,0,0,0,procedimiento,0,0.65,0,0
207,6202,4,2,4402,1,1,1,0,1,0,0,0,procedimiento,0,0.64,0,0
207,6203,4,2,4957,1,1,0,0,0,0,0,0,aleatorio,0,0.54,1,0
207,6204,4,2,4770,1,0,0,0,1,0,0,0,procedimiento,0,0.63,0,0
207,6205,13,2,4123,2,0,0,0,0,0,0,0,procedimiento,0,0.52,1,0
207,6206,8,3,8085,2,1,1,0,0,0,0,2,procedimiento,1,0.41,2,0
207,6207,15,2,3846,1,0,0,0,1,0,0,0,procedimiento,0,0.6,0,0
207,6208,11,2,3229,2,0,0,0,0,2,0,0,procedimiento,0,0.49,1,0
207,6209,19,3,4329,1,0,0,0,0,3,0,1,consigna,1,0.39,2,0
207,6210,7,1,4442,1,0,0,0,1,1,0,0,procedimiento,0,0.58,0,0
208,6211,12,1,1636,3,0,0,1,0,1,1107,0,aleatorio,1,0.31,1,0
208,6212,3,3,2794,1,0,0,0,0,1,529,1,inatencion,1,0.2,2,0
208,6213,11,2,1780,2,0,0,1,0,1,138,0,inatencion,1,0.15,3,0
208,6214,16,2,2193,2,1,0,0,0,1,351,0,inatencion,1,0.15,4,0
208,6215,17,1,1454,1,0,0,1,1,3,2792,1,procedimiento,1,0.39,0,0
208,6216,3,2,2406,2,0,0,0,0,0,188,1,conceptual,1,0.29,1,0
208,6217,8,3,3222,1,0,0,0,1,4,637,3,procedimiento,1,0.38,0,0
208,6218,6,2,2514,1,0,0,0,1,1,53,5,procedimiento,1,0.38,0,0
208,6219,6,3,2886,2,0,0,0,0,2,165,0,procedimiento,1,0.27,1,0
208,6220,15,4,3322,1,0,0,0,0,4,796,1,inatencion,1,0.17,2,0
208,6221,18,2,2437,1,0,0,0,1,2,416,0,procedimiento,1,0.36,0,0
208,6222,9,3,2883,1,0,0,0,1,3,300,3,procedimiento,1,0.36,0,0
208,6223,11,1,1573,1,0,0,1,1,2,251,0,procedimiento,1,0.36,0,0
208,6224,6,3,2702,2,0,0,0,0,0,395,2,consigna,1,0.25,1,0
208,6225,9,2,1710,1,1,0,1,0,5,26,2,aleatorio,1,0.15,2,0
208,6226,12,2,2753,2,0,0,0,0,3,566,0,inatencion,1,0.15,3,0
208,6227,3,2,1939,1,0,0,1,0,4,267,1,inatencion,1,0.15,4,0
208,6228,18,4,4352,1,0,0,0,1,2,230,1,procedimiento,1,0.34,0,0
208,6229,12,4,4342,1,0,0,0,0,5,92,1,procedimiento,1,0.23,1,0
208,6230,6,2,2071,2,0,0,0,0,2,204,0,inatencion,1,0.15,2,0
208,6231,4,4,3905,2,0,0,0,0,1,1304,2,inatencion,1,0.15,3,0
208,6232,11,3,3577,1,1,0,0,1,1,335,2,procedimiento,1,0.32,0,0
208,6233,18,1,1766,1,1,1,1,1,5,1067,1,procedimiento,1,0.32,0,0
208,6234,16,3,3628,2,1,1,0,0,3,109,0,inatencion,1,0.21,1,0
208,6235,11,2,2158,3,0,0,0,0,1,1098,0,inatencion,1,0.15,2,0
208,6236,5,3,3039,2,0,0,0,0,2,127,0,aleatorio,1,0.15,3,0
208,6237,14,3,2889,3,0,0,0,0,5,465,1,aleatorio,1,0.15,4,0
208,6238,5,3,3947,2,1,0,0,0,1,2,1,inatencion,1,0.15,5,0
208,6239,16,4,4212,1,1,0,0,1,1,57,2,procedimiento,1,0.29,0,0
208,6240,15,2,2824,1,0,0,0,0,3,212,0,inatencion,1,0.19,1,0
209,6241,14,3,5194,3,1,1,0,0,0,0,0,inatencion,0,0.51,1,0
209,6242,8,1,2514,2,1,0,0,0,0,0,0,inatencion,1,0.4,2,0
209,6243,16,4,6329,1,1,1,0,0,0,0,1,inatencion,1,0.29,3,0
209,6244,9,1,2197,3,0,0,0,0,1,0,0,inatencion,1,0.19,4,0
209,6245,12,1,1892,1,0,0,1,1,0,0,0,procedimiento,0,0.58,0,0
209,6246,3,2,2390,2,1,0,0,0,2,0,0,procedimiento,0,0.48,1,0
209,6247,3,1,2004,1,1,0,0,1,3,0,0,procedimiento,0,0.57,0,0
209,6248,15,1,2525,1,0,0,0,1,1,0,0,procedimiento,0,0.56,0,0
209,6249,8,3,3242,3,1,1,0,0,0,0,0,consigna,0,0.46,1,0
209,6250,17,1,2847,1,0,0,0,1,1,0,0,procedimiento,0,0.55,0,0
209,6251,5,2,3654,1,0,0,0,1,1,0,0,procedimiento,0,0.55,0,0
209,6252,6,3,3679,3,0,0,0,0,0,0,0,conceptual,0,0.44,1,0
209,6253,13,2,3421,1,0,0,0,1,2,0,0,procedimiento,0,0.53,0,0
209,6254,15,2,2974,1,0,0,0,1,0,0,0,procedimiento,0,0.53,0,0
209,6255,11,1,2391,2,0,0,0,0,1,0,0,procedimiento,0,0.42,1,0
209,6256,18,3,4681,1,1,1,0,0,2,0,0,procedimiento,1,0.32,2,0
209,6257,17,4,5083,2,0,0,0,0,3,0,2,inatencion,1,0.21,3,0
209,6258,2,2,2521,1,1,2,0,0,1,0,0,inatencion,1,0.15,4,0
209,6259,10,1,1809,1,0,0,1,0,2,144,1,inatencion,1,0.15,5,0
209,6260,6,3,3739,2,1,1,0,0,1,232,1,inatencion,1,0.15,6,0
209,6261,17,1,1812,2,0,0,1,0,3,430,1,inatencion,1,0.15,7,0
209,6262,5,2,4242,1,1,0,0,1,0,236,0,procedimiento,1,0.48,0,0
209,6263,7,1,3519,3,0,0,0,0,3,481,0,inatencion,1,0.37,1,0
209,6264,12,4,7258,2,1,0,0,0,2,226,1,inatencion,1,0.27,2,0
209,6265,19,4,7084,1,0,0,0,0,1,185,0,inatencion,1,0.16,3,0
209,6266,17,1,2470,1,0,0,0,0,2,1771,1,inatencion,1,0.15,4,0
209,6267,17,2,5042,2,0,0,0,0,1,384,1,aleatorio,1,0.15,5,0
209,6268,14,4,4872,1,0,0,0,1,1,121,0,procedimiento,1,0.44,0,0
209,6269,10,3,3929,2,1,0,0,0,1,91,0,procedimiento,1,0.34,1,0
209,6270,1,3,6908,1,0,0,0,1,3,1433,0,procedimiento,1,0.43,0,0
210,6271,1,2,2416,1,1,0,0,0,0,0,0,conceptual,0,0.54,1,0
210,6272,14,1,1703,1,0,0,1,0,0,0,0,aleatorio,1,0.43,2,0
210,6273,6,3,4127,2,1,2,0,0,0,0,2,aleatorio,1,0.33,3,0
210,6274,9,2,2526,1,0,0,0,1,0,0,0,procedimiento,0,0.62,0,0
210,6275,1,1,1808,1,0,0,1,1,0,0,0,procedimiento,0,0.62,0,0
210,6276,12,3,3526,1,0,0,0,1,0,0,0,procedimiento,0,0.61,0,0
210,6277,7,3,3464,2,1,0,0,0,0,0,0,procedimiento,0,0.5,1,0
210,6278,4,1,1703,1,1,0,1,1,0,0,0,procedimiento,0,0.6,0,0
210,6279,11,3,4379,1,0,0,0,0,0,0,0,inatencion,0,0.49,1,0
210,6280,8,2,2284,1,0,0,0,0,2,0,0,consigna,1,0.38,2,0
210,6281,10,2,3482,1,1,0,0,1,1,0,0,procedimiento,0,0.58,0,0
210,6282,18,1,1951,1,0,0,1,1,0,0,0,procedimiento,0,0.57,0,0
210,6283,4,3,4585,1,0,0,0,0,3,0,0,consigna,0,0.46,1,0
210,6284,16,3,4085,1,1,0,0,0,2,0,0,procedimiento,1,0.36,2,0
210,6285,1,4,5548,1,1,0,0,0,0,0,1,aleatorio,1,0.25,3,0
210,6286,3,3,3394,2,1,1,0,0,2,0,1,inatencion,1,0.15,4,0
210,6287,16,3,3805,1,1,1,0,0,0,0,0,inatencion,1,0.15,5,0
210,6288,17,2,3170,2,1,0,0,0,3,0,0,inatencion,1,0.15,6,0
210,6289,10,3,3949,3,0,0,0,0,1,0,1,aleatorio,1,0.15,7,0
210,6290,7,2,2690,1,0,0,0,0,2,0,1,inatencion,1,0.15,8,0
210,6291,17,3,3940,1,1,0,0,0,1,0,1,aleatorio,1,0.15,9,0
210,6292,19,1,2687,2,1,0,0,0,1,0,0,inatencion,1,0.15,10,0
210,6293,14,3,4740,1,0,0,0,0,1,488,0,aleatorio,1,0.15,11,0
210,6294,16,2,3533,1,1,0,0,0,4,310,0,aleatorio,1,0.15,12,0
210,6295,13,2,3812,1,0,0,0,1,3,1097,0,procedimiento,1,0.49,0,0
210,6296,8,2,4318,1,0,0,0,0,0,770,0,conceptual,1,0.38,1,0
210,6297,7,1,2546,2,1,0,0,0,3,174,0,inatencion,1,0.27,2,0
210,6298,9,4,4606,1,0,0,0,1,2,249,0,procedimiento,1,0.47,0,0
210,6299,6,2,3479,2,0,0,0,0,0,53,0,conceptual,1,0.36,1,0
210,6300,4,2,2965,2,0,0,0,0,0,21,0,inatencion,1,0.26,2,0
211,6301,10,3,3273,3,1,0,0,0,0,0,0,procedimiento,0,0.74,1,0
211,6302,11,3,2980,1,1,1,0,0,0,0,1,conceptual,1,0.63,2,0
211,6303,19,1,2055,1,0,0,0,1,0,0,0,procedimiento,0,0.82,0,0
211,6304,2,1,1871,1,1,0,1,1,0,0,0,procedimiento,0,0.81,0,0
211,6305,9,4,5719,1,1,0,0,0,0,0,0,inatencion,0,0.71,1,0
211,6306,9,4,4243,1,1,0,0,0,0,0,0,conceptual,1,0.6,2,0
211,6307,8,4,5260,1,0,0,0,0,0,0,0,inatencion,1,0.4,3,0
211,6308,10,3,2931,2,0,0,0,0,0,0,0,inatencion,1,0.38,4,0
211,6309,17,2,2419,1,0,0,0,0,0,0,0,inatencion,1,0.27,5,0
211,6310,14,4,5242,1,0,0,0,0,0,0,0,aleatorio,1,0.16,6,0
211,6311,8,2,3119,1,1,1,0,0,0,0,0,inatencion,1,0.15,7,0
211,6312,11,4,5078,2,0,0,0,0,0,0,0,inatencion,1,0.15,8,0
211,6313,5,3,3444,2,0,0,0,0,0,0,1,aleatorio,1,0.15,9,0
211,6314,11,3,3439,1,1,0,0,0,0,0,1,inatencion,1,0.15,10,0
211,6315,4,1,1942,1,0,0,1,1,0,0,0,procedimiento,0,0.72,0,0
211,6316,2,3,3819,2,0,0,0,0,0,0,0,conceptual,0,0.61,1,0
211,6317,12,1,2009,1,0,0,0,0,0,0,1,inatencion,1,0.51,2,0
211,6318,8,2,3011,2,1,0,0,0,0,0,0,inatencion,1,0.4,3,0
211,6319,2,1,1760,1,0,0,1,1,0,0,0,procedimiento,0,0.69,0,0
211,6320,16,1,2510,3,0,0,0,0,0,0,0,procedimiento,0,0.58,1,0
211,6321,7,2,2184,1,0,0,0,0,0,0,0,conceptual,1,0.47,2,0
211,6322,14,2,3027,1,0,0,0,1,0,0,0,procedimiento,0,0.66,0,0
211,6323,1,3,3770,1,1,2,0,0,0,0,0,procedimiento,0,0.55,1,0
211,6324,10,2,2975,1,1,1,0,1,0,0,0,procedimiento,0,0.65,0,0
211,6325,2,4,5030,1,1,0,0,0,0,0,0,procedimiento,0,0.54,1,0
211,6326,5,4,4500,1,1,0,0,0,0,0,2,conceptual,1,0.43,2,0
211,6327,10,1,2092,3,1,0,0,0,0,0,1,inatencion,1,0.32,3,0
211,6328,8,2,4257,3,1,0,0,0,0,0,0,inatencion,1,0.21,4,0
211,6329,4,3,4236,2,0,0,0,0,0,0,0,inatencion,1,0.15,5,0
211,6330,13,3,6697,2,0,0,0,0,2,0,2,aleatorio,1,0.15,6,0
212,6331,5,4,3037,2,1,1,0,0,1,0,0,conceptual,0,0.45,1,0
212,6332,12,3,2619,2,0,0,0,0,0,0,0,consigna,1,0.34,2,0
212,6333,10,3,3564,1,0,0,0,0,1,0,1,inatencion,1,0.24,3,0
212,6334,12,2,2835,1,1,0,0,1,2,0,0,procedimiento,0,0.53,0,0
212,6335,10,3,2947,1,0,0,0,1,0,0,0,procedimiento,0,0.53,0,0
212,6336,6,1,1898,2,0,0,1,0,3,0,0,aleatorio,0,0.42,1,0
212,6337,5,3,3795,1,1,3,0,1,3,0,0,procedimiento,0,0.52,0,0
212,6338,15,2,2956,2,1,0,0,0,1,0,0,conceptual,0,0.41,1,0
212,6339,4,2,2746,1,0,0,0,1,4,0,0,procedimiento,0,0.5,0,0
212,6340,6,3,2152,2,0,0,0,0,4,452,0,inatencion,1,0.4,1,0
212,6341,13,3,3779,2,1,0,0,0,2,108,2,conceptual,1,0.29,2,0
212,6342,9,4,4642,1,0,0,0,1,2,187,0,procedimiento,1,0.49,0,0
212,6343,3,4,3190,1,0,0,0,1,0,753,0,procedimiento,1,0.48,0,0
212,6344,18,4,3299,1,0,0,0,1,1,838,0,procedimiento,1,0.48,0,0
212,6345,3,4,4075,1,1,1,0,0,2,140,0,procedimiento,1,0.37,1,0
212,6346,4,4,3181,3,0,0,0,0,0,389,1,inatencion,1,0.27,2,0
212,6347,9,3,3792,1,1,0,0,1,1,429,0,procedimiento,1,0.46,0,0
212,6348,3,2,2129,2,0,0,0,0,2,1039,0,procedimiento,1,0.36,1,0
212,6349,10,2,2222,2,1,0,0,0,1,288,0,inatencion,1,0.25,2,0
212,6350,10,2,2762,1,0,0,0,0,1,226,1,inatencion,1,0.15,3,0
212,6351,14,4,3706,3,0,0,0,0,2,772,0,inatencion,1,0.15,4,0
212,6352,18,2,2500,3,1,0,0,0,1,378,1,inatencion,1,0.15,5,0
212,6353,19,1,1914,1,0,0,1,1,0,68,0,procedimiento,1,0.43,0,0
212,6354,9,3,2994,1,1,0,0,1,0,1130,0,procedimiento,1,0.42,0,0
212,6355,1,4,4710,2,0,0,0,0,0,760,0,consigna,1,0.32,1,0
212,6356,12,4,4364,1,1,1,0,0,4,100,1,inatencion,1,0.21,2,0
212,6357,6,1,2279,1,0,0,0,1,2,59,0,procedimiento,1,0.41,0,0
212,6358,6,2,2294,1,0,0,0,0,0,801,0,consigna,1,0.3,1,0
212,6359,5,3,3366,1,1,0,0,0,1,1467,0,procedimiento,1,0.2,2,0
212,6360,16,3,2761,3,0,0,0,0,2,1034,3,aleatorio,1,0.15,3,0
213,6361,11,2,2675,1,0,0,0,1,0,0,0,procedimiento,0,0.78,0,0
213,6362,8,2,2281,1,0,0,0,0,0,0,0,inatencion,0,0.67,1,0
213,6363,12,1,1705,1,0,0,1,1,0,0,0,procedimiento,0,0.76,0,0
213,6364,14,3,3331,2,0,0,0,0,0,0,0,inatencion,0,0.65,1,0
213,6365,4,2,1665,2,1,3,1,0,0,0,0,aleatorio,1,0.55,2,0
213,6366,9,3,2369,1,0,0,0,1,0,0,0,procedimiento,0,0.74,0,0
213,6367,6,3,3333,1,1,0,0,0,0,0,0,procedimiento,0,0.63,1,0
213,6368,2,3,3349,1,0,0,0,1,0,0,0,procedimiento,0,0.72,0,0
213,6369,16,1,1269,1,0,0,1,1,0,0,0,procedimiento,0,0.72,0,0
213,6370,6,2,2346,2,0,0,0,0,0,0,0,inatencion,0,0.61,1,0
213,6371,7,2,2081,1,1,0,0,0,0,0,1,inatencion,1,0.5,2,0
213,6372,17,3,2474,3,1,0,0,0,0,0,0,inatencion,1,0.39,3,0
213,6373,5,4,4095,1,1,1,0,0,0,0,1,inatencion,1,0.28,4,0
213,6374,15,2,2451,1,0,0,0,1,0,0,0,procedimiento,0,0.68,0,0
213,6375,4,3,3220,1,1,1,0,1,0,0,0,procedimiento,0,0.67,0,0
213,6376,15,2,2752,1,0,0,0,1,0,0,0,procedimiento,0,0.66,0,0
213,6377,14,4,2947,1,0,0,0,0,0,0,0,conceptual,0,0.55,1,0
213,6378,10,3,2420,1,1,0,0,0,0,0,0,inatencion,1,0.45,2,0
213,6379,16,2,2091,2,0,0,0,0,0,0,0,inatencion,1,0.34,3,0
213,6380,2,2,1740,1,0,0,1,0,0,0,0,inatencion,1,0.23,4,0
213,6381,19,2,2018,1,0,0,0,0,0,0,0,inatencion,1,0.15,5,0
213,6382,8,3,4522,1,1,0,0,0,0,0,2,inatencion,1,0.15,6,0
213,6383,15,2,1937,1,0,0,1,1,0,0,0,procedimiento,0,0.61,0,0
213,6384,6,2,2975,1,0,0,0,0,3,0,0,procedimiento,0,0.5,1,0
213,6385,11,3,3963,2,0,0,0,0,4,0,4,conceptual,1,0.39,2,0
213,6386,4,1,2500,3,0,0,0,0,1,0,0,inatencion,1,0.28,3,0
213,6387,5,3,2590,1,0,0,0,0,0,0,0,inatencion,1,0.18,4,0
213,6388,9,2,2133,2,0,0,0,0,2,0,0,aleatorio,1,0.15,5,0
213,6389,1,4,4960,3,0,0,0,0,3,0,2,aleatorio,1,0.15,6,0
213,6390,4,1,2618,1,0,0,0,1,2,0,0,procedimiento,0,0.55,0,0
214,6391,10,3,2637,1,0,0,0,0,0,0,0,inatencion,0,0.76,1,0
214,6392,16,2,2316,1,0,0,0,1,0,0,0,procedimiento,0,0.85,0,0
214,6393,15,2,2258,3,0,0,0,0,0,0,0,inatencion,0,0.74,1,0
214,6394,5,2,2207,1,0,0,0,1,0,0,0,procedimiento,0,0.84,0,0
214,6395,3,3,2700,1,1,1,0,0,0,0,0,procedimiento,0,0.73,1,0
214,6396,17,2,1657,2,0,0,1,0,0,0,1,inatencion,1,0.62,2,0
214,6397,3,2,2039,1,0,0,0,1,0,0,0,procedimiento,0,0.81,0,0
214,6398,7,3,2211,3,1,0,0,0,0,0,0,consigna,0,0.7,1,0
214,6399,6,2,2371,1,0,0,0,1,0,0,0,procedimiento,0,0.79,0,0
214,6400,17,2,2309,1,0,0,0,0,0,0,0,conceptual,0,0.68,1,0
214,6401,18,3,2293,2,1,2,0,0,0,0,0,conceptual,1,0.58,2,0
214,6402,17,4,3632,1,0,0,0,1,0,0,0,procedimiento,0,0.77,0,0
214,6403,16,3,2445,3,1,1,0,0,0,0,0,conceptual,0,0.66,1,0
214,6404,14,2,2539,3,0,0,0,0,0,0,0,consigna,1,0.55,2,0
214,6405,12,1,1550,2,1,0,1,0,0,0,1,aleatorio,1,0.4,3,0
214,6406,2,2,1827,1,1,0,1,0,0,0,1,inatencion,1,0.33,4,0
214,6407,19,4,3305,3,0,0,0,0,0,0,1,aleatorio,1,0.22,5,0
214,6408,5,4,3496,1,1,0,0,1,0,0,0,procedimiento,0,0.72,0,0
214,6409,11,3,2219,3,1,1,0,0,0,0,0,conceptual,0,0.61,1,0
214,6410,5,2,2587,1,1,0,0,0,0,0,0,conceptual,1,0.5,2,0
214,6411,9,1,1643,2,0,0,1,0,0,0,0,inatencion,1,0.39,3,0
214,6412,13,2,3437,1,0,0,0,1,0,0,0,procedimiento,0,0.68,0,0
214,6413,2,4,5670,2,1,1,0,0,0,0,0,inatencion,0,0.57,1,0
214,6414,16,2,2422,1,0,0,0,1,0,0,0,procedimiento,0,0.66,0,0
214,6415,15,3,2484,1,0,0,0,0,0,0,0,aleatorio,0,0.55,1,0
214,6416,1,2,3000,1,0,0,0,1,0,0,0,procedimiento,0,0.65,0,0
214,6417,1,2,2108,1,1,2,0,0,0,0,0,conceptual,0,0.54,1,0
214,6418,4,2,2707,3,1,0,0,0,0,0,3,procedimiento,1,0.43,2,0
214,6419,19,3,3541,1,1,0,0,0,0,0,1,inatencion,1,0.32,3,0
214,6420,1,3,4533,2,0,0,0,0,0,0,3,inatencion,1,0.21,4,0
215,6421,9,1,2146,2,0,0,0,0,0,0,0,conceptual,0,0.52,1,0
215,6422,12,3,3103,2,0,0,0,0,0,0,1,procedimiento,1,0.41,2,0
215,6423,2,4,3478,1,0,0,0,0,0,0,0,inatencion,1,0.31,3,0
215,6424,2,2,2187,1,0,0,0,0,0,0,1,aleatorio,1,0.2,4,0
215,6425,15,2,2527,1,1,1,0,1,0,0,0,procedimiento,0,0.59,0,0
215,6426,7,2,2229,1,1,1,0,0,0,0,0,procedimiento,0,0.49,1,0
215,6427,7,1,1612,1,0,0,1,1,2,0,0,procedimiento,0,0.58,0,0
215,6428,9,3,2787,1,0,0,0,1,3,0,0,procedimiento,0,0.58,0,0
215,6429,16,1,1451,1,0,0,1,0,0,0,0,aleatorio,0,0.47,1,0
215,6430,13,2,2684,1,0,0,0,0,0,0,0,inatencion,1,0.36,2,0
215,6431,16,1,2079,1,0,0,0,0,2,0,1,inatencion,1,0.26,3,0
215,6432,19,3,3798,1,1,0,0,1,0,0,0,procedimiento,0,0.55,0,0
215,6433,1,2,2882,1,0,0,0,1,2,0,0,procedimiento,0,0.54,0,0
215,6434,17,2,2410,1,0,0,0,1,0,0,0,procedimiento,0,0.54,0,0
215,6435,10,3,2759,1,1,0,0,0,2,0,0,procedimiento,0,0.43,1,0
215,6436,18,2,2148,2,0,0,0,0,0,0,1,conceptual,1,0.33,2,0
215,6437,5,1,1403,2,0,0,1,0,3,0,1,aleatorio,1,0.22,3,0
215,6438,15,3,2544,2,0,0,0,0,1,0,1,aleatorio,1,0.15,4,0
215,6439,10,2,2364,2,0,0,0,0,1,0,0,inatencion,1,0.15,5,0
215,6440,18,1,1800,2,0,0,1,0,1,0,3,aleatorio,1,0.15,6,0
215,6441,17,2,1822,2,0,0,1,0,1,464,1,inatencion,1,0.15,7,0
215,6442,1,3,3471,2,1,0,0,0,1,172,1,inatencion,1,0.15,8,0
215,6443,16,3,2956,2,0,0,0,0,1,466,1,aleatorio,1,0.15,9,0
215,6444,7,2,2533,2,1,0,0,0,3,34,1,inatencion,1,0.15,10,0
215,6445,11,2,2817,3,1,1,0,0,2,160,3,aleatorio,1,0.15,11,0
215,6446,10,4,4718,3,1,0,0,0,0,655,1,inatencion,1,0.15,12,0
215,6447,15,3,3856,3,1,0,0,0,2,38,0,aleatorio,1,0.15,13,0
215,6448,11,2,2321,1,0,0,0,0,0,929,0,inatencion,1,0.15,14,0
215,6449,12,1,2298,1,1,0,0,1,2,233,0,procedimiento,1,0.45,0,0
215,6450,2,4,5467,2,0,0,0,0,4,366,0,conceptual,1,0.34,1,0
216,6451,16,2,2206,1,0,0,0,1,0,0,0,procedimiento,0,0.89,0,0
216,6452,18,3,2824,1,0,0,0,1,0,0,0,procedimiento,0,0.88,0,0
216,6453,18,1,2317,1,0,0,0,0,0,0,0,inatencion,0,0.77,1,0
216,6454,2,1,2206,1,1,0,0,1,0,0,0,procedimiento,0,0.86,0,0
216,6455,8,2,2888,1,1,0,0,0,0,0,0,conceptual,0,0.75,1,0
216,6456,19,2,2414,1,0,0,0,1,0,0,0,procedimiento,0,0.84,0,0
216,6457,5,2,2293,1,1,0,0,0,0,0,0,inatencion,0,0.73,1,0
216,6458,6,1,2201,1,0,0,0,1,0,0,0,procedimiento,0,0.83,0,0
216,6459,14,3,2977,2,0,0,0,0,0,0,0,conceptual,0,0.72,1,0
216,6460,11,1,2197,1,0,0,0,1,0,0,0,procedimiento,0,0.81,0,0
216,6461,10,2,3401,1,0,0,0,1,0,0,0,procedimiento,0,0.8,0,0
216,6462,3,3,4321,2,1,0,0,0,0,0,0,inatencion,0,0.69,1,0
216,6463,9,2,3137,3,0,0,0,0,0,0,0,inatencion,1,0.58,2,0
216,6464,10,3,2542,1,0,0,0,0,0,0,1,inatencion,1,0.4,3,0
216,6465,4,1,1656,1,0,0,1,1,0,0,0,procedimiento,0,0.76,0,0
216,6466,5,2,2977,1,0,0,0,0,0,0,0,conceptual,0,0.65,1,0
216,6467,1,3,3324,2,1,0,0,0,0,0,1,conceptual,1,0.55,2,0
216,6468,8,1,2355,3,0,0,0,0,0,0,1,inatencion,1,0.4,3,0
216,6469,19,1,2083,3,0,0,0,0,0,0,0,aleatorio,1,0.33,4,0
216,6470,19,1,2087,2,0,0,0,0,0,0,1,inatencion,1,0.22,5,0
216,6471,6,3,3377,1,1,1,0,0,0,0,0,inatencion,1,0.15,6,0
216,6472,6,1,2633,1,0,0,0,1,0,0,0,procedimiento,0,0.7,0,0
216,6473,10,4,5422,2,0,0,0,0,0,0,0,procedimiento,0,0.59,1,0
216,6474,13,3,3693,1,1,0,0,1,0,0,0,procedimiento,0,0.68,0,0
216,6475,3,3,5010,1,1,0,0,1,0,0,0,procedimiento,0,0.68,0,0
216,6476,17,4,7281,1,0,0,0,0,0,0,0,conceptual,0,0.57,1,0
216,6477,10,1,2142,1,0,0,0,0,0,0,0,aleatorio,1,0.46,2,0
216,6478,17,3,3902,1,0,0,0,1,0,0,0,procedimiento,0,0.65,0,0
216,6479,9,2,2884,2,0,0,0,0,0,0,0,inatencion,0,0.54,1,0
216,6480,15,3,3658,1,1,0,0,0,0,0,0,inatencion,1,0.43,2,0
217,6481,17,3,3590,1,0,0,0,1,1,22,0,procedimiento,1,0.44,0,0
217,6482,2,4,6900,1,1,0,0,0,6,149,0,conceptual,1,0.34,1,0
217,6483,8,2,4563,1,1,0,0,1,1,256,0,procedimiento,1,0.43,0,0
217,6484,5,2,3669,1,0,0,0,1,3,101,0,procedimiento,1,0.43,0,0
217,6485,10,3,5589,1,0,0,0,1,0,7,0,procedimiento,1,0.42,0,0
217,6486,16,4,6683,1,0,0,0,0,3,156,0,aleatorio,1,0.32,1,0
217,6487,14,2,4649,1,1,0,0,1,0,60,0,procedimiento,1,0.42,0,0
217,6488,16,3,3447,2,1,2,0,0,2,79,0,consigna,1,0.31,1,0
217,6489,14,2,4464,2,1,1,0,0,2,3141,1,aleatorio,1,0.21,2,0
217,6490,7,3,3479,1,1,1,0,0,0,282,1,inatencion,1,0.15,3,0
217,6491,10,1,2146,1,0,0,0,1,3,500,1,procedimiento,1,0.4,0,0
217,6492,16,4,5120,2,1,1,0,0,1,61,2,procedimiento,1,0.29,1,0
217,6493,1,3,5413,2,0,0,0,0,0,118,1,conceptual,1,0.19,2,0
217,6494,8,2,3110,3,0,0,0,0,3,741,2,inatencion,1,0.15,3,0
217,6495,16,1,2970,1,0,0,0,1,3,53,0,procedimiento,1,0.38,0,0
217,6496,12,2,2772,1,0,0,0,0,0,159,0,aleatorio,1,0.28,1,0
217,6497,16,2,4296,1,0,0,0,0,2,1123,0,conceptual,1,0.17,2,0
217,6498,3,2,4580,1,1,0,0,0,3,777,1,inatencion,1,0.15,3,0
217,6499,9,4,4914,1,1,0,0,0,0,36,0,inatencion,1,0.15,4,0
217,6500,12,3,5999,1,1,0,0,0,0,537,0,inatencion,1,0.15,5,0
217,6501,4,1,2616,1,1,1,0,1,3,271,1,procedimiento,1,0.35,0,0
217,6502,2,2,4910,3,0,0,0,0,0,108,2,conceptual,1,0.25,1,0
217,6503,18,3,6287,2,0,0,0,0,0,2023,2,aleatorio,1,0.15,2,0
217,6504,10,2,5480,1,1,1,0,0,1,1295,0,aleatorio,1,0.15,3,0
217,6505,14,2,4162,1,0,0,0,1,1,1153,0,procedimiento,1,0.34,0,0
217,6506,3,2,3701,1,1,1,0,0,4,237,1,consigna,1,0.23,1,0
217,6507,16,4,6635,2,1,0,0,0,0,363,0,inatencion,1,0.15,2,0
217,6508,12,2,5505,1,0,0,0,0,2,865,1,inatencion,1,0.15,3,0
217,6509,14,2,5341,3,1,2,0,0,0,1257,0,inatencion,1,0.15,4,0
217,6510,7,4,6347,1,0,0,0,1,1,686,1,procedimiento,1,0.31,0,0
218,6511,2,3,5380,1,0,0,0,1,1,0,0,procedimiento,0,0.54,0,0
218,6512,1,2,3948,1,1,1,0,0,1,0,0,procedimiento,0,0.44,1,0
218,6513,1,4,5125,1,0,0,0,0,2,0,1,inatencion,1,0.33,2,0
218,6514,17,2,3994,1,0,0,0,1,0,0,0,procedimiento,0,0.53,0,0
218,6515,8,2,3948,1,1,0,0,0,2,0,0,procedimiento,0,0.42,1,0
218,6516,9,2,3947,1,1,0,0,1,0,0,0,procedimiento,0,0.52,0,0
218,6517,4,1,2433,1,1,0,0,0,0,0,0,inatencion,0,0.41,1,0
218,6518,7,2,3833,1,1,0,0,0,1,0,1,conceptual,1,0.31,2,0
218,6519,7,3,5365,1,1,2,0,1,1,0,0,procedimiento,0,0.5,0,0
218,6520,2,3,3277,1,1,0,0,0,1,202,0,consigna,1,0.4,1,0
218,6521,2,2,2703,3,0,0,0,0,3,104,1,inatencion,1,0.29,2,0
218,6522,17,3,5445,2,1,0,0,0,1,119,0,inatencion,1,0.18,3,0
218,6523,14,2,3127,2,1,0,0,0,2,249,2,aleatorio,1,0.15,4,0
218,6524,3,2,3910,1,1,0,0,1,3,31,0,procedimiento,1,0.47,0,0
218,6525,5,1,2269,3,0,0,0,0,2,171,0,conceptual,1,0.37,1,0
218,6526,2,2,3820,1,0,0,0,0,2,239,4,inatencion,1,0.26,2,0
218,6527,17,1,2506,1,0,0,0,1,3,468,0,procedimiento,1,0.46,0,0
218,6528,5,1,2311,1,0,0,0,1,4,339,0,procedimiento,1,0.45,0,0
218,6529,6,1,1988,1,0,0,1,0,2,1178,0,aleatorio,1,0.35,1,0
218,6530,5,3,3594,1,0,0,0,0,5,244,0,conceptual,1,0.24,2,0
218,6531,2,3,4149,2,0,0,0,0,4,344,1,inatencion,1,0.15,3,0
218,6532,4,3,7120,2,0,0,0,0,0,703,3,aleatorio,1,0.15,4,0
218,6533,10,2,3092,1,0,0,0,1,1,42,0,procedimiento,1,0.42,0,0
218,6534,3,1,3076,3,1,1,0,0,2,282,0,procedimiento,1,0.32,1,0
218,6535,13,1,3481,3,0,0,0,0,1,197,2,procedimiento,1,0.21,2,0
218,6536,9,1,2612,1,0,0,0,1,1,985,0,procedimiento,1,0.41,0,0
218,6537,7,3,7197,1,1,0,0,0,0,226,0,inatencion,1,0.3,1,0
218,6538,5,3,5160,1,0,0,0,0,3,30,1,conceptual,1,0.2,2,0
218,6539,9,3,6095,1,0,0,0,1,2,253,1,procedimiento,1,0.39,0,0
218,6540,12,3,4566,1,0,0,0,0,2,84,3,inatencion,1,0.29,1,0
219,6541,19,3,3622,1,1,0,0,1,0,0,0,procedimiento,0,0.88,0,0
219,6542,11,2,3041,1,0,0,0,1,0,0,0,procedimiento,0,0.88,0,0
219,6543,14,2,2512,1,1,0,0,1,0,0,0,procedimiento,0,0.87,0,0
219,6544,16,1,2526,1,0,0,0,1,0,0,0,procedimiento,0,0.86,0,0
219,6545,5,2,2849,3,1,0,0,0,0,0,0,conceptual,0,0.75,1,0
219,6546,9,2,3384,1,1,1,0,1,0,0,0,procedimiento,0,0.84,0,0
219,6547,4,1,1727,1,0,0,1,1,0,0,0,procedimiento,0,0.83,0,0
219,6548,13,1,2444,1,0,0,0,0,0,0,0,inatencion,0,0.72,1,0
219,6549,9,3,4990,1,0,0,0,1,0,0,0,procedimiento,0,0.81,0,0
219,6550,17,2,3874,1,0,0,0,0,0,0,0,inatencion,0,0.71,1,0
219,6551,2,1,1748,3,1,1,1,0,0,0,0,aleatorio,1,0.6,2,0
219,6552,3,3,3366,1,0,0,0,0,0,0,0,inatencion,1,0.4,3,0
219,6553,18,3,2987,2,1,0,0,0,0,0,0,inatencion,1,0.38,4,0
219,6554,16,3,4936,1,1,0,0,0,0,0,0,inatencion,1,0.27,5,0
219,6555,3,4,5141,2,1,0,0,0,0,0,1,inatencion,1,0.16,6,0
219,6556,18,1,2250,1,0,0,0,1,0,0,0,procedimiento,0,0.75,0,0
219,6557,10,4,5408,1,0,0,0,0,0,0,0,procedimiento,0,0.64,1,0
219,6558,1,2,3609,1,0,0,0,1,0,0,0,procedimiento,0,0.73,0,0
219,6559,12,1,1873,1,0,0,1,1,0,0,0,procedimiento,0,0.73,0,0
219,6560,8,2,2599,1,1,0,0,0,0,0,0,conceptual,0,0.62,1,0
219,6561,3,2,3407,3,1,0,0,0,0,0,0,conceptual,1,0.51,2,0
219,6562,16,3,4510,2,0,0,0,0,0,0,1,inatencion,1,0.4,3,0
219,6563,17,2,5384,1,0,0,0,0,0,0,0,aleatorio,1,0.29,4,0
219,6564,2,3,4612,1,0,0,0,1,0,0,0,procedimiento,0,0.68,0,0
219,6565,11,2,4047,1,1,0,0,0,0,0,0,aleatorio,0,0.57,1,0
219,6566,2,1,3374,3,1,0,0,0,0,0,2,conceptual,1,0.46,2,0
219,6567,4,3,3311,3,0,0,0,0,0,0,2,aleatorio,1,0.35,3,0
219,6568,1,1,2202,1,0,0,0,1,0,0,0,procedimiento,0,0.65,0,0
219,6569,7,2,5133,2,0,0,0,0,0,0,0,inatencion,0,0.54,1,0
219,6570,14,3,4586,1,0,0,0,0,0,0,0,aleatorio,1,0.43,2,0
220,6571,8,2,1485,1,0,0,1,1,0,0,0,procedimiento,0,0.67,0,0
220,6572,8,2,2010,1,0,0,0,1,0,0,0,procedimiento,0,0.67,0,0
220,6573,9,2,1453,1,0,0,1,1,0,0,0,procedimiento,0,0.66,0,0
220,6574,2,1,1709,1,1,0,1,1,0,0,0,procedimiento,0,0.65,0,0
220,6575,6,1,1719,1,0,0,1,1,0,0,0,procedimiento,0,0.65,0,0
220,6576,12,2,1743,1,1,1,1,1,0,0,0,procedimiento,0,0.64,0,0
220,6577,11,4,3031,1,0,0,0,1,0,0,0,procedimiento,0,0.63,0,0
220,6578,2,1,1434,1,0,0,1,1,0,0,0,procedimiento,0,0.63,0,0
220,6579,12,2,2144,3,1,1,0,0,0,0,0,conceptual,0,0.52,1,0
220,6580,13,3,3066,1,0,0,0,0,0,0,0,conceptual,1,0.41,2,0
220,6581,11,4,3272,2,0,0,0,0,0,0,1,inatencion,1,0.31,3,0
220,6582,17,2,1649,2,1,0,1,0,0,0,0,aleatorio,1,0.2,4,0
220,6583,7,2,1639,1,0,0,1,1,2,0,0,procedimiento,0,0.59,0,0
220,6584,6,2,1907,1,0,0,1,1,2,0,0,procedimiento,0,0.59,0,0
220,6585,6,2,1766,3,0,0,1,0,0,0,0,aleatorio,0,0.48,1,0
220,6586,4,2,2122,1,0,0,0,0,0,0,0,inatencion,1,0.37,2,0
220,6587,18,2,1644,1,1,0,1,1,1,0,0,procedimiento,0,0.57,0,0
220,6588,19,3,2275,2,1,1,0,0,0,0,0,conceptual,0,0.46,1,0
220,6589,17,2,2049,1,0,0,0,1,2,0,0,procedimiento,0,0.55,0,0
220,6590,4,1,1540,1,0,0,1,1,0,0,0,procedimiento,0,0.55,0,0
220,6591,10,3,1808,1,0,0,1,1,5,0,0,procedimiento,0,0.54,0,0
220,6592,19,2,3030,3,0,0,0,0,1,0,0,inatencion,0,0.43,1,0
220,6593,16,4,5030,1,0,0,0,0,1,0,0,inatencion,1,0.33,2,0
220,6594,1,4,3772,1,0,0,0,1,0,0,0,procedimiento,0,0.52,0,0
220,6595,5,3,3881,2,0,0,0,0,4,0,0,procedimiento,0,0.41,1,0
220,6596,2,2,2465,1,1,0,0,0,1,0,0,consigna,1,0.31,2,0
220,6597,17,1,1937,1,0,0,1,0,0,572,0,inatencion,1,0.2,3,0
220,6598,15,3,2992,1,0,0,0,1,2,79,0,procedimiento,1,0.49,0,0
220,6599,2,3,4524,1,1,0,0,0,1,352,0,aleatorio,1,0.39,1,0
220,6600,15,2,2419,1,0,0,0,0,0,380,1,procedimiento,1,0.28,2,0
221,6601,7,2,2340,1,0,0,0,1,0,0,0,procedimiento,0,0.8,0,0
221,6602,2,1,1403,2,0,0,1,0,0,0,0,aleatorio,0,0.7,1,0
221,6603,8,3,2584,1,1,0,0,0,0,0,0,consigna,1,0.59,2,0
221,6604,6,3,1945,3,1,1,1,0,0,0,0,inatencion,1,0.4,3,0
221,6605,12,4,3453,1,0,0,0,1,0,0,0,procedimiento,0,0.77,0,0
221,6606,2,3,2084,1,0,0,0,1,0,0,0,procedimiento,0,0.76,0,0
221,6607,15,1,1207,1,0,0,1,0,0,0,0,aleatorio,0,0.66,1,0
221,6608,7,1,1597,1,0,0,1,1,0,0,0,procedimiento,0,0.75,0,0
221,6609,11,1,1647,2,0,0,1,0,0,0,0,inatencion,0,0.64,1,0
221,6610,18,2,1934,2,0,0,1,0,0,0,0,aleatorio,1,0.53,2,0
221,6611,16,2,2139,1,0,0,0,0,0,0,0,aleatorio,1,0.4,3,0
221,6612,9,3,2650,1,1,0,0,0,0,0,0,inatencion,1,0.32,4,0
221,6613,1,4,2700,1,1,0,0,0,0,0,3,inatencion,1,0.21,5,0
221,6614,9,2,2228,1,1,1,0,1,0,0,0,procedimiento,0,0.7,0,0
221,6615,11,1,1266,1,0,0,1,0,0,0,0,inatencion,0,0.59,1,0
221,6616,13,1,1240,1,0,0,1,1,0,0,0,procedimiento,0,0.68,0,0
221,6617,8,3,3073,3,0,0,0,0,0,0,0,consigna,0,0.58,1,0
221,6618,13,2,1916,2,1,1,1,0,0,0,1,inatencion,1,0.47,2,0
221,6619,11,3,2702,3,1,0,0,0,0,0,0,inatencion,1,0.36,3,0
221,6620,8,2,1974,1,1,0,1,0,0,0,1,aleatorio,1,0.25,4,0
221,6621,10,2,2135,1,0,0,0,1,0,0,0,procedimiento,0,0.64,0,0
221,6622,16,3,2592,3,0,0,0,0,0,0,0,consigna,0,0.54,1,0
221,6623,15,1,1967,1,0,0,1,1,0,0,0,procedimiento,0,0.63,0,0
221,6624,2,2,2970,1,0,0,0,1,0,0,0,procedimiento,0,0.62,0,0
221,6625,2,1,2213,1,0,0,0,0,0,0,0,conceptual,0,0.51,1,0
221,6626,18,1,1485,1,0,0,1,1,0,0,0,procedimiento,0,0.6,0,0
221,6627,18,2,2273,1,1,0,0,0,3,0,0,consigna,0,0.5,1,0
221,6628,19,2,2533,1,0,0,0,0,1,0,0,inatencion,1,0.39,2,0
221,6629,1,4,3749,1,0,0,0,1,1,0,0,procedimiento,0,0.58,0,0
221,6630,12,2,2226,1,0,0,0,1,2,0,0,procedimiento,0,0.57,0,0
222,6631,14,2,2515,1,0,0,0,0,0,0,0,inatencion,0,0.69,1,0
222,6632,8,3,4193,1,0,0,0,0,0,0,1,consigna,1,0.58,2,0
222,6633,8,3,3937,2,0,0,0,0,0,0,1,inatencion,1,0.4,3,0
222,6634,13,3,4794,2,0,0,0,0,0,0,0,inatencion,1,0.37,4,0
222,6635,1,4,6012,1,0,0,0,1,0,0,0,procedimiento,0,0.76,0,0
222,6636,19,4,5582,1,0,0,0,1,0,0,0,procedimiento,0,0.75,0,0
222,6637,9,1,1991,1,0,0,1,1,0,0,0,procedimiento,0,0.74,0,0
222,6638,12,2,3612,2,0,0,0,0,0,0,0,inatencion,0,0.64,1,0
222,6639,7,2,2881,2,1,2,0,0,0,0,1,procedimiento,1,0.53,2,0
222,6640,7,1,2877,1,0,0,0,1,0,0,0,procedimiento,0,0.72,0,0
222,6641,10,2,3744,1,1,1,0,1,0,0,0,procedimiento,0,0.71,0,0
222,6642,3,1,2202,1,0,0,0,1,0,0,0,procedimiento,0,0.7,0,0
222,6643,12,4,5160,1,0,0,0,0,0,0,0,conceptual,0,0.6,1,0
222,6644,6,2,2900,1,0,0,0,1,0,0,0,procedimiento,0,0.69,0,0
222,6645,12,2,2976,1,1,0,0,1,0,0,0,procedimiento,0,0.68,0,0
222,6646,8,2,3612,1,0,0,0,0,0,0,0,aleatorio,0,0.57,1,0
222,6647,7,2,3717,3,1,0,0,0,0,0,0,procedimiento,1,0.47,2,0
222,6648,2,3,4782,2,0,0,0,0,0,0,1,inatencion,1,0.36,3,0
222,6649,4,2,4157,1,0,0,0,1,0,0,0,procedimiento,0,0.65,0,0
222,6650,1,3,3783,1,1,2,0,1,0,0,0,procedimiento,0,0.64,0,0
222,6651,17,2,2636,1,1,0,0,0,0,0,0,procedimiento,0,0.53,1,0
222,6652,5,2,4453,1,1,0,0,1,0,0,0,procedimiento,0,0.63,0,0
222,6653,17,3,7292,2,0,0,0,0,0,0,0,inatencion,0,0.52,1,0
222,6654,4,2,3289,1,0,0,0,0,0,0,1,procedimiento,1,0.41,2,0
222,6655,12,2,3798,1,0,0,0,1,0,0,0,procedimiento,0,0.6,0,0
222,6656,4,3,5599,1,0,0,0,1,2,0,0,procedimiento,0,0.59,0,0
222,6657,15,3,4535,3,1,2,0,0,1,0,0,consigna,0,0.49,1,0
222,6658,11,1,4101,1,0,0,0,1,3,0,0,procedimiento,0,0.58,0,0
222,6659,9,3,6752,1,1,1,0,1,1,0,0,procedimiento,0,0.57,0,0
222,6660,1,1,2633,1,0,0,0,1,2,0,0,procedimiento,0,0.56,0,0
223,6661,9,3,3306,1,0,0,0,1,0,0,0,procedimiento,0,0.81,0,0
223,6662,6,3,3350,1,0,0,0,1,0,0,0,procedimiento,0,0.8,0,0
223,6663,14,2,2501,1,1,2,0,1,0,0,0,procedimiento,0,0.79,0,0
223,6664,12,2,2117,2,0,0,0,0,0,0,0,conceptual,0,0.68,1,0
223,6665,19,2,1658,3,0,0,1,0,0,0,2,aleatorio,1,0.57,2,0
223,6666,3,3,2460,1,0,0,0,0,0,0,0,inatencion,1,0.4,3,0
223,6667,8,3,2814,2,1,2,0,0,0,0,1,inatencion,1,0.36,4,0
223,6668,3,4,3580,2,0,0,0,0,0,0,0,inatencion,1,0.25,5,0
223,6669,18,4,4177,1,1,3,0,0,0,0,0,inatencion,1,0.15,6,0
223,6670,15,1,1746,1,1,1,1,1,0,0,0,procedimiento,0,0.73,0,0
223,6671,14,1,1365,1,0,0,1,1,0,0,0,procedimiento,0,0.73,0,0
223,6672,11,1,1355,1,0,0,1,0,0,0,0,aleatorio,0,0.62,1,0
223,6673,9,1,1511,1,0,0,1,1,0,0,0,procedimiento,0,0.71,0,0
223,6674,8,4,3340,1,1,1,0,0,0,0,0,conceptual,0,0.6,1,0
223,6675,10,1,1645,1,1,0,1,1,0,0,0,procedimiento,0,0.69,0,0
223,6676,15,4,4281,1,0,0,0,0,0,0,0,inatencion,0,0.59,1,0
223,6677,12,2,2056,1,0,0,0,0,0,0,0,inatencion,1,0.48,2,0
223,6678,5,4,4286,1,0,0,0,0,0,0,0,aleatorio,1,0.37,3,0
223,6679,11,2,1602,1,1,1,1,0,0,0,0,aleatorio,1,0.26,4,0
223,6680,16,2,2431,1,0,0,0,1,0,0,0,procedimiento,0,0.65,0,0
223,6681,14,1,1254,2,0,0,1,0,0,0,0,aleatorio,0,0.55,1,0
223,6682,17,2,2442,3,1,0,0,0,0,0,0,conceptual,1,0.44,2,0
223,6683,18,4,5474,3,0,0,0,0,0,0,1,inatencion,1,0.33,3,0
223,6684,18,2,2583,1,1,0,0,1,0,0,0,procedimiento,0,0.62,0,0
223,6685,8,1,1968,1,0,0,1,1,0,0,0,procedimiento,0,0.61,0,0
223,6686,12,4,5054,1,0,0,0,1,0,0,0,procedimiento,0,0.61,0,0
223,6687,19,2,2002,2,1,1,0,0,1,0,0,conceptual,0,0.5,1,0
223,6688,12,3,2306,1,0,0,0,0,1,0,1,aleatorio,1,0.39,2,0
223,6689,1,1,2016,1,0,0,0,1,3,0,0,procedimiento,0,0.58,0,0
223,6690,6,3,4455,3,1,0,0,0,2,0,0,conceptual,0,0.47,1,0
224,6691,5,3,3341,1,0,0,0,1,0,0,0,procedimiento,0,0.84,0,0
224,6692,15,1,1917,1,0,0,1,1,0,0,0,procedimiento,0,0.84,0,0
224,6693,8,4,3575,1,1,1,0,1,0,0,0,procedimiento,0,0.83,0,0
224,6694,16,2,2348,1,0,0,0,1,0,0,0,procedimiento,0,0.82,0,0
224,6695,1,2,2343,1,0,0,0,1,0,0,0,procedimiento,0,0.81,0,0
224,6696,5,4,4522,1,0,0,0,1,0,0,0,procedimiento,0,0.8,0,0
224,6697,18,2,2644,1,1,1,0,1,0,0,0,procedimiento,0,0.79,0,0
224,6698,11,2,2784,1,0,0,0,1,0,0,0,procedimiento,0,0.78,0,0
224,6699,19,1,1696,1,0,0,1,1,0,0,0,procedimiento,0,0.78,0,0
224,6700,8,3,3691,1,1,1,0,1,0,0,0,procedimiento,0,0.77,0,0
224,6701,8,1,1664,1,1,0,1,1,0,0,0,procedimiento,0,0.76,0,0
224,6702,11,4,3024,1,0,0,0,1,0,0,0,procedimiento,0,0.75,0,0
224,6703,6,1,1449,3,1,1,1,0,0,0,0,inatencion,0,0.64,1,0
224,6704,12,3,2548,1,0,0,0,1,0,0,0,procedimiento,0,0.73,0,0
224,6705,13,2,2101,1,0,0,0,1,0,0,0,procedimiento,0,0.73,0,0
224,6706,8,2,2341,1,0,0,0,0,0,0,0,conceptual,0,0.62,1,0
224,6707,8,1,1323,1,0,0,1,1,0,0,0,procedimiento,0,0.71,0,0
224,6708,4,2,2096,1,0,0,0,0,0,0,0,consigna,0,0.6,1,0
224,6709,18,4,3852,1,0,0,0,1,0,0,0,procedimiento,0,0.69,0,0
224,6710,11,3,2592,1,0,0,0,1,0,0,0,procedimiento,0,0.68,0,0
224,6711,16,4,4377,1,1,0,0,1,0,0,0,procedimiento,0,0.68,0,0
224,6712,2,2,3115,1,1,0,0,1,0,0,0,procedimiento,0,0.67,0,0
224,6713,13,2,3640,1,1,1,0,1,0,0,0,procedimiento,0,0.66,0,0
224,6714,13,1,2177,1,0,0,0,1,0,0,0,procedimiento,0,0.65,0,0
224,6715,1,4,4979,1,0,0,0,1,0,0,0,procedimiento,0,0.64,0,0
224,6716,11,2,2638,1,0,0,0,1,0,0,0,procedimiento,0,0.63,0,0
224,6717,11,1,2172,1,1,0,0,1,0,0,0,procedimiento,0,0.62,0,0
224,6718,7,2,2861,1,0,0,0,1,0,0,0,procedimiento,0,0.62,0,0
224,6719,1,3,2846,2,1,0,0,0,0,0,0,inatencion,0,0.51,1,0
224,6720,9,4,5147,1,1,0,0,1,0,0,0,procedimiento,0,0.6,0,0
225,6721,3,2,2669,1,0,0,0,1,0,0,0,procedimiento,0,0.88,0,0
225,6722,1,1,1336,2,0,0,1,0,0,0,0,inatencion,0,0.77,1,0
225,6723,4,2,2577,2,1,1,0,0,0,0,0,consigna,1,0.66,2,0
225,6724,15,2,1984,1,0,0,1,1,0,0,0,procedimiento,0,0.86,0,0
225,6725,2,2,2358,1,0,0,0,1,0,0,0,procedimiento,0,0.85,0,0
225,6726,12,1,1853,2,0,0,1,0,0,0,0,aleatorio,0,0.74,1,0
225,6727,17,3,3207,1,0,0,0,0,0,0,1,consigna,1,0.63,2,0
225,6728,7,2,2406,3,0,0,0,0,0,0,0,inatencion,1,0.4,3,0
225,6729,2,3,2476,2,1,0,0,0,0,0,1,inatencion,1,0.4,4,0
225,6730,7,2,2205,2,0,0,0,0,0,0,0,inatencion,1,0.3,5,0
225,6731,2,1,1531,1,0,0,1,0,0,0,1,inatencion,1,0.19,6,0
225,6732,11,3,2356,2,0,0,0,0,0,0,0,aleatorio,1,0.15,7,0
225,6733,11,2,1667,1,0,0,1,1,0,0,0,procedimiento,0,0.78,0,0
225,6734,5,1,1615,1,0,0,1,1,0,0,0,procedimiento,0,0.77,0,0
225,6735,10,3,2222,1,1,1,0,0,0,0,0,procedimiento,0,0.66,1,0
225,6736,8,3,2041,1,0,0,0,1,0,0,0,procedimiento,0,0.75,0,0
225,6737,8,3,2344,1,1,1,0,1,0,0,0,procedimiento,0,0.74,0,0
225,6738,10,3,2917,2,1,3,0,0,0,0,0,procedimiento,0,0.63,1,0
225,6739,1,4,3326,1,0,0,0,0,0,0,0,conceptual,1,0.52,2,0
225,6740,13,1,1832,1,0,0,1,0,0,0,1,inatencion,1,0.4,3,0
225,6741,13,3,2270,1,1,2,0,0,0,0,1,aleatorio,1,0.31,4,0
225,6742,7,1,1816,1,0,0,1,0,0,0,0,inatencion,1,0.2,5,0
225,6743,15,1,2419,1,0,0,0,0,0,0,0,inatencion,1,0.15,6,0
225,6744,12,3,3585,2,0,0,0,0,0,0,1,aleatorio,1,0.15,7,0
225,6745,13,1,2485,2,0,0,0,0,0,0,1,inatencion,1,0.15,8,0
225,6746,13,2,2388,1,1,0,0,0,0,0,0,inatencion,1,0.15,9,0
225,6747,5,3,2997,2,0,0,0,0,0,0,0,inatencion,1,0.15,10,0
225,6748,16,2,1726,3,0,0,1,0,0,0,0,inatencion,1,0.15,11,0
225,6749,6,3,3077,1,1,1,0,0,0,0,2,inatencion,1,0.15,12,0
225,6750,9,2,2323,1,1,0,0,0,0,0,1,inatencion,1,0.15,13,0
226,6751,15,1,3188,1,0,0,0,1,0,0,0,procedimiento,0,0.83,0,0
226,6752,12,2,2735,3,0,0,0,0,0,0,0,aleatorio,0,0.72,1,0
226,6753,7,4,5323,3,0,0,0,0,0,0,0,conceptual,1,0.62,2,0
226,6754,18,3,3762,1,0,0,0,1,0,0,0,procedimiento,0,0.81,0,0
226,6755,9,2,2955,1,0,0,0,1,0,0,0,procedimiento,0,0.8,0,0
226,6756,8,3,3428,1,0,0,0,1,0,0,0,procedimiento,0,0.79,0,0
226,6757,8,4,7093,1,0,0,0,1,0,0,0,procedimiento,0,0.78,0,0
226,6758,5,3,5715,3,0,0,0,0,0,0,0,consigna,0,0.67,1,0
226,6759,11,3,3761,1,0,0,0,1,0,0,0,procedimiento,0,0.77,0,0
226,6760,19,2,3420,1,0,0,0,1,0,0,0,procedimiento,0,0.76,0,0
226,6761,4,1,2171,1,0,0,0,1,0,0,0,procedimiento,0,0.75,0,0
226,6762,6,3,5404,1,0,0,0,1,0,0,0,procedimiento,0,0.74,0,0
226,6763,8,4,5144,1,0,0,0,1,0,0,0,procedimiento,0,0.73,0,0
226,6764,10,4,6082,1,0,0,0,0,0,0,0,conceptual,0,0.62,1,0
226,6765,18,2,3241,1,0,0,0,1,0,0,0,procedimiento,0,0.72,0,0
226,6766,15,2,3232,1,0,0,0,0,0,0,0,conceptual,0,0.61,1,0
226,6767,14,2,4003,1,0,0,0,1,0,0,0,procedimiento,0,0.7,0,0
226,6768,16,2,3325,1,1,0,0,1,0,0,0,procedimiento,0,0.69,0,0
226,6769,14,4,5527,1,0,0,0,1,0,0,0,procedimiento,0,0.68,0,0
226,6770,5,2,3483,1,1,0,0,1,0,0,0,procedimiento,0,0.67,0,0
226,6771,15,3,3794,1,0,0,0,1,0,0,0,procedimiento,0,0.67,0,0
226,6772,15,3,4154,3,1,0,0,0,0,0,0,procedimiento,0,0.56,1,0
226,6773,2,1,4755,1,0,0,0,0,0,0,2,aleatorio,1,0.45,2,0
226,6774,9,2,4865,1,1,0,0,0,0,0,2,inatencion,1,0.34,3,0
226,6775,6,3,4926,1,0,0,0,1,0,0,0,procedimiento,0,0.63,0,0
226,6776,19,2,4301,1,0,0,0,1,0,0,0,procedimiento,0,0.62,0,0
226,6777,13,2,3256,3,0,0,0,0,0,0,0,consigna,0,0.52,1,0
226,6778,7,3,5276,1,0,0,0,1,0,0,0,procedimiento,0,0.61,0,0
226,6779,13,1,2469,1,0,0,0,1,0,0,0,procedimiento,0,0.6,0,0
226,6780,6,2,4451,1,0,0,0,1,0,0,0,procedimiento,0,0.59,0,0
227,6781,15,2,2060,1,1,0,0,1,0,0,0,procedimiento,0,0.79,0,0
227,6782,1,3,3458,1,1,0,0,1,0,0,0,procedimiento,0,0.78,0,0
227,6783,4,4,4786,2,1,0,0,0,0,0,0,inatencion,0,0.67,1,0
227,6784,14,3,2615,1,0,0,0,1,0,0,0,procedimiento,0,0.77,0,0
227,6785,1,3,3246,1,1,0,0,1,0,0,0,procedimiento,0,0.76,0,0
227,6786,12,2,1987,1,1,1,1,0,0,0,0,inatencion,0,0.65,1,0
227,6787,8,3,2759,1,0,0,0,1,0,0,0,procedimiento,0,0.74,0,0
227,6788,15,1,2207,1,0,0,0,1,0,0,0,procedimiento,0,0.73,0,0
227,6789,8,2,2874,1,0,0,0,0,0,0,0,consigna,0,0.63,1,0
227,6790,5,4,4060,1,1,0,0,1,0,0,0,procedimiento,0,0.72,0,0
227,6791,17,2,2198,1,0,0,0,1,0,0,0,procedimiento,0,0.71,0,0
227,6792,14,2,2529,1,1,1,0,0,0,0,0,inatencion,0,0.6,1,0
227,6793,5,3,4077,2,0,0,0,0,0,0,1,procedimiento,1,0.5,2,0
227,6794,6,3,2477,1,1,0,0,1,0,0,0,procedimiento,0,0.69,0,0
227,6795,7,4,4233,1,0,0,0,0,0,0,0,procedimiento,0,0.58,1,0
227,6796,4,3,2723,1,1,1,0,0,0,0,1,conceptual,1,0.47,2,0
227,6797,3,3,3374,1,0,0,0,1,0,0,0,procedimiento,0,0.66,0,0
227,6798,3,1,1955,1,0,0,1,1,0,0,0,procedimiento,0,0.66,0,0
227,6799,3,2,2525,1,0,0,0,0,0,0,0,aleatorio,0,0.55,1,0
227,6800,15,4,4546,1,0,0,0,1,0,0,0,procedimiento,0,0.64,0,0
227,6801,2,1,1526,1,0,0,1,1,0,0,0,procedimiento,0,0.63,0,0
227,6802,17,2,2707,2,0,0,0,0,0,0,0,aleatorio,0,0.52,1,0
227,6803,14,2,4496,1,0,0,0,1,0,0,0,procedimiento,0,0.62,0,0
227,6804,8,4,5324,1,0,0,0,0,0,0,0,conceptual,0,0.51,1,0
227,6805,6,3,3548,3,1,0,0,0,0,0,1,conceptual,1,0.4,2,0
227,6806,13,2,3105,1,0,0,0,1,3,0,0,procedimiento,0,0.59,0,0
227,6807,10,3,4089,1,1,0,0,1,0,0,0,procedimiento,0,0.58,0,0
227,6808,15,1,2190,1,1,0,0,1,0,0,0,procedimiento,0,0.58,0,0
227,6809,1,3,4938,1,1,0,0,1,0,0,0,procedimiento,0,0.57,0,0
227,6810,17,3,4617,1,0,0,0,0,0,0,0,conceptual,0,0.46,1,0
228,6811,12,3,3519,2,0,0,0,0,0,0,0,inatencion,0,0.75,1,0
228,6812,3,3,3674,1,1,0,0,0,0,0,0,aleatorio,1,0.64,2,0
228,6813,7,2,2536,1,1,1,0,1,0,0,0,procedimiento,0,0.83,0,0
228,6814,11,2,2237,1,1,1,0,1,0,0,0,procedimiento,0,0.82,0,0
228,6815,1,2,2664,2,1,0,0,0,0,0,0,inatencion,0,0.71,1,0
228,6816,3,2,2771,3,0,0,0,0,0,0,0,inatencion,1,0.61,2,0
228,6817,9,3,4120,1,1,0,0,1,0,0,0,procedimiento,0,0.8,0,0
228,6818,12,3,3258,1,1,0,0,0,0,0,0,conceptual,0,0.69,1,0
228,6819,15,3,3333,1,1,0,0,1,0,0,0,procedimiento,0,0.78,0,0
228,6820,17,4,3377,3,0,0,0,0,0,0,0,conceptual,0,0.67,1,0
228,6821,13,3,2708,1,0,0,0,1,0,0,0,procedimiento,0,0.76,0,0
228,6822,4,1,1413,1,0,0,1,1,0,0,0,procedimiento,0,0.75,0,0
228,6823,3,1,2028,1,0,0,0,1,0,0,0,procedimiento,0,0.75,0,0
228,6824,12,2,3018,1,0,0,0,1,0,0,0,procedimiento,0,0.74,0,0
228,6825,7,3,4174,1,1,0,0,1,0,0,0,procedimiento,0,0.73,0,0
228,6826,2,1,2078,3,0,0,0,0,0,0,0,conceptual,0,0.62,1,0
228,6827,15,4,4503,1,0,0,0,0,0,0,1,inatencion,1,0.51,2,0
228,6828,15,2,1976,1,0,0,1,1,0,0,0,procedimiento,0,0.7,0,0
228,6829,2,4,4981,1,0,0,0,1,0,0,0,procedimiento,0,0.7,0,0
228,6830,11,3,4111,1,0,0,0,1,0,0,0,procedimiento,0,0.69,0,0
228,6831,14,2,2649,1,1,0,0,1,0,0,0,procedimiento,0,0.68,0,0
228,6832,9,1,2184,1,0,0,0,1,0,0,0,procedimiento,0,0.67,0,0
228,6833,13,4,5958,1,0,0,0,1,0,0,0,procedimiento,0,0.66,0,0
228,6834,14,2,3005,1,0,0,0,1,0,0,0,procedimiento,0,0.65,0,0
228,6835,8,2,4015,1,0,0,0,1,0,0,0,procedimiento,0,0.64,0,0
228,6836,8,3,4841,1,1,0,0,0,0,0,0,procedimiento,0,0.54,1,0
228,6837,5,3,3282,1,1,1,0,0,0,0,0,inatencion,1,0.43,2,0
228,6838,6,1,1831,1,0,0,1,1,0,0,0,procedimiento,0,0.62,0,0
228,6839,11,4,6471,1,1,0,0,0,0,0,0,inatencion,0,0.51,1,0
228,6840,5,3,4526,1,0,0,0,1,0,0,0,procedimiento,0,0.6,0,0
229,6841,8,4,2990,2,0,0,0,0,0,0,0,procedimiento,0,0.67,1,0
229,6842,11,3,3498,1,0,0,0,1,0,0,0,procedimiento,0,0.77,0,0
229,6843,9,3,2662,1,1,1,0,1,0,0,0,procedimiento,0,0.76,0,0
229,6844,12,2,2624,1,1,0,0,1,0,0,0,procedimiento,0,0.75,0,0
229,6845,3,3,3529,1,1,3,0,0,0,0,0,procedimiento,0,0.64,1,0
229,6846,18,1,1592,1,0,0,1,1,0,0,0,procedimiento,0,0.74,0,0
229,6847,9,3,3061,1,1,0,0,0,0,0,0,inatencion,0,0.63,1,0
229,6848,11,2,2196,1,1,0,0,1,0,0,0,procedimiento,0,0.72,0,0
229,6849,17,2,1772,2,1,0,1,0,0,0,0,aleatorio,0,0.61,1,0
229,6850,17,2,2192,1,0,0,0,0,0,0,0,procedimiento,1,0.5,2,0
229,6851,19,3,3004,2,0,0,0,0,0,0,1,aleatorio,1,0.4,3,0
229,6852,15,3,2634,1,1,0,0,0,0,0,1,inatencion,1,0.29,4,0
229,6853,12,1,1357,1,0,0,1,1,0,0,0,procedimiento,0,0.68,0,0
229,6854,8,4,4273,2,1,0,0,0,0,0,0,inatencion,0,0.57,1,0
229,6855,1,4,3934,3,0,0,0,0,0,0,0,procedimiento,1,0.47,2,0
229,6856,4,1,1648,1,0,0,1,0,0,0,2,aleatorio,1,0.36,3,0
229,6857,19,2,1803,1,1,0,1,1,0,0,0,procedimiento,0,0.65,0,0
229,6858,11,2,2205,2,1,0,0,0,0,0,0,procedimiento,0,0.54,1,0
229,6859,12,1,1865,1,0,0,1,0,0,0,0,aleatorio,1,0.43,2,0
229,6860,13,3,3426,1,1,3,0,1,0,0,0,procedimiento,0,0.63,0,0
229,6861,17,2,2305,1,1,1,0,1,0,0,0,procedimiento,0,0.62,0,0
229,6862,4,4,5970,1,0,0,0,0,0,0,0,consigna,0,0.51,1,0
229,6863,14,3,5184,1,1,2,0,0,0,0,2,consigna,1,0.4,2,0
229,6864,9,3,3674,2,0,0,0,0,5,0,1,inatencion,1,0.3,3,0
229,6865,19,4,4865,2,0,0,0,0,0,0,2,inatencion,1,0.19,4,0
229,6866,10,4,3277,1,0,0,0,1,1,0,0,procedimiento,0,0.58,0,0
229,6867,7,3,3882,1,0,0,0,0,2,0,0,inatencion,0,0.47,1,0
229,6868,2,4,4938,2,1,2,0,0,1,0,1,procedimiento,1,0.36,2,0
229,6869,15,3,3495,1,0,0,0,0,2,0,0,aleatorio,1,0.26,3,0
229,6870,4,3,2572,1,1,0,0,0,0,0,1,inatencion,1,0.15,4,0
230,6871,14,4,5623,1,0,0,0,1,0,0,0,procedimiento,0,0.88,0,0
230,6872,11,2,3464,1,0,0,0,1,0,0,0,procedimiento,0,0.87,0,0
230,6873,8,3,2807,1,0,0,0,0,0,0,0,conceptual,0,0.76,1,0
230,6874,16,3,4010,1,0,0,0,1,0,0,0,procedimiento,0,0.85,0,0
230,6875,5,4,5918,1,1,0,0,1,0,0,0,procedimiento,0,0.85,0,0
230,6876,7,3,3678,2,0,0,0,0,0,0,0,aleatorio,0,0.74,1,0
230,6877,4,3,4407,1,0,0,0,1,0,0,0,procedimiento,0,0.83,0,0
230,6878,17,2,3261,2,0,0,0,0,0,0,0,inatencion,0,0.72,1,0
230,6879,19,3,2931,1,0,0,0,1,0,0,0,procedimiento,0,0.81,0,0
230,6880,13,2,3764,2,1,0,0,0,0,0,0,conceptual,0,0.7,1,0
230,6881,17,2,3153,1,1,2,0,1,0,0,0,procedimiento,0,0.79,0,0
230,6882,16,2,3339,1,0,0,0,0,0,0,0,conceptual,0,0.68,1,0
230,6883,3,3,4591,1,0,0,0,1,0,0,0,procedimiento,0,0.78,0,0
230,6884,11,3,4330,1,0,0,0,1,0,0,0,procedimiento,0,0.77,0,0
230,6885,9,2,3840,3,0,0,0,0,0,0,0,conceptual,0,0.66,1,0
230,6886,3,3,4542,1,0,0,0,1,0,0,0,procedimiento,0,0.75,0,0
230,6887,7,2,2835,3,0,0,0,0,0,0,0,consigna,0,0.64,1,0
230,6888,1,1,2705,1,0,0,0,1,0,0,0,procedimiento,0,0.73,0,0
230,6889,13,4,5177,1,0,0,0,1,0,0,0,procedimiento,0,0.72,0,0
230,6890,8,1,2182,1,0,0,0,1,0,0,0,procedimiento,0,0.71,0,0
230,6891,11,1,1721,1,0,0,1,1,0,0,0,procedimiento,0,0.7,0,0
230,6892,13,3,3756,2,0,0,0,0,0,0,0,conceptual,0,0.6,1,0
230,6893,16,3,6607,3,0,0,0,0,0,0,2,conceptual,1,0.49,2,0
230,6894,6,2,3387,1,0,0,0,0,0,0,0,aleatorio,1,0.38,3,0
230,6895,15,1,1831,1,0,0,1,1,0,0,0,procedimiento,0,0.67,0,0
230,6896,5,2,5279,1,0,0,0,1,0,0,0,procedimiento,0,0.66,0,0
230,6897,11,2,3567,1,0,0,0,1,0,0,0,procedimiento,0,0.65,0,0
230,6898,5,3,5189,1,1,0,0,0,0,0,0,inatencion,0,0.54,1,0
230,6899,2,1,2621,1,0,0,0,1,0,0,0,procedimiento,0,0.63,0,0
230,6900,4,1,3362,1,1,0,0,1,0,0,0,procedimiento,0,0.63,0,0
231,6901,16,2,3747,3,1,0,0,0,0,0,0,conceptual,0,0.72,1,0
231,6902,11,3,5376,1,1,1,0,0,0,0,0,consigna,1,0.62,2,0
231,6903,13,3,6016,3,1,1,0,0,0,0,0,inatencion,1,0.4,3,0
231,6904,9,2,4104,1,0,0,0,1,0,0,0,procedimiento,0,0.8,0,0
231,6905,13,3,3865,1,0,0,0,0,0,0,0,procedimiento,0,0.69,1,0
231,6906,9,4,5263,1,0,0,0,0,0,0,0,inatencion,1,0.58,2,0
231,6907,10,4,4785,1,0,0,0,1,0,0,0,procedimiento,0,0.77,0,0
231,6908,3,3,4774,3,1,0,0,0,0,0,0,consigna,0,0.67,1,0
231,6909,17,3,5089,1,0,0,0,1,0,0,0,procedimiento,0,0.76,0,0
231,6910,19,3,4576,1,0,0,0,1,0,0,0,procedimiento,0,0.75,0,0
231,6911,13,2,3912,1,0,0,0,0,0,0,0,inatencion,0,0.64,1,0
231,6912,11,2,4595,1,1,0,0,0,0,0,0,inatencion,1,0.53,2,0
231,6913,9,4,7358,1,0,0,0,1,0,0,0,procedimiento,0,0.73,0,0
231,6914,8,2,3076,2,0,0,0,0,0,0,0,inatencion,0,0.62,1,0
231,6915,9,4,6054,3,1,2,0,0,0,0,0,conceptual,1,0.51,2,0
231,6916,19,3,3743,1,1,0,0,0,0,0,0,inatencion,1,0.4,3,0
231,6917,7,3,4004,1,1,0,0,0,0,0,1,inatencion,1,0.29,4,0
231,6918,10,2,2859,1,1,0,0,1,0,0,0,procedimiento,0,0.68,0,0
231,6919,14,1,2776,1,0,0,0,1,0,0,0,procedimiento,0,0.68,0,0
231,6920,15,3,5866,1,0,0,0,1,0,0,0,procedimiento,0,0.67,0,0
231,6921,6,2,2767,1,0,0,0,1,0,0,0,procedimiento,0,0.66,0,0
231,6922,4,4,10980,1,0,0,0,1,0,0,0,procedimiento,0,0.45,0,1
231,6923,12,4,8046,1,0,0,0,1,0,0,0,procedimiento,0,0.64,0,0
231,6924,18,2,4362,2,0,0,0,0,0,0,0,inatencion,0,0.53,1,0
231,6925,7,1,3778,1,0,0,0,0,0,0,1,inatencion,1,0.43,2,0
231,6926,19,2,4585,1,1,0,0,0,0,0,1,inatencion,1,0.32,3,0
231,6927,9,4,10218,1,1,0,0,0,0,0,0,inatencion,1,0.21,4,0
231,6928,8,3,6348,1,0,0,0,1,0,0,0,procedimiento,0,0.6,0,0
231,6929,14,2,3800,1,0,0,0,0,0,0,0,aleatorio,0,0.49,1,0
231,6930,14,1,4899,1,0,0,0,1,2,0,0,procedimiento,0,0.59,0,0
232,6931,17,3,2851,2,1,0,0,0,0,0,0,conceptual,0,0.78,1,0
232,6932,4,1,1737,3,0,0,1,0,0,0,0,inatencion,1,0.68,2,0
232,6933,6,2,2208,2,0,0,0,0,0,0,0,inatencion,1,0.4,3,0
232,6934,18,1,1545,1,0,0,1,1,0,0,0,procedimiento,0,0.86,0,0
232,6935,17,2,2746,1,1,0,0,0,0,0,0,conceptual,0,0.75,1,0
232,6936,3,2,1922,1,1,0,1,1,0,0,0,procedimiento,0,0.84,0,0
232,6937,10,4,4770,2,0,0,0,0,0,0,0,procedimiento,0,0.73,1,0
232,6938,8,2,2702,1,1,0,0,1,0,0,0,procedimiento,0,0.82,0,0
232,6939,7,4,3661,3,1,1,0,0,0,0,0,procedimiento,0,0.71,1,0
232,6940,4,3,2386,2,1,0,0,0,0,0,0,inatencion,1,0.6,2,0
232,6941,16,2,1946,1,0,0,1,1,0,0,0,procedimiento,0,0.8,0,0
232,6942,12,3,2909,2,1,2,0,0,0,0,0,procedimiento,0,0.69,1,0
232,6943,18,4,5112,1,0,0,0,1,0,0,0,procedimiento,0,0.78,0,0
232,6944,15,3,2842,2,0,0,0,0,0,0,0,conceptual,0,0.67,1,0
232,6945,7,3,3513,1,1,0,0,0,0,0,0,aleatorio,1,0.56,2,0
232,6946,15,4,4603,2,1,0,0,0,0,0,0,inatencion,1,0.4,3,0
232,6947,9,4,4687,2,0,0,0,0,0,0,1,inatencion,1,0.34,4,0
232,6948,15,2,1948,2,0,0,1,0,0,0,3,inatencion,1,0.23,5,0
232,6949,3,3,3718,2,0,0,0,0,0,0,0,inatencion,1,0.15,6,0
232,6950,1,1,1878,1,0,0,1,1,0,0,0,procedimiento,0,0.72,0,0
232,6951,12,1,1566,1,0,0,1,1,0,0,0,procedimiento,0,0.71,0,0
232,6952,3,3,3733,1,0,0,0,1,0,0,0,procedimiento,0,0.7,0,0
232,6953,16,1,1987,1,0,0,1,0,0,0,0,inatencion,0,0.59,1,0
232,6954,8,2,2349,1,0,0,0,0,0,0,2,procedimiento,1,0.48,2,0
232,6955,8,4,6388,2,0,0,0,0,0,0,0,inatencion,1,0.37,3,0
232,6956,6,2,4192,2,0,0,0,0,0,0,1,inatencion,1,0.26,4,0
232,6957,4,2,3185,2,0,0,0,0,0,0,0,inatencion,1,0.15,5,0
232,6958,2,2,2796,1,0,0,0,0,0,0,2,aleatorio,1,0.15,6,0
232,6959,5,4,5698,3,1,0,0,0,0,0,1,aleatorio,1,0.15,7,0
232,6960,10,3,4856,1,1,0,0,0,0,0,0,inatencion,1,0.15,8,0
233,6961,1,3,3081,2,0,0,0,0,0,0,0,inatencion,0,0.51,1,0
233,6962,6,4,5902,1,1,1,0,1,0,0,0,procedimiento,0,0.6,0,0
233,6963,4,2,3523,2,1,0,0,0,0,0,0,inatencion,0,0.5,1,0
233,6964,11,1,2573,1,0,0,0,1,1,0,0,procedimiento,0,0.59,0,0
233,6965,15,4,4392,1,1,0,0,1,1,0,0,procedimiento,0,0.59,0,0
233,6966,14,1,1952,1,0,0,1,1,0,0,0,procedimiento,0,0.58,0,0
233,6967,19,3,4201,2,0,0,0,0,1,0,0,procedimiento,0,0.47,1,0
233,6968,8,3,3465,1,0,0,0,0,2,0,2,consigna,1,0.37,2,0
233,6969,13,1,2552,1,1,1,0,0,4,0,0,aleatorio,1,0.26,3,0
233,6970,1,3,2786,1,1,0,0,0,1,0,2,inatencion,1,0.16,4,0
233,6971,14,2,2157,1,1,0,0,0,0,0,2,inatencion,1,0.15,5,0
233,6972,15,3,4782,2,0,0,0,0,4,0,1,aleatorio,1,0.15,6,0
233,6973,15,2,2980,2,0,0,0,0,0,0,1,inatencion,1,0.15,7,0
233,6974,11,2,3621,1,0,0,0,0,2,0,4,aleatorio,1,0.15,8,0
233,6975,5,4,4779,1,1,0,0,1,2,0,0,procedimiento,0,0.53,0,0
233,6976,13,3,4360,1,0,0,0,0,0,0,0,procedimiento,0,0.42,1,0
233,6977,7,3,2799,2,1,1,0,0,0,0,1,inatencion,1,0.31,2,0
233,6978,19,3,4725,2,1,3,0,0,1,0,1,aleatorio,1,0.21,3,0
233,6979,13,2,3503,3,1,2,0,0,3,0,1,inatencion,1,0.15,4,0
233,6980,11,1,2508,1,1,0,0,1,0,575,0,procedimiento,1,0.49,0,0
233,6981,2,2,2871,1,1,0,0,0,2,2,0,conceptual,1,0.39,1,0
233,6982,5,2,4354,1,0,0,0,0,2,344,1,conceptual,1,0.28,2,0
233,6983,2,1,2405,1,0,0,0,0,2,235,1,aleatorio,1,0.18,3,0
233,6984,12,2,3236,2,0,0,0,0,3,21,3,inatencion,1,0.15,4,0
233,6985,16,2,3774,1,0,0,0,0,2,412,1,inatencion,1,0.15,5,0
233,6986,5,4,7090,1,0,0,0,0,1,288,0,inatencion,1,0.15,6,0
233,6987,2,1,3466,1,0,0,0,1,2,964,0,procedimiento,1,0.45,0,0
233,6988,1,2,3312,1,0,0,0,1,1,117,0,procedimiento,1,0.45,0,0
233,6989,18,3,5478,3,1,0,0,0,3,89,0,inatencion,1,0.34,1,0
233,6990,18,1,3155,1,0,0,0,1,1,391,0,procedimiento,1,0.43,0,0
234,6991,13,1,2177,1,0,0,0,1,0,0,0,procedimiento,0,0.98,0,0
234,6992,3,2,3102,1,0,0,0,0,0,0,0,conceptual,0,0.87,1,0
234,6993,16,2,2396,1,0,0,0,0,0,0,0,procedimiento,1,0.76,2,0
234,6994,2,2,2489,1,1,0,0,1,0,0,0,procedimiento,0,0.95,0,0
234,6995,6,2,2569,1,0,0,0,0,0,0,0,aleatorio,0,0.84,1,0
234,6996,14,1,2230,1,0,0,0,1,0,0,0,procedimiento,0,0.93,0,0
234,6997,17,2,1885,2,1,1,1,0,0,0,0,inatencion,0,0.82,1,0
234,6998,19,2,1853,1,0,0,1,1,0,0,0,procedimiento,0,0.91,0,0
234,6999,12,4,3940,1,1,1,0,0,0,0,0,conceptual,0,0.8,1,0
234,7000,2,3,3634,1,1,0,0,0,0,0,2,conceptual,1,0.69,2,0
234,7001,1,3,2973,2,1,0,0,0,0,0,0,inatencion,1,0.4,3,0
234,7002,8,3,2645,1,1,0,0,0,0,0,0,inatencion,1,0.4,4,0
234,7003,3,4,4717,1,0,0,0,1,0,0,0,procedimiento,0,0.86,0,0
234,7004,13,3,3802,3,1,0,0,0,0,0,0,consigna,0,0.75,1,0
234,7005,15,1,2200,1,0,0,0,1,0,0,0,procedimiento,0,0.84,0,0
234,7006,10,2,2766,1,1,0,0,1,0,0,0,procedimiento,0,0.83,0,0
234,7007,19,3,2451,1,0,0,0,1,0,0,0,procedimiento,0,0.82,0,0
234,7008,19,4,3903,1,0,0,0,1,0,0,0,procedimiento,0,0.81,0,0
234,7009,16,2,2638,1,1,0,0,1,0,0,0,procedimiento,0,0.8,0,0
234,7010,18,2,2369,2,0,0,0,0,0,0,0,procedimiento,0,0.69,1,0
234,7011,1,1,2167,2,0,0,0,0,0,0,1,inatencion,1,0.58,2,0
234,7012,17,1,2180,1,0,0,0,1,0,0,0,procedimiento,0,0.77,0,0
234,7013,6,2,2489,1,1,0,0,0,0,0,0,procedimiento,0,0.67,1,0
234,7014,12,2,2902,3,1,0,0,0,0,0,0,conceptual,1,0.56,2,0
234,7015,16,3,4428,1,0,0,0,1,0,0,0,procedimiento,0,0.75,0,0
234,7016,16,2,2759,1,0,0,0,1,0,0,0,procedimiento,0,0.74,0,0
234,7017,12,2,2059,1,0,0,0,0,0,0,0,procedimiento,0,0.63,1,0
234,7018,19,4,5473,2,1,0,0,0,0,0,1,procedimiento,1,0.52,2,0
234,7019,15,1,1738,1,0,0,1,1,0,0,0,procedimiento,0,0.71,0,0
234,7020,10,1,1913,2,1,0,1,0,0,0,0,inatencion,0,0.6,1,0
235,7021,4,4,4962,1,0,0,0,1,0,0,0,procedimiento,0,0.69,0,0
235,7022,2,4,5345,1,1,0,0,0,0,0,0,inatencion,0,0.58,1,0
235,7023,5,3,3559,2,1,0,0,0,0,0,0,conceptual,1,0.47,2,0
235,7024,1,3,3327,1,1,0,0,1,0,0,0,procedimiento,0,0.66,0,0
235,7025,4,3,3396,1,0,0,0,1,0,0,0,procedimiento,0,0.66,0,0
235,7026,10,1,2376,2,1,0,0,0,0,0,0,inatencion,0,0.55,1,0
235,7027,5,1,2471,1,0,0,0,0,0,0,2,procedimiento,1,0.44,2,0
235,7028,7,1,2494,2,1,0,0,0,0,0,0,inatencion,1,0.34,3,0
235,7029,14,3,3464,1,0,0,0,1,0,0,0,procedimiento,0,0.63,0,0
235,7030,8,2,3977,1,0,0,0,1,0,0,0,procedimiento,0,0.62,0,0
235,7031,17,2,4027,1,1,0,0,0,0,0,0,consigna,0,0.52,1,0
235,7032,18,3,4304,1,0,0,0,0,0,0,1,procedimiento,1,0.41,2,0
235,7033,11,2,2395,2,0,0,0,0,0,0,0,inatencion,1,0.3,3,0
235,7034,8,1,2879,2,1,0,0,0,1,0,2,inatencion,1,0.2,4,0
235,7035,6,1,2478,1,1,1,0,0,2,0,1,inatencion,1,0.15,5,0
235,7036,5,3,3083,3,1,1,0,0,1,0,1,inatencion,1,0.15,6,0
235,7037,17,3,4736,1,0,0,0,0,0,0,1,inatencion,1,0.15,7,0
235,7038,15,3,4522,2,1,0,0,0,3,0,2,inatencion,1,0.15,8,0
235,7039,7,3,4595,1,1,0,0,0,2,0,2,inatencion,1,0.15,9,0
235,7040,12,3,4343,2,1,3,0,0,0,0,3,aleatorio,1,0.15,10,0
235,7041,14,3,4535,1,0,0,0,0,1,0,2,inatencion,1,0.15,11,0
235,7042,8,2,3801,1,1,0,0,0,0,0,2,inatencion,1,0.15,12,0
235,7043,15,4,6385,1,0,0,0,0,3,0,2,inatencion,1,0.15,13,0
235,7044,3,2,3152,2,0,0,0,0,1,0,0,inatencion,1,0.15,14,0
235,7045,11,2,4239,1,0,0,0,0,0,0,0,inatencion,1,0.15,15,0
235,7046,8,4,5208,1,0,0,0,0,0,0,0,inatencion,1,0.15,16,0
235,7047,3,4,8407,1,0,0,0,0,2,0,2,aleatorio,1,0.15,17,0
235,7048,11,3,4123,3,0,0,0,0,4,0,0,inatencion,1,0.15,18,0
235,7049,18,1,3673,1,0,0,0,0,1,80,0,aleatorio,1,0.15,19,0
235,7050,12,1,2498,1,0,0,0,1,0,258,0,procedimiento,1,0.49,0,0
236,7051,5,3,3815,1,1,0,0,1,0,0,0,procedimiento,0,0.73,0,0
236,7052,12,3,3253,3,0,0,0,0,0,0,0,consigna,0,0.63,1,0
236,7053,18,2,2720,2,1,0,0,0,0,0,0,conceptual,1,0.52,2,0
236,7054,17,2,3060,1,0,0,0,0,0,0,0,aleatorio,1,0.4,3,0
236,7055,17,3,3892,3,0,0,0,0,0,0,0,aleatorio,1,0.3,4,0
236,7056,18,4,4002,3,0,0,0,0,0,0,0,inatencion,1,0.2,5,0
236,7057,19,2,3035,1,1,0,0,1,0,0,0,procedimiento,0,0.69,0,0
236,7058,11,1,1930,1,0,0,1,1,0,0,0,procedimiento,0,0.68,0,0
236,7059,5,4,3869,1,0,0,0,0,0,0,0,consigna,0,0.57,1,0
236,7060,8,3,2480,1,1,0,0,1,0,0,0,procedimiento,0,0.67,0,0
236,7061,6,2,2187,3,0,0,0,0,0,0,0,conceptual,0,0.56,1,0
236,7062,8,2,2092,3,1,0,0,0,0,0,0,consigna,1,0.45,2,0
236,7063,11,2,2046,1,0,0,0,1,0,0,0,procedimiento,0,0.64,0,0
236,7064,13,4,3846,1,0,0,0,0,0,0,0,conceptual,0,0.54,1,0
236,7065,12,1,2134,1,0,0,0,1,0,0,0,procedimiento,0,0.63,0,0
236,7066,10,1,1780,2,0,0,1,0,0,0,0,inatencion,0,0.52,1,0
236,7067,8,2,2217,1,1,0,0,1,0,0,0,procedimiento,0,0.62,0,0
236,7068,8,3,4013,1,1,0,0,1,0,0,0,procedimiento,0,0.61,0,0
236,7069,16,2,2920,1,0,0,0,1,0,0,0,procedimiento,0,0.6,0,0
236,7070,10,2,2959,1,0,0,0,1,0,0,0,procedimiento,0,0.59,0,0
236,7071,12,2,2057,2,0,0,0,0,0,0,0,inatencion,0,0.49,1,0
236,7072,5,2,2664,1,0,0,0,0,2,0,2,inatencion,1,0.38,2,0
236,7073,7,2,3152,1,0,0,0,1,2,0,0,procedimiento,0,0.57,0,0
236,7074,18,4,4251,1,1,0,0,0,1,0,0,aleatorio,0,0.46,1,0
236,7075,3,3,4845,2,1,0,0,0,1,0,0,inatencion,1,0.36,2,0
236,7076,3,1,3211,3,0,0,0,0,2,0,1,inatencion,1,0.25,3,0
236,7077,12,3,5446,1,1,0,0,0,0,0,1,aleatorio,1,0.15,4,0
236,7078,9,2,4176,1,0,0,0,0,1,0,0,inatencion,1,0.15,5,0
236,7079,10,2,1933,2,0,0,1,0,2,0,1,aleatorio,1,0.15,6,0
236,7080,10,2,1972,1,0,0,1,1,3,0,0,procedimiento,0,0.52,0,0
237,7081,10,2,3431,1,0,0,0,1,0,0,0,procedimiento,0,0.79,0,0
237,7082,1,3,4797,1,1,1,0,1,0,0,0,procedimiento,0,0.79,0,0
237,7083,1,2,3708,1,0,0,0,1,0,0,0,procedimiento,0,0.78,0,0
237,7084,7,2,3738,1,0,0,0,1,0,0,0,procedimiento,0,0.77,0,0
237,7085,5,2,3708,1,1,0,0,0,0,0,0,consigna,0,0.66,1,0
237,7086,8,2,3156,1,0,0,0,1,0,0,0,procedimiento,0,0.75,0,0
237,7087,4,2,2943,1,0,0,0,0,0,0,0,procedimiento,0,0.65,1,0
237,7088,13,1,2596,1,0,0,0,1,0,0,0,procedimiento,0,0.74,0,0
237,7089,7,4,5069,1,0,0,0,0,0,0,0,conceptual,0,0.63,1,0
237,7090,16,2,4057,2,0,0,0,0,0,0,2,inatencion,1,0.52,2,0
237,7091,16,4,5885,3,0,0,0,0,0,0,1,aleatorio,1,0.4,3,0
237,7092,16,2,2722,1,1,0,0,0,0,0,1,inatencion,1,0.31,4,0
237,7093,2,2,3330,1,1,1,0,1,0,0,0,procedimiento,0,0.7,0,0
237,7094,15,2,3227,2,0,0,0,0,0,0,0,procedimiento,0,0.59,1,0
237,7095,13,2,3535,1,1,0,0,1,0,0,0,procedimiento,0,0.68,0,0
237,7096,8,2,3608,1,0,0,0,1,0,0,0,procedimiento,0,0.68,0,0
237,7097,19,2,3147,1,0,0,0,0,0,0,0,conceptual,0,0.57,1,0
237,7098,4,3,5292,1,0,0,0,0,0,0,0,procedimiento,1,0.46,2,0
237,7099,6,4,5126,3,0,0,0,0,0,0,2,inatencion,1,0.35,3,0
237,7100,16,3,3944,1,0,0,0,0,0,0,1,aleatorio,1,0.24,4,0
237,7101,6,2,2591,1,1,3,0,1,0,0,0,procedimiento,0,0.64,0,0
237,7102,19,1,3396,2,0,0,0,0,0,0,0,procedimiento,0,0.53,1,0
237,7103,2,2,4967,3,0,0,0,0,0,0,2,procedimiento,1,0.42,2,0
237,7104,15,1,2587,1,0,0,0,1,0,0,0,procedimiento,0,0.61,0,0
237,7105,13,1,2277,1,0,0,0,1,0,0,0,procedimiento,0,0.6,0,0
237,7106,14,4,6104,1,1,1,0,0,2,0,0,procedimiento,0,0.5,1,0
237,7107,18,4,6451,1,1,0,0,0,0,0,0,consigna,1,0.39,2,0
237,7108,7,2,3733,2,1,0,0,0,1,0,0,inatencion,1,0.28,3,0
237,7109,13,2,3603,2,0,0,0,0,0,0,0,inatencion,1,0.17,4,0
237,7110,15,1,4031,1,0,0,0,1,1,0,0,procedimiento,0,0.56,0,0
238,7111,7,2,1863,1,1,0,1,1,0,0,0,procedimiento,0,0.86,0,0
238,7112,5,2,1637,2,0,0,1,0,0,0,0,inatencion,0,0.75,1,0
238,7113,10,4,3844,1,0,0,0,1,0,0,0,procedimiento,0,0.84,0,0
238,7114,17,3,2423,3,1,0,0,0,0,0,0,procedimiento,0,0.73,1,0
238,7115,15,3,2211,1,1,1,0,0,0,0,0,inatencion,1,0.63,2,0
238,7116,19,1,1457,1,0,0,1,1,0,0,0,procedimiento,0,0.82,0,0
238,7117,4,1,1499,1,1,0,1,0,0,0,0,aleatorio,0,0.71,1,0
238,7118,8,4,3084,1,1,1,0,1,0,0,0,procedimiento,0,0.8,0,0
238,7119,9,2,2142,2,0,0,0,0,0,0,0,conceptual,0,0.69,1,0
238,7120,4,2,2194,2,0,0,0,0,0,0,0,inatencion,1,0.58,2,0
238,7121,18,2,1876,1,1,0,1,0,0,0,0,inatencion,1,0.4,3,0
238,7122,3,2,2009,1,0,0,0,1,0,0,0,procedimiento,0,0.77,0,0
238,7123,8,4,3033,1,0,0,0,1,0,0,0,procedimiento,0,0.76,0,0
238,7124,6,2,2142,2,1,2,0,0,0,0,0,conceptual,0,0.65,1,0
238,7125,16,2,2227,2,1,0,0,0,0,0,0,consigna,1,0.54,2,0
238,7126,11,2,1761,1,0,0,1,1,0,0,0,procedimiento,0,0.73,0,0
238,7127,8,1,1166,3,0,0,1,0,0,0,0,inatencion,0,0.62,1,0
238,7128,4,1,1087,2,1,0,1,0,0,0,0,aleatorio,1,0.51,2,0
238,7129,5,3,2277,2,1,1,0,0,0,0,0,inatencion,1,0.4,3,0
238,7130,13,1,1697,1,0,0,1,1,0,0,0,procedimiento,0,0.7,0,0
238,7131,15,2,1952,2,0,0,1,0,0,0,0,aleatorio,0,0.59,1,0
238,7132,17,3,2623,1,0,0,0,1,0,0,0,procedimiento,0,0.68,0,0
238,7133,8,3,2486,2,0,0,0,0,0,0,0,consigna,0,0.57,1,0
238,7134,13,4,4011,3,1,0,0,0,0,0,0,inatencion,1,0.46,2,0
238,7135,19,3,2417,3,0,0,0,0,0,0,0,inatencion,1,0.35,3,0
238,7136,2,2,3495,1,0,0,0,0,0,0,0,inatencion,1,0.25,4,0
238,7137,8,4,3663,2,0,0,0,0,0,0,2,inatencion,1,0.15,5,0
238,7138,4,2,2187,2,1,0,0,0,0,0,0,inatencion,1,0.15,6,0
238,7139,7,2,2191,2,0,0,0,0,0,0,0,inatencion,1,0.15,7,0
238,7140,3,2,2230,1,1,1,0,0,0,0,1,inatencion,1,0.15,8,0
239,7141,16,4,3912,1,1,1,0,1,0,0,0,procedimiento,0,0.69,0,0
239,7142,3,2,2459,1,0,0,0,1,0,0,0,procedimiento,0,0.68,0,0
239,7143,7,2,2736,3,1,0,0,0,0,0,0,inatencion,0,0.57,1,0
239,7144,12,4,3995,1,1,0,0,0,0,0,0,conceptual,1,0.46,2,0
239,7145,13,2,2214,1,0,0,0,0,0,0,0,inatencion,1,0.36,3,0
239,7146,16,3,3548,1,0,0,0,0,0,0,0,aleatorio,1,0.25,4,0
239,7147,16,3,2337,2,0,0,0,0,0,0,0,inatencion,1,0.15,5,0
239,7148,9,3,2955,2,0,0,0,0,0,0,1,aleatorio,1,0.15,6,0
239,7149,5,2,1851,1,0,0,1,0,0,0,0,inatencion,1,0.15,7,0
239,7150,17,3,2539,1,0,0,0,0,0,0,0,inatencion,1,0.15,8,0
239,7151,9,3,2419,1,1,1,0,0,0,0,0,aleatorio,1,0.15,9,0
239,7152,2,2,2654,1,0,0,0,1,0,0,0,procedimiento,0,0.61,0,0
239,7153,13,3,2133,1,0,0,0,0,0,0,0,inatencion,0,0.5,1,0
239,7154,15,1,1286,1,0,0,1,1,2,0,0,procedimiento,0,0.6,0,0
239,7155,5,2,2360,2,0,0,0,0,2,0,0,inatencion,0,0.49,1,0
239,7156,12,3,2422,1,0,0,0,1,0,0,0,procedimiento,0,0.58,0,0
239,7157,18,3,3396,1,1,0,0,1,0,0,0,procedimiento,0,0.58,0,0
239,7158,5,1,1484,1,0,0,1,1,2,0,0,procedimiento,0,0.57,0,0
239,7159,18,4,2810,2,0,0,0,0,2,0,0,consigna,0,0.46,1,0
239,7160,10,1,1291,2,1,1,1,0,1,0,2,aleatorio,1,0.36,2,0
239,7161,8,3,2928,2,0,0,0,0,4,0,0,inatencion,1,0.25,3,0
239,7162,5,3,2429,1,0,0,0,1,3,0,0,procedimiento,0,0.54,0,0
239,7163,3,2,3072,3,0,0,0,0,1,0,0,consigna,0,0.43,1,0
239,7164,15,3,2575,1,0,0,0,0,1,0,0,inatencion,1,0.33,2,0
239,7165,6,2,2595,1,0,0,0,1,2,0,0,procedimiento,0,0.52,0,0
239,7166,6,3,4428,1,0,0,0,1,1,0,0,procedimiento,0,0.51,0,0
239,7167,1,2,3860,1,0,0,0,0,3,0,0,inatencion,0,0.41,1,0
239,7168,12,2,3261,1,0,0,0,0,0,0,1,procedimiento,1,0.3,2,0
239,7169,5,1,1854,1,1,0,1,1,3,1333,0,procedimiento,1,0.49,0,0
239,7170,1,4,4400,2,1,0,0,0,0,1112,0,procedimiento,1,0.39,1,0
240,7171,19,1,2149,2,0,0,0,0,0,0,0,procedimiento,0,0.62,1,0
240,7172,15,1,2090,1,0,0,0,1,0,0,0,procedimiento,0,0.71,0,0
240,7173,11,3,5385,1,1,1,0,0,0,0,0,conceptual,0,0.6,1,0
240,7174,1,3,4368,1,1,1,0,1,0,0,0,procedimiento,0,0.7,0,0
240,7175,14,3,4356,1,1,0,0,0,0,0,0,inatencion,0,0.59,1,0
240,7176,19,2,3450,1,0,0,0,1,0,0,0,procedimiento,0,0.68,0,0
240,7177,15,3,4396,2,1,0,0,0,0,0,0,inatencion,0,0.57,1,0
240,7178,16,2,3231,1,0,0,0,1,0,0,0,procedimiento,0,0.67,0,0
240,7179,13,3,4160,1,0,0,0,1,0,0,0,procedimiento,0,0.66,0,0
240,7180,15,3,5697,3,1,0,0,0,0,0,0,aleatorio,0,0.55,1,0
240,7181,10,1,3321,2,0,0,0,0,0,0,2,procedimiento,1,0.45,2,0
240,7182,18,3,5061,2,0,0,0,0,0,0,0,inatencion,1,0.34,3,0
240,7183,10,1,3048,2,0,0,0,0,0,0,0,inatencion,1,0.23,4,0
240,7184,10,2,3357,1,0,0,0,0,0,0,1,inatencion,1,0.15,5,0
240,7185,7,1,3054,1,0,0,0,0,0,0,1,aleatorio,1,0.15,6,0
240,7186,3,4,5618,1,0,0,0,1,0,0,0,procedimiento,0,0.61,0,0
240,7187,15,2,3905,1,0,0,0,1,0,0,0,procedimiento,0,0.6,0,0
240,7188,2,1,2508,1,0,0,0,0,2,0,0,inatencion,0,0.5,1,0
240,7189,13,2,3788,1,1,0,0,1,1,0,0,procedimiento,0,0.59,0,0
240,7190,17,3,5128,2,1,0,0,0,0,0,0,procedimiento,0,0.48,1,0
240,7191,6,2,3337,2,0,0,0,0,3,0,0,inatencion,1,0.37,2,0
240,7192,17,1,3499,1,0,0,0,1,0,0,0,procedimiento,0,0.57,0,0
240,7193,2,1,3553,1,0,0,0,1,3,0,0,procedimiento,0,0.56,0,0
240,7194,19,1,3357,1,0,0,0,1,1,0,0,procedimiento,0,0.55,0,0
240,7195,16,1,3071,1,0,0,0,1,0,0,0,procedimiento,0,0.54,0,0
240,7196,9,3,4066,1,0,0,0,0,1,0,0,inatencion,0,0.44,1,0
240,7197,1,4,7441,1,1,1,0,0,2,0,1,procedimiento,1,0.33,2,0
240,7198,8,2,6173,1,0,0,0,0,1,0,0,inatencion,1,0.22,3,0
240,7199,13,2,5342,3,0,0,0,0,1,0,2,inatencion,1,0.15,4,0
240,7200,11,3,4696,3,1,1,0,0,2,0,0,inatencion,1,0.15,5,0
241,7201,19,1,1954,2,0,0,1,0,0,0,0,inatencion,0,0.88,1,0
241,7202,8,2,2203,1,0,0,0,1,0,0,0,procedimiento,0,0.97,0,0
241,7203,8,2,3122,1,0,0,0,1,0,0,0,procedimiento,0,0.96,0,0
241,7204,16,3,4244,1,1,0,0,0,0,0,0,inatencion,0,0.85,1,0
241,7205,9,3,2573,1,1,0,0,0,0,0,0,inatencion,1,0.74,2,0
241,7206,12,2,3298,1,0,0,0,1,0,0,0,procedimiento,0,0.93,0,0
241,7207,3,1,2010,1,1,1,0,1,0,0,0,procedimiento,0,0.92,0,0
241,7208,15,2,2992,3,0,0,0,0,0,0,0,inatencion,0,0.81,1,0
241,7209,2,2,3334,3,0,0,0,0,0,0,0,inatencion,1,0.7,2,0
241,7210,3,4,3758,1,0,0,0,1,0,0,0,procedimiento,0,0.9,0,0
241,7211,10,3,3382,1,1,0,0,0,0,0,0,consigna,0,0.79,1,0
241,7212,4,2,2094,1,0,0,0,0,0,0,0,procedimiento,1,0.68,2,0
241,7213,6,1,1538,1,0,0,1,1,0,0,0,procedimiento,0,0.87,0,0
241,7214,10,4,4394,1,0,0,0,0,0,0,0,procedimiento,0,0.76,1,0
241,7215,4,2,3220,3,0,0,0,0,0,0,0,conceptual,1,0.65,2,0
241,7216,8,1,1647,1,0,0,1,1,0,0,0,procedimiento,0,0.84,0,0
241,7217,7,2,3144,1,1,0,0,0,0,0,0,aleatorio,0,0.73,1,0
241,7218,15,3,2933,2,0,0,0,0,0,0,1,conceptual,1,0.62,2,0
241,7219,3,3,3676,1,1,1,0,0,0,0,1,aleatorio,1,0.4,3,0
241,7220,14,2,2023,1,1,0,0,0,0,0,1,aleatorio,1,0.4,4,0
241,7221,10,1,1694,1,0,0,1,0,0,0,0,inatencion,1,0.29,5,0
241,7222,18,3,3794,3,0,0,0,0,0,0,0,inatencion,1,0.18,6,0
241,7223,4,2,2249,1,1,0,0,0,0,0,1,inatencion,1,0.15,7,0
241,7224,1,2,3247,1,1,0,0,0,0,0,0,inatencion,1,0.15,8,0
241,7225,16,4,5026,2,1,0,0,0,0,0,1,inatencion,1,0.15,9,0
241,7226,6,1,3498,1,1,0,0,1,0,0,0,procedimiento,0,0.74,0,0
241,7227,6,2,3751,1,1,0,0,0,0,0,0,inatencion,0,0.63,1,0
241,7228,17,2,3658,1,0,0,0,0,0,0,0,inatencion,1,0.52,2,0
241,7229,11,2,3189,3,0,0,0,0,0,0,1,inatencion,1,0.4,3,0
241,7230,13,2,3893,2,1,2,0,0,0,0,0,inatencion,1,0.3,4,0
242,7231,1,2,3021,1,0,0,0,1,0,0,0,procedimiento,0,0.54,0,0
242,7232,11,4,5275,3,0,0,0,0,4,0,0,conceptual,0,0.43,1,0
242,7233,15,2,2764,1,1,1,0,1,2,0,0,procedimiento,0,0.52,0,0
242,7234,17,2,3062,1,0,0,0,0,0,0,0,procedimiento,0,0.42,1,0
242,7235,6,4,5193,1,0,0,0,1,0,0,0,procedimiento,0,0.51,0,0
242,7236,1,3,4397,1,0,0,0,1,2,0,0,procedimiento,0,0.51,0,0
242,7237,17,4,4968,1,0,0,0,1,1,0,0,procedimiento,0,0.5,0,0
242,7238,10,2,2459,1,0,0,0,1,1,1651,0,procedimiento,1,0.5,0,0
242,7239,10,2,2743,1,0,0,0,0,2,273,0,conceptual,1,0.39,1,0
242,7240,19,1,2278,1,0,0,0,0,1,81,1,procedimiento,1,0.29,2,0
242,7241,12,4,4756,1,1,1,0,0,2,364,2,inatencion,1,0.18,3,0
242,7242,13,2,3634,1,1,0,0,0,2,414,1,inatencion,1,0.15,4,0
242,7243,15,3,4853,2,1,0,0,0,0,243,1,inatencion,1,0.15,5,0
242,7244,10,2,3281,1,1,0,0,1,2,803,0,procedimiento,1,0.47,0,0
242,7245,4,3,4023,1,1,0,0,1,1,967,0,procedimiento,1,0.46,0,0
242,7246,16,3,3067,2,0,0,0,0,4,1114,0,inatencion,1,0.36,1,0
242,7247,10,2,2559,3,0,0,0,0,0,152,4,inatencion,1,0.25,2,0
242,7248,8,3,4898,1,0,0,0,0,2,723,1,aleatorio,1,0.15,3,0
242,7249,16,2,2768,1,1,0,0,1,0,269,0,procedimiento,1,0.44,0,0
242,7250,5,2,2498,2,1,0,0,0,1,104,0,conceptual,1,0.33,1,0
242,7251,19,3,4692,2,0,0,0,0,2,276,1,inatencion,1,0.23,2,0
242,7252,17,2,2665,2,1,1,0,0,0,96,3,inatencion,1,0.15,3,0
242,7253,12,1,3026,1,0,0,0,0,0,454,0,inatencion,1,0.15,4,0
242,7254,12,3,3841,2,1,1,0,0,0,210,1,aleatorio,1,0.15,5,0
242,7255,4,3,3830,1,0,0,0,0,2,1678,5,aleatorio,1,0.15,6,0
242,7256,4,2,4944,1,0,0,0,0,3,137,2,inatencion,1,0.15,7,0
242,7257,13,4,6290,1,0,0,0,0,1,136,1,inatencion,1,0.15,8,0
242,7258,17,3,5249,1,1,0,0,1,6,579,2,procedimiento,1,0.39,0,0
242,7259,1,2,3365,1,0,0,0,1,3,56,0,procedimiento,1,0.39,0,0
242,7260,5,2,3331,1,1,0,0,1,3,297,0,procedimiento,1,0.38,0,0
243,7261,9,2,3137,1,0,0,0,0,0,0,0,inatencion,0,0.81,1,0
243,7262,1,1,1538,1,0,0,1,1,0,0,0,procedimiento,0,0.9,0,0
243,7263,7,2,1989,1,0,0,1,1,0,0,0,procedimiento,0,0.89,0,0
243,7264,2,3,4041,3,1,1,0,0,0,0,0,consigna,0,0.78,1,0
243,7265,9,2,2639,1,1,0,0,0,0,0,1,inatencion,1,0.67,2,0
243,7266,4,2,2534,1,1,1,0,0,0,0,0,inatencion,1,0.4,3,0
243,7267,3,2,3327,2,1,0,0,0,0,0,0,inatencion,1,0.4,4,0
243,7268,5,4,3603,2,0,0,0,0,0,0,0,inatencion,1,0.34,5,0
243,7269,10,1,2101,1,0,0,0,1,0,0,0,procedimiento,0,0.83,0,0
243,7270,13,3,3902,2,0,0,0,0,0,0,0,inatencion,0,0.72,1,0
243,7271,11,3,4284,1,1,0,0,0,0,0,0,inatencion,1,0.62,2,0
243,7272,13,3,3411,3,0,0,0,0,0,0,2,aleatorio,1,0.4,3,0
243,7273,10,4,4756,2,1,0,0,0,0,0,0,aleatorio,1,0.4,4,0
243,7274,18,2,2475,1,0,0,0,0,0,0,0,aleatorio,1,0.29,5,0
243,7275,16,3,2703,2,1,0,0,0,0,0,0,inatencion,1,0.18,6,0
243,7276,5,1,1886,1,0,0,1,1,0,0,0,procedimiento,0,0.77,0,0
243,7277,1,3,3583,2,0,0,0,0,0,0,0,consigna,0,0.66,1,0
243,7278,9,1,2185,1,1,0,0,1,0,0,0,procedimiento,0,0.75,0,0
243,7279,2,2,2082,3,0,0,0,0,0,0,0,conceptual,0,0.64,1,0
243,7280,11,3,3134,1,1,0,0,0,0,0,1,procedimiento,1,0.53,2,0
243,7281,9,1,2349,1,0,0,0,1,0,0,0,procedimiento,0,0.72,0,0
243,7282,11,3,4605,1,0,0,0,0,0,0,0,conceptual,0,0.62,1,0
243,7283,19,3,3519,3,1,0,0,0,0,0,1,consigna,1,0.51,2,0
243,7284,13,2,3882,2,1,0,0,0,0,0,0,inatencion,1,0.4,3,0
243,7285,1,2,2271,2,0,0,0,0,0,0,0,inatencion,1,0.29,4,0
243,7286,11,3,4681,2,1,0,0,0,0,0,0,aleatorio,1,0.18,5,0
243,7287,16,4,4183,2,0,0,0,0,0,0,1,inatencion,1,0.15,6,0
243,7288,13,1,2577,1,0,0,0,0,0,0,1,aleatorio,1,0.15,7,0
243,7289,4,2,3669,1,0,0,0,0,0,0,0,aleatorio,1,0.15,8,0
243,7290,7,2,4147,1,0,0,0,1,0,0,0,procedimiento,0,0.64,0,0
244,7291,13,2,3568,2,0,0,0,0,0,0,0,consigna,0,0.67,1,0
244,7292,6,3,3733,1,0,0,0,1,0,0,0,procedimiento,0,0.76,0,0
244,7293,5,1,2523,1,0,0,0,0,0,0,0,conceptual,0,0.65,1,0
244,7294,14,2,3111,2,0,0,0,0,0,0,0,inatencion,1,0.54,2,0
244,7295,15,3,3655,1,0,0,0,1,0,0,0,procedimiento,0,0.74,0,0
244,7296,3,3,5396,3,1,0,0,0,0,0,0,procedimiento,0,0.63,1,0
244,7297,16,2,2961,1,0,0,0,0,0,0,3,procedimiento,1,0.52,2,0
244,7298,10,2,2970,1,0,0,0,1,0,0,0,procedimiento,0,0.71,0,0
244,7299,8,2,2514,1,0,0,0,0,0,0,0,conceptual,0,0.61,1,0
244,7300,16,1,2512,1,0,0,0,1,0,0,0,procedimiento,0,0.7,0,0
244,7301,7,1,2339,1,1,0,0,1,0,0,0,procedimiento,0,0.69,0,0
244,7302,12,4,5820,3,0,0,0,0,0,0,0,procedimiento,0,0.58,1,0
244,7303,14,3,4098,2,0,0,0,0,0,0,0,inatencion,1,0.48,2,0
244,7304,17,3,5259,1,1,0,0,1,0,0,0,procedimiento,0,0.67,0,0
244,7305,8,1,2653,1,0,0,0,1,0,0,0,procedimiento,0,0.66,0,0
244,7306,19,3,5026,2,1,1,0,0,0,0,0,inatencion,0,0.55,1,0
244,7307,6,3,4105,1,0,0,0,1,0,0,0,procedimiento,0,0.64,0,0
244,7308,2,4,5291,1,1,0,0,1,0,0,0,procedimiento,0,0.64,0,0
244,7309,8,2,3475,2,1,0,0,0,0,0,0,aleatorio,0,0.53,1,0
244,7310,11,4,4669,2,1,2,0,0,0,0,1,consigna,1,0.42,2,0
244,7311,4,3,3602,2,0,0,0,0,0,0,0,aleatorio,1,0.31,3,0
244,7312,10,1,2977,2,0,0,0,0,0,0,0,inatencion,1,0.21,4,0
244,7313,4,1,3729,1,0,0,0,1,0,0,0,procedimiento,0,0.6,0,0
244,7314,19,3,5251,1,0,0,0,1,0,0,0,procedimiento,0,0.59,0,0
244,7315,14,2,4195,1,1,2,0,0,2,0,0,conceptual,0,0.48,1,0
244,7316,3,1,2715,1,0,0,0,1,0,0,0,procedimiento,0,0.58,0,0
244,7317,7,1,2431,1,0,0,0,1,2,0,0,procedimiento,0,0.57,0,0
244,7318,18,3,6687,1,1,0,0,0,0,0,0,consigna,0,0.46,1,0
244,7319,5,2,2926,1,0,0,0,1,0,0,0,procedimiento,0,0.55,0,0
244,7320,17,4,6724,3,0,0,0,0,0,0,0,conceptual,0,0.44,1,0
245,7321,18,4,4850,1,1,1,0,1,0,821,0,procedimiento,1,0.44,0,0
245,7322,13,3,3947,1,0,0,0,1,1,1252,0,procedimiento,1,0.44,0,0
245,7323,9,3,3881,1,0,0,0,1,1,4,0,procedimiento,1,0.43,0,0
245,7324,5,3,4083,3,1,0,0,0,2,1341,0,consigna,1,0.33,1,0
245,7325,4,3,4565,1,1,2,0,0,3,34,2,inatencion,1,0.22,2,0
245,7326,2,2,2904,1,0,0,0,1,0,1061,0,procedimiento,1,0.42,0,0
245,7327,1,3,5016,1,0,0,0,1,0,1230,0,procedimiento,1,0.41,0,0
245,7328,10,3,4529,2,1,0,0,0,1,964,0,procedimiento,1,0.31,1,0
245,7329,11,3,3962,2,0,0,0,0,0,488,0,inatencion,1,0.2,2,0
245,7330,14,3,3766,1,0,0,0,1,1,1103,4,procedimiento,1,0.4,0,0
245,7331,6,3,3743,2,0,0,0,0,4,115,0,inatencion,1,0.3,1,0
245,7332,18,3,4095,1,1,0,0,1,1,1019,1,procedimiento,1,0.39,0,0
245,7333,16,3,3625,2,1,0,0,0,0,163,0,consigna,1,0.29,1,0
245,7334,10,3,5666,1,0,0,0,1,2,2160,1,procedimiento,1,0.38,0,0
245,7335,19,2,4160,2,1,0,0,0,2,7,2,procedimiento,1,0.28,1,0
245,7336,15,4,5374,3,1,0,0,0,0,334,2,inatencion,1,0.17,2,0
245,7337,3,4,6704,1,1,1,0,1,1,1370,3,procedimiento,1,0.37,0,0
245,7338,4,3,3901,1,1,0,0,0,1,71,1,inatencion,1,0.26,1,0
245,7339,4,3,5545,1,0,0,0,0,3,94,0,aleatorio,1,0.16,2,0
245,7340,19,2,4436,3,0,0,0,0,1,1976,3,inatencion,1,0.15,3,0
245,7341,1,3,4869,1,0,0,0,0,3,1116,2,inatencion,1,0.15,4,0
245,7342,12,2,5439,1,0,0,0,0,1,379,0,inatencion,1,0.15,5,0
245,7343,4,4,9004,2,1,1,0,0,1,604,2,aleatorio,1,0.15,6,0
245,7344,8,2,6249,1,1,0,0,0,2,582,1,aleatorio,1,0.15,7,0
245,7345,8,2,5408,1,0,0,0,1,0,617,0,procedimiento,1,0.33,0,0
245,7346,7,3,5895,1,1,0,0,1,1,1320,2,procedimiento,1,0.33,0,0
245,7347,4,2,2996,1,1,0,0,1,5,633,0,procedimiento,1,0.33,0,0
245,7348,7,3,6534,1,0,0,0,1,1,60,1,procedimiento,1,0.32,0,0
245,7349,19,1,4138,1,1,0,0,0,6,664,2,consigna,1,0.22,1,0
245,7350,2,3,6531,1,1,0,0,1,3,588,2,procedimiento,1,0.31,0,0
246,7351,11,4,4605,1,1,0,0,0,0,0,0,procedimiento,0,0.63,1,0
246,7352,6,2,1872,1,0,0,1,1,0,0,0,procedimiento,0,0.73,0,0
246,7353,4,2,2317,1,1,1,0,1,0,0,0,procedimiento,0,0.72,0,0
246,7354,10,4,3586,1,0,0,0,1,0,0,0,procedimiento,0,0.71,0,0
246,7355,19,4,3468,1,0,0,0,0,0,0,0,conceptual,0,0.6,1,0
246,7356,10,2,1896,3,0,0,1,0,0,0,0,aleatorio,1,0.5,2,0
246,7357,4,2,2672,1,1,0,0,0,0,0,1,aleatorio,1,0.39,3,0
246,7358,5,1,1988,1,0,0,1,0,0,0,0,inatencion,1,0.28,4,0
246,7359,17,4,4429,1,0,0,0,1,0,0,0,procedimiento,0,0.67,0,0
246,7360,2,3,2919,1,0,0,0,0,0,0,0,conceptual,0,0.57,1,0
246,7361,6,2,2766,1,1,0,0,0,0,0,1,inatencion,1,0.46,2,0
246,7362,15,3,3113,1,1,0,0,0,0,0,0,aleatorio,1,0.35,3,0
246,7363,2,1,1959,2,1,1,1,0,0,0,1,aleatorio,1,0.25,4,0
246,7364,10,1,1653,1,0,0,1,1,0,0,0,procedimiento,0,0.64,0,0
246,7365,15,4,4369,1,1,0,0,0,0,0,0,procedimiento,0,0.53,1,0
246,7366,3,2,2516,2,1,0,0,0,0,0,0,inatencion,1,0.42,2,0
246,7367,15,3,2181,1,1,0,0,0,0,0,0,inatencion,1,0.32,3,0
246,7368,10,2,2219,2,0,0,0,0,0,0,1,aleatorio,1,0.21,4,0
246,7369,17,2,2189,2,0,0,0,0,0,0,0,inatencion,1,0.15,5,0
246,7370,3,2,2939,1,0,0,0,0,0,0,0,inatencion,1,0.15,6,0
246,7371,14,3,2564,1,0,0,0,1,0,0,0,procedimiento,0,0.59,0,0
246,7372,3,2,4173,3,0,0,0,0,5,0,0,inatencion,0,0.48,1,0
246,7373,2,3,2919,1,0,0,0,0,2,0,0,conceptual,1,0.37,2,0
246,7374,16,4,4522,2,1,2,0,0,2,0,0,inatencion,1,0.26,3,0
246,7375,11,4,6815,1,1,0,0,1,1,0,0,procedimiento,0,0.56,0,0
246,7376,7,3,3449,2,0,0,0,0,1,0,0,conceptual,0,0.45,1,0
246,7377,9,4,4493,1,1,1,0,0,1,0,0,procedimiento,1,0.34,2,0
246,7378,17,3,3272,1,0,0,0,0,0,0,2,inatencion,1,0.24,3,0
246,7379,5,3,3933,1,0,0,0,0,1,0,1,aleatorio,1,0.15,4,0
246,7380,13,1,1516,3,0,0,1,0,4,0,0,inatencion,1,0.15,5,0
247,7381,3,2,3183,1,0,0,0,1,0,0,0,procedimiento,0,0.96,0,0
247,7382,12,2,4719,1,0,0,0,1,0,0,0,procedimiento,0,0.95,0,0
247,7383,10,3,5864,1,1,0,0,0,0,0,0,inatencion,0,0.84,1,0
247,7384,12,3,4039,1,1,0,0,1,0,0,0,procedimiento,0,0.93,0,0
247,7385,9,3,6213,1,0,0,0,0,0,0,0,conceptual,0,0.82,1,0
247,7386,16,1,3250,3,0,0,0,0,0,0,0,conceptual,1,0.71,2,0
247,7387,1,2,3467,1,0,0,0,1,0,0,0,procedimiento,0,0.9,0,0
247,7388,19,2,4463,1,0,0,0,1,0,0,0,procedimiento,0,0.89,0,0
247,7389,18,1,3223,1,0,0,0,0,0,0,0,consigna,0,0.78,1,0
247,7390,6,1,2335,1,0,0,0,1,0,0,0,procedimiento,0,0.87,0,0
247,7391,1,3,6038,3,0,0,0,0,0,0,0,conceptual,0,0.76,1,0
247,7392,15,2,4776,3,0,0,0,0,0,0,0,inatencion,1,0.65,2,0
247,7393,4,2,3950,1,0,0,0,1,0,0,0,procedimiento,0,0.84,0,0
247,7394,19,2,3819,1,0,0,0,1,0,0,0,procedimiento,0,0.83,0,0
247,7395,2,1,3297,1,1,0,0,1,0,0,0,procedimiento,0,0.82,0,0
247,7396,1,4,7126,1,1,1,0,1,0,0,0,procedimiento,0,0.81,0,0
247,7397,1,2,3922,1,1,0,0,0,0,0,0,conceptual,0,0.7,1,0
247,7398,15,3,5339,2,1,1,0,0,0,0,0,consigna,1,0.59,2,0
247,7399,15,2,3481,1,0,0,0,1,0,0,0,procedimiento,0,0.78,0,0
247,7400,18,1,2938,1,0,0,0,1,0,0,0,procedimiento,0,0.78,0,0
247,7401,7,3,5077,1,1,0,0,0,0,0,0,conceptual,0,0.67,1,0
247,7402,12,2,4504,1,0,0,0,1,0,0,0,procedimiento,0,0.76,0,0
247,7403,13,3,5481,1,0,0,0,1,0,0,0,procedimiento,0,0.75,0,0
247,7404,15,3,7776,2,1,0,0,0,0,0,0,procedimiento,0,0.64,1,0
247,7405,6,4,6684,1,0,0,0,0,0,0,0,conceptual,1,0.53,2,0
247,7406,10,4,7467,1,0,0,0,1,0,0,0,procedimiento,0,0.72,0,0
247,7407,19,3,6477,2,0,0,0,0,0,0,0,inatencion,0,0.61,1,0
247,7408,10,2,5183,3,0,0,0,0,0,0,1,procedimiento,1,0.5,2,0
247,7409,2,2,3995,1,1,0,0,0,0,0,1,inatencion,1,0.39,3,0
247,7410,14,2,5177,3,0,0,0,0,0,0,0,inatencion,1,0.28,4,0
248,7411,11,3,2475,2,1,0,0,0,4,0,0,conceptual,0,0.44,1,0
248,7412,17,2,2323,3,0,0,0,0,0,0,1,inatencion,1,0.33,2,0
248,7413,15,2,2185,2,0,0,0,0,0,0,1,inatencion,1,0.23,3,0
248,7414,18,4,2639,1,1,0,0,1,0,0,0,procedimiento,0,0.52,0,0
248,7415,1,2,2362,1,0,0,0,1,1,0,0,procedimiento,0,0.52,0,0
248,7416,14,2,1906,2,0,0,1,0,1,0,0,inatencion,0,0.41,1,0
248,7417,3,3,2838,1,0,0,0,1,2,0,0,procedimiento,0,0.5,0,0
248,7418,18,4,2965,3,0,0,0,0,0,219,0,conceptual,1,0.4,1,0
248,7419,10,3,2927,1,0,0,0,1,2,244,0,procedimiento,1,0.49,0,0
248,7420,6,2,1959,1,0,0,1,0,3,935,0,aleatorio,1,0.39,1,0
248,7421,9,1,1567,2,1,0,1,0,2,978,0,aleatorio,1,0.28,2,0
248,7422,13,3,2639,2,0,0,0,0,1,6,1,aleatorio,1,0.18,3,0
248,7423,12,2,1974,3,0,0,1,0,0,410,1,inatencion,1,0.15,4,0
248,7424,13,2,1492,2,1,0,1,0,0,253,3,aleatorio,1,0.15,5,0
248,7425,9,2,1441,1,1,0,1,1,0,176,0,procedimiento,1,0.46,0,0
248,7426,2,2,2203,1,0,0,0,1,1,191,0,procedimiento,1,0.46,0,0
248,7427,14,4,3626,2,1,0,0,0,0,534,0,procedimiento,1,0.35,1,0
248,7428,16,2,1626,2,0,0,1,0,3,164,1,aleatorio,1,0.25,2,0
248,7429,18,3,2326,1,0,0,0,1,0,69,0,procedimiento,1,0.44,0,0
248,7430,17,1,1211,1,0,0,1,1,0,308,0,procedimiento,1,0.44,0,0
248,7431,17,2,1667,1,1,1,1,0,1,344,0,aleatorio,1,0.33,1,0
248,7432,15,2,3212,1,1,0,0,1,0,372,0,procedimiento,1,0.42,0,0
248,7433,4,3,3305,2,0,0,0,0,2,20,0,conceptual,1,0.32,1,0
248,7434,17,2,3233,2,1,0,0,0,1,4882,1,conceptual,1,0.21,2,0
248,7435,12,3,4121,1,0,0,0,1,1,466,0,procedimiento,1,0.41,0,0
248,7436,9,3,2562,1,0,0,0,0,1,20,0,consigna,1,0.3,1,0
248,7437,11,3,3379,2,1,0,0,0,2,52,1,inatencion,1,0.2,2,0
248,7438,8,2,1951,1,0,0,1,0,3,310,2,inatencion,1,0.15,3,0
248,7439,10,3,4301,1,0,0,0,1,1,296,0,procedimiento,1,0.39,0,0
248,7440,4,1,2057,1,0,0,0,1,0,200,0,procedimiento,1,0.38,0,0
249,7441,10,2,3237,1,0,0,0,1,0,0,0,procedimiento,0,0.92,0,0
249,7442,7,1,2310,1,0,0,0,1,0,0,0,procedimiento,0,0.91,0,0
249,7443,15,2,2475,1,0,0,0,1,0,0,0,procedimiento,0,0.9,0,0
249,7444,13,3,3386,2,0,0,0,0,0,0,0,conceptual,0,0.79,1,0
249,7445,2,3,3125,1,1,0,0,1,0,0,0,procedimiento,0,0.88,0,0
249,7446,8,3,3135,1,0,0,0,1,0,0,0,procedimiento,0,0.87,0,0
249,7447,12,4,3484,2,0,0,0,0,0,0,0,consigna,0,0.76,1,0
249,7448,9,1,2434,2,0,0,0,0,0,0,0,consigna,1,0.65,2,0
249,7449,16,2,2344,2,0,0,0,0,0,0,1,inatencion,1,0.4,3,0
249,7450,9,2,2967,1,0,0,0,1,0,0,0,procedimiento,0,0.84,0,0
249,7451,8,3,4042,1,0,0,0,0,0,0,0,aleatorio,0,0.73,1,0
249,7452,3,4,3536,1,0,0,0,1,0,0,0,procedimiento,0,0.82,0,0
249,7453,12,1,2205,1,0,0,0,1,0,0,0,procedimiento,0,0.81,0,0
249,7454,17,3,3783,1,0,0,0,1,0,0,0,procedimiento,0,0.8,0,0
249,7455,15,2,2209,1,1,0,0,1,0,0,0,procedimiento,0,0.79,0,0
249,7456,9,1,1566,2,1,0,1,0,0,0,0,inatencion,0,0.68,1,0
249,7457,4,4,5062,1,1,0,0,1,0,0,0,procedimiento,0,0.77,0,0
249,7458,1,1,2183,1,0,0,0,1,0,0,0,procedimiento,0,0.76,0,0
249,7459,4,4,4965,1,0,0,0,1,0,0,0,procedimiento,0,0.75,0,0
249,7460,13,1,2238,1,0,0,0,1,0,0,0,procedimiento,0,0.74,0,0
249,7461,3,1,1657,1,0,0,1,1,0,0,0,procedimiento,0,0.73,0,0
249,7462,1,3,5625,1,0,0,0,1,0,0,0,procedimiento,0,0.73,0,0
249,7463,11,2,4385,1,0,0,0,1,0,0,0,procedimiento,0,0.72,0,0
249,7464,19,1,1708,2,0,0,1,0,0,0,0,aleatorio,0,0.61,1,0
249,7465,5,2,4015,1,0,0,0,0,0,0,1,inatencion,1,0.5,2,0
249,7466,9,3,6221,1,0,0,0,1,0,0,0,procedimiento,0,0.69,0,0
249,7467,8,2,2456,1,0,0,0,1,0,0,0,procedimiento,0,0.68,0,0
249,7468,15,3,4278,1,1,0,0,1,0,0,0,procedimiento,0,0.67,0,0
249,7469,11,3,2901,2,1,0,0,0,0,0,0,conceptual,0,0.56,1,0
249,7470,16,2,2966,2,0,0,0,0,0,0,1,consigna,1,0.45,2,0
250,7471,15,2,3059,1,0,0,0,1,0,0,0,procedimiento,0,0.77,0,0
250,7472,3,3,4018,2,0,0,0,0,0,0,0,inatencion,0,0.66,1,0
250,7473,9,3,2617,1,0,0,0,1,0,0,0,procedimiento,0,0.75,0,0
250,7474,19,2,2084,3,0,0,0,0,0,0,0,aleatorio,0,0.65,1,0
250,7475,19,1,1843,1,0,0,1,1,0,0,0,procedimiento,0,0.74,0,0
250,7476,3,2,2757,1,1,0,0,1,0,0,0,procedimiento,0,0.73,0,0
250,7477,6,2,3193,1,0,0,0,1,0,0,0,procedimiento,0,0.72,0,0
250,7478,10,1,1656,1,0,0,1,1,0,0,0,procedimiento,0,0.71,0,0
250,7479,13,3,3043,1,0,0,0,1,0,0,0,procedimiento,0,0.71,0,0
250,7480,4,1,1975,1,0,0,1,1,0,0,0,procedimiento,0,0.7,0,0
250,7481,9,3,2869,1,0,0,0,1,0,0,0,procedimiento,0,0.69,0,0
250,7482,13,1,1621,1,0,0,1,1,0,0,0,procedimiento,0,0.68,0,0
250,7483,10,1,2003,1,0,0,0,1,0,0,0,procedimiento,0,0.68,0,0
250,7484,4,2,2421,2,1,0,0,0,0,0,0,conceptual,0,0.57,1,0
250,7485,15,2,3165,1,0,0,0,1,0,0,0,procedimiento,0,0.66,0,0
250,7486,14,1,1711,1,0,0,1,1,0,0,0,procedimiento,0,0.65,0,0
250,7487,19,2,2861,1,1,0,0,0,0,0,0,conceptual,0,0.55,1,0
250,7488,18,3,3754,1,0,0,0,1,0,0,0,procedimiento,0,0.64,0,0
250,7489,14,2,3274,1,0,0,0,0,0,0,0,consigna,0,0.53,1,0
250,7490,16,1,1730,1,0,0,1,1,0,0,0,procedimiento,0,0.62,0,0
250,7491,12,3,2618,1,0,0,0,1,0,0,0,procedimiento,0,0.61,0,0
250,7492,6,4,4751,1,0,0,0,0,0,0,0,inatencion,0,0.51,1,0
250,7493,2,4,4181,3,1,0,0,0,1,0,1,inatencion,1,0.4,2,0
250,7494,16,4,4906,3,1,1,0,0,2,0,0,inatencion,1,0.29,3,0
250,7495,9,3,3134,2,1,0,0,0,2,0,1,inatencion,1,0.18,4,0
250,7496,17,3,4118,1,1,2,0,1,1,0,0,procedimiento,0,0.58,0,0
250,7497,19,3,4471,1,1,0,0,0,1,0,0,consigna,0,0.47,1,0
250,7498,5,2,2442,1,1,0,0,0,1,0,0,aleatorio,1,0.36,2,0
250,7499,17,4,5675,1,0,0,0,1,1,0,0,procedimiento,0,0.55,0,0
250,7500,4,3,4702,2,0,0,0,0,2,0,0,procedimiento,0,0.45,1,0
251,7501,17,3,3555,1,0,0,0,1,0,0,0,procedimiento,0,0.78,0,0
251,7502,3,3,2784,1,1,0,0,1,0,0,0,procedimiento,0,0.77,0,0
251,7503,13,3,3147,1,0,0,0,1,0,0,0,procedimiento,0,0.76,0,0
251,7504,17,4,3571,1,0,0,0,1,0,0,0,procedimiento,0,0.76,0,0
251,7505,3,1,1952,1,0,0,1,1,0,0,0,procedimiento,0,0.75,0,0
251,7506,4,2,2247,1,1,0,0,1,0,0,0,procedimiento,0,0.74,0,0
251,7507,7,1,1279,1,0,0,1,0,0,0,0,aleatorio,0,0.63,1,0
251,7508,6,2,2115,1,0,0,0,1,0,0,0,procedimiento,0,0.72,0,0
251,7509,9,4,4333,1,0,0,0,0,0,0,0,inatencion,0,0.62,1,0
251,7510,8,3,2800,1,0,0,0,1,0,0,0,procedimiento,0,0.71,0,0
251,7511,19,4,4102,1,1,2,0,0,0,0,0,conceptual,0,0.6,1,0
251,7512,19,1,1797,1,0,0,1,1,0,0,0,procedimiento,0,0.69,0,0
251,7513,9,2,1751,1,0,0,1,1,0,0,0,procedimiento,0,0.69,0,0
251,7514,8,3,3372,1,0,0,0,1,0,0,0,procedimiento,0,0.68,0,0
251,7515,12,1,1799,1,0,0,1,0,0,0,0,aleatorio,0,0.57,1,0
251,7516,16,4,3322,1,0,0,0,1,0,0,0,procedimiento,0,0.66,0,0
251,7517,2,2,1669,1,1,0,1,1,0,0,0,procedimiento,0,0.65,0,0
251,7518,16,2,2671,1,0,0,0,1,0,0,0,procedimiento,0,0.65,0,0
251,7519,16,3,2720,1,0,0,0,1,0,0,0,procedimiento,0,0.64,0,0
251,7520,16,3,3393,1,1,0,0,0,0,0,0,conceptual,0,0.53,1,0
251,7521,17,2,1901,2,0,0,1,0,0,0,0,inatencion,1,0.42,2,0
251,7522,10,3,4547,3,0,0,0,0,0,0,1,aleatorio,1,0.32,3,0
251,7523,4,4,5380,1,0,0,0,1,0,0,0,procedimiento,0,0.61,0,0
251,7524,11,1,1691,1,0,0,1,1,0,0,0,procedimiento,0,0.6,0,0
251,7525,7,1,2633,1,1,0,0,1,0,0,0,procedimiento,0,0.59,0,0
251,7526,1,1,1418,1,0,0,1,1,4,0,0,procedimiento,0,0.58,0,0
251,7527,15,1,1706,1,0,0,1,1,1,0,0,procedimiento,0,0.58,0,0
251,7528,2,1,1344,2,0,0,1,0,3,0,0,inatencion,0,0.47,1,0
251,7529,8,2,2403,1,0,0,0,1,0,0,0,procedimiento,0,0.56,0,0
251,7530,5,3,3352,1,0,0,0,1,3,0,0,procedimiento,0,0.55,0,0
252,7531,4,2,3214,1,0,0,0,1,2,0,0,procedimiento,0,0.54,0,0
252,7532,7,2,3104,1,1,0,0,1,0,0,0,procedimiento,0,0.54,0,0
252,7533,4,2,4042,1,0,0,0,0,2,0,0,inatencion,0,0.43,1,0
252,7534,8,3,4493,1,0,0,0,1,0,0,0,procedimiento,0,0.53,0,0
252,7535,7,2,3300,2,0,0,0,0,1,0,0,procedimiento,0,0.42,1,0
252,7536,14,3,3413,1,0,0,0,1,0,0,0,procedimiento,0,0.52,0,0
252,7537,14,3,3049,1,1,0,0,0,3,0,0,inatencion,0,0.41,1,0
252,7538,10,2,3386,2,1,1,0,0,2,0,2,conceptual,1,0.3,2,0
252,7539,8,1,2764,2,0,0,0,0,0,86,0,inatencion,1,0.2,3,0
252,7540,19,3,3479,1,1,0,0,1,2,228,0,procedimiento,1,0.49,0,0
252,7541,8,1,2046,1,0,0,0,1,0,401,0,procedimiento,1,0.49,0,0
252,7542,7,2,4051,1,0,0,0,0,3,701,0,procedimiento,1,0.38,1,0
252,7543,1,2,2644,1,0,0,0,1,1,560,0,procedimiento,1,0.48,0,0
252,7544,19,4,5296,1,1,1,0,1,0,149,0,procedimiento,1,0.47,0,0
252,7545,11,3,3096,2,1,1,0,0,1,312,0,procedimiento,1,0.37,1,0
252,7546,19,3,4694,3,1,1,0,0,3,64,1,procedimiento,1,0.26,2,0
252,7547,16,1,1812,1,0,0,1,1,3,106,0,procedimiento,1,0.46,0,0
252,7548,13,1,2321,1,1,0,0,1,2,135,0,procedimiento,1,0.45,0,0
252,7549,1,2,3997,1,0,0,0,1,2,896,0,procedimiento,1,0.44,0,0
252,7550,12,3,5381,2,1,0,0,0,0,66,0,procedimiento,1,0.34,1,0
252,7551,1,3,4824,1,0,0,0,1,3,30,0,procedimiento,1,0.43,0,0
252,7552,4,2,4970,1,0,0,0,1,2,908,0,procedimiento,1,0.43,0,0
252,7553,2,3,6045,1,1,0,0,1,2,543,0,procedimiento,1,0.42,0,0
252,7554,2,2,4005,1,0,0,0,1,2,229,0,procedimiento,1,0.42,0,0
252,7555,9,1,3111,1,1,0,0,1,1,441,0,procedimiento,1,0.41,0,0
252,7556,13,3,5277,1,0,0,0,1,3,37,0,procedimiento,1,0.41,0,0
252,7557,13,3,4088,1,0,0,0,0,0,232,0,aleatorio,1,0.3,1,0
252,7558,11,2,3655,1,0,0,0,0,3,499,1,consigna,1,0.2,2,0
252,7559,9,3,6537,1,0,0,0,1,2,885,1,procedimiento,1,0.39,0,0
252,7560,12,2,5749,1,0,0,0,0,2,928,1,inatencion,1,0.29,1,0
253,7561,16,1,2989,1,0,0,0,0,0,0,0,conceptual,0,0.71,1,0
253,7562,11,2,3088,1,1,0,0,1,0,0,0,procedimiento,0,0.8,0,0
253,7563,5,1,2953,1,1,0,0,1,0,0,0,procedimiento,0,0.79,0,0
253,7564,8,1,2941,1,0,0,0,1,0,0,0,procedimiento,0,0.78,0,0
253,7565,6,3,4872,1,0,0,0,1,0,0,0,procedimiento,0,0.77,0,0
253,7566,17,2,4114,1,0,0,0,1,0,0,0,procedimiento,0,0.77,0,0
253,7567,8,3,3672,1,0,0,0,1,0,0,0,procedimiento,0,0.76,0,0
253,7568,6,2,2826,1,0,0,0,1,0,0,0,procedimiento,0,0.75,0,0
253,7569,11,3,5238,2,0,0,0,0,0,0,0,consigna,0,0.64,1,0
253,7570,15,1,2567,1,1,0,0,1,0,0,0,procedimiento,0,0.73,0,0
253,7571,6,3,3557,1,0,0,0,1,0,0,0,procedimiento,0,0.73,0,0
253,7572,7,3,4705,2,1,0,0,0,0,0,0,procedimiento,0,0.62,1,0
253,7573,10,3,4842,1,1,0,0,1,0,0,0,procedimiento,0,0.71,0,0
253,7574,15,2,3997,2,0,0,0,0,0,0,0,inatencion,0,0.6,1,0
253,7575,8,2,3475,2,0,0,0,0,0,0,1,inatencion,1,0.49,2,0
253,7576,5,4,6570,2,1,1,0,0,0,0,1,inatencion,1,0.38,3,0
253,7577,9,1,2152,1,0,0,0,1,0,0,0,procedimiento,0,0.68,0,0
253,7578,6,4,4417,1,0,0,0,1,0,0,0,procedimiento,0,0.67,0,0
253,7579,14,2,3151,2,0,0,0,0,0,0,0,aleatorio,0,0.56,1,0
253,7580,17,3,4114,2,1,0,0,0,0,0,1,conceptual,1,0.45,2,0
253,7581,9,3,5301,1,0,0,0,0,0,0,0,inatencion,1,0.34,3,0
253,7582,6,3,6576,1,1,1,0,1,0,0,0,procedimiento,0,0.64,0,0
253,7583,5,1,3249,2,0,0,0,0,0,0,0,conceptual,0,0.53,1,0
253,7584,8,2,3307,3,0,0,0,0,0,0,0,conceptual,1,0.42,2,0
253,7585,1,2,6092,1,0,0,0,0,0,0,0,inatencion,1,0.31,3,0
253,7586,13,4,7546,2,1,0,0,0,0,0,1,inatencion,1,0.2,4,0
253,7587,6,2,4083,1,0,0,0,0,3,0,0,inatencion,1,0.15,5,0
253,7588,12,1,3461,1,0,0,0,1,3,0,0,procedimiento,0,0.59,0,0
253,7589,5,2,4005,1,1,0,0,1,2,0,0,procedimiento,0,0.58,0,0
253,7590,15,2,5688,1,0,0,0,1,1,0,0,procedimiento,0,0.57,0,0
254,7591,8,3,4132,1,1,0,0,1,0,0,0,procedimiento,0,0.75,0,0
254,7592,5,2,2499,1,0,0,0,0,0,0,0,procedimiento,0,0.64,1,0
254,7593,16,2,2461,2,0,0,0,0,0,0,0,procedimiento,1,0.53,2,0
254,7594,2,3,4010,1,1,0,0,0,0,0,0,inatencion,1,0.4,3,0
254,7595,17,3,3097,3,1,0,0,0,0,0,1,inatencion,1,0.32,4,0
254,7596,14,3,3528,1,0,0,0,1,0,0,0,procedimiento,0,0.71,0,0
254,7597,5,3,4228,1,0,0,0,0,0,0,0,conceptual,0,0.6,1,0
254,7598,16,4,4909,1,1,0,0,1,0,0,0,procedimiento,0,0.69,0,0
254,7599,5,1,2723,1,0,0,0,1,0,0,0,procedimiento,0,0.69,0,0
254,7600,17,2,4150,1,1,0,0,1,0,0,0,procedimiento,0,0.68,0,0
254,7601,10,2,3279,1,0,0,0,0,0,0,0,inatencion,0,0.57,1,0
254,7602,9,2,4164,1,0,0,0,1,0,0,0,procedimiento,0,0.66,0,0
254,7603,12,2,2485,3,0,0,0,0,0,0,0,consigna,0,0.56,1,0
254,7604,11,2,3455,1,0,0,0,1,0,0,0,procedimiento,0,0.65,0,0
254,7605,9,1,2714,1,1,0,0,1,0,0,0,procedimiento,0,0.64,0,0
254,7606,16,2,3908,1,0,0,0,0,0,0,0,conceptual,0,0.53,1,0
254,7607,11,2,2541,1,0,0,0,1,0,0,0,procedimiento,0,0.63,0,0
254,7608,19,2,4041,1,1,0,0,1,0,0,0,procedimiento,0,0.62,0,0
254,7609,3,2,4078,1,0,0,0,1,0,0,0,procedimiento,0,0.61,0,0
254,7610,17,2,4174,3,0,0,0,0,0,0,0,procedimiento,0,0.5,1,0
254,7611,16,1,2142,1,0,0,0,0,1,0,0,conceptual,1,0.4,2,0
254,7612,2,4,8597,2,0,0,0,0,0,0,0,inatencion,1,0.29,3,0
254,7613,17,2,3325,1,0,0,0,0,4,0,0,aleatorio,1,0.18,4,0
254,7614,5,2,3598,2,0,0,0,0,0,0,0,aleatorio,1,0.15,5,0
254,7615,13,1,3092,1,0,0,0,1,0,0,0,procedimiento,0,0.57,0,0
254,7616,1,2,3893,2,0,0,0,0,5,0,0,conceptual,0,0.46,1,0
254,7617,8,2,2745,1,0,0,0,1,0,0,0,procedimiento,0,0.55,0,0
254,7618,8,2,4830,2,0,0,0,0,1,0,0,conceptual,0,0.45,1,0
254,7619,10,4,7746,1,0,0,0,0,0,0,0,conceptual,1,0.34,2,0
254,7620,11,3,3601,1,0,0,0,0,0,0,0,inatencion,1,0.23,3,0
255,7621,3,4,5661,1,1,0,0,0,0,0,0,inatencion,0,0.51,1,0
255,7622,17,1,2888,1,0,0,0,1,0,0,0,procedimiento,0,0.6,0,0
255,7623,18,3,3311,1,1,0,0,0,1,0,0,inatencion,0,0.5,1,0
255,7624,13,3,3460,2,0,0,0,0,2,0,0,conceptual,1,0.39,2,0
255,7625,8,2,3825,3,0,0,0,0,2,0,0,aleatorio,1,0.28,3,0
255,7626,11,2,3292,1,0,0,0,0,0,0,0,inatencion,1,0.18,4,0
255,7627,18,1,2227,2,0,0,0,0,0,0,3,inatencion,1,0.15,5,0
255,7628,13,3,4513,1,0,0,0,0,3,0,2,inatencion,1,0.15,6,0
255,7629,15,4,5841,1,1,2,0,0,1,0,0,inatencion,1,0.15,7,0
255,7630,18,3,3618,1,0,0,0,0,0,0,0,inatencion,1,0.15,8,0
255,7631,11,1,2018,1,0,0,0,0,1,0,0,aleatorio,1,0.15,9,0
255,7632,11,2,3589,2,0,0,0,0,0,0,1,aleatorio,1,0.15,10,0
255,7633,2,4,5760,1,0,0,0,1,0,0,0,procedimiento,0,0.54,0,0
255,7634,13,2,4161,1,0,0,0,0,0,0,0,inatencion,0,0.43,1,0
255,7635,19,2,3992,3,0,0,0,0,1,0,1,consigna,1,0.32,2,0
255,7636,19,2,3833,2,1,0,0,0,0,0,2,inatencion,1,0.22,3,0
255,7637,2,3,4127,1,0,0,0,0,1,0,0,aleatorio,1,0.15,4,0
255,7638,4,2,4191,3,1,1,0,0,2,0,1,inatencion,1,0.15,5,0
255,7639,4,4,4948,1,0,0,0,1,1,212,0,procedimiento,1,0.5,0,0
255,7640,15,1,1938,1,1,0,1,0,1,616,0,inatencion,1,0.39,1,0
255,7641,7,4,5254,2,0,0,0,0,0,510,0,procedimiento,1,0.29,2,0
255,7642,15,4,5933,2,0,0,0,0,2,82,1,inatencion,1,0.18,3,0
255,7643,11,2,5220,1,1,0,0,0,0,53,0,inatencion,1,0.15,4,0
255,7644,16,3,5587,1,0,0,0,0,2,357,3,inatencion,1,0.15,5,0
255,7645,2,2,5241,2,0,0,0,0,2,29,1,inatencion,1,0.15,6,0
255,7646,14,2,5836,3,1,1,0,0,0,463,4,aleatorio,1,0.15,7,0
255,7647,7,3,6598,1,1,1,0,0,2,66,1,inatencion,1,0.15,8,0
255,7648,12,3,7210,1,1,0,0,0,2,327,1,inatencion,1,0.15,9,0
255,7649,9,2,3270,1,0,0,0,0,3,1138,1,inatencion,1,0.15,10,0
255,7650,4,1,2877,1,0,0,0,1,2,186,0,procedimiento,1,0.43,0,0
256,7651,16,2,4129,1,0,0,0,0,1,0,0,consigna,0,0.47,1,0
256,7652,12,1,2661,1,0,0,0,1,1,0,0,procedimiento,0,0.56,0,0
256,7653,6,3,3262,2,1,0,0,0,3,0,0,inatencion,0,0.46,1,0
256,7654,17,4,6052,1,0,0,0,0,1,0,2,consigna,1,0.35,2,0
256,7655,9,2,3574,1,0,0,0,0,3,0,0,inatencion,1,0.25,3,0
256,7656,7,3,3479,1,1,0,0,1,1,0,0,procedimiento,0,0.54,0,0
256,7657,8,1,2230,2,0,0,0,0,1,0,0,consigna,0,0.43,1,0
256,7658,10,3,5165,1,1,0,0,0,2,0,1,consigna,1,0.33,2,0
256,7659,8,2,4085,1,1,0,0,1,0,0,0,procedimiento,0,0.52,0,0
256,7660,3,2,3965,1,0,0,0,0,2,0,0,conceptual,0,0.42,1,0
256,7661,2,1,2402,1,0,0,0,1,1,0,0,procedimiento,0,0.51,0,0
256,7662,7,1,2920,1,0,0,0,1,1,0,0,procedimiento,0,0.51,0,0
256,7663,18,2,3976,1,0,0,0,1,0,0,0,procedimiento,0,0.5,0,0
256,7664,17,2,3914,2,0,0,0,0,1,181,0,conceptual,1,0.4,1,0
256,7665,3,3,3017,3,1,0,0,0,0,93,2,procedimiento,1,0.29,2,0
256,7666,7,1,2440,1,0,0,0,1,2,155,0,procedimiento,1,0.48,0,0
256,7667,2,4,4520,1,0,0,0,0,2,479,0,aleatorio,1,0.38,1,0
256,7668,4,2,3066,1,0,0,0,1,5,488,0,procedimiento,1,0.47,0,0
256,7669,7,1,2729,2,0,0,0,0,0,298,0,inatencion,1,0.37,1,0
256,7670,2,3,4125,1,1,0,0,0,2,87,4,procedimiento,1,0.26,2,0
256,7671,8,4,5506,2,1,1,0,0,3,42,2,inatencion,1,0.16,3,0
256,7672,18,1,3373,1,0,0,0,1,1,924,0,procedimiento,1,0.45,0,0
256,7673,13,2,4813,1,1,0,0,1,1,55,0,procedimiento,1,0.44,0,0
256,7674,11,2,5463,1,0,0,0,1,1,1378,0,procedimiento,1,0.44,0,0
256,7675,2,2,3798,1,0,0,0,1,1,188,0,procedimiento,1,0.43,0,0
256,7676,6,3,4164,3,1,0,0,0,1,400,0,consigna,1,0.33,1,0
256,7677,12,1,3283,1,0,0,0,1,4,354,0,procedimiento,1,0.42,0,0
256,7678,14,3,4309,2,1,0,0,0,0,289,0,procedimiento,1,0.32,1,0
256,7679,5,3,7549,3,0,0,0,0,0,430,1,inatencion,1,0.21,2,0
256,7680,15,1,2833,1,0,0,0,1,1,785,0,procedimiento,1,0.4,0,0
257,7681,6,4,3365,1,0,0,0,0,0,0,0,inatencion,0,0.77,1,0
257,7682,11,3,2334,1,0,0,0,1,0,0,0,procedimiento,0,0.86,0,0
257,7683,11,1,1708,1,0,0,1,1,0,0,0,procedimiento,0,0.85,0,0
257,7684,3,2,1594,1,1,0,1,1,0,0,0,procedimiento,0,0.84,0,0
257,7685,16,2,1878,2,1,2,1,0,0,0,0,aleatorio,0,0.73,1,0
257,7686,7,2,1963,1,0,0,1,0,0,0,0,aleatorio,1,0.62,2,0
257,7687,17,2,2176,1,0,0,0,1,0,0,0,procedimiento,0,0.82,0,0
257,7688,3,2,2275,2,1,0,0,0,0,0,0,procedimiento,0,0.71,1,0
257,7689,7,4,3482,1,1,0,0,1,0,0,0,procedimiento,0,0.8,0,0
257,7690,11,1,1265,1,0,0,1,1,0,0,0,procedimiento,0,0.79,0,0
257,7691,15,2,2296,1,1,1,0,0,0,0,0,inatencion,0,0.68,1,0
257,7692,5,2,1794,2,1,3,1,0,0,0,1,inatencion,1,0.57,2,0
257,7693,7,2,2026,1,0,0,0,0,0,0,0,inatencion,1,0.4,3,0
257,7694,10,4,2580,1,0,0,0,1,0,0,0,procedimiento,0,0.75,0,0
257,7695,16,1,1763,2,0,0,1,0,0,0,0,aleatorio,0,0.65,1,0
257,7696,4,4,3155,1,0,0,0,0,0,0,0,aleatorio,1,0.54,2,0
257,7697,7,2,1891,3,1,0,1,0,0,0,1,aleatorio,1,0.4,3,0
257,7698,19,1,1527,3,0,0,1,0,0,0,1,inatencion,1,0.32,4,0
257,7699,5,2,1591,2,0,0,1,0,0,0,0,aleatorio,1,0.21,5,0
257,7700,1,2,1819,2,1,0,1,0,0,0,0,inatencion,1,0.15,6,0
257,7701,16,4,3556,3,1,0,0,0,0,0,2,aleatorio,1,0.15,7,0
257,7702,4,1,1913,1,0,0,1,1,0,0,0,procedimiento,0,0.69,0,0
257,7703,5,1,2393,1,0,0,0,1,0,0,0,procedimiento,0,0.68,0,0
257,7704,5,2,2327,1,0,0,0,0,0,0,0,conceptual,0,0.57,1,0
257,7705,1,3,3849,1,0,0,0,0,0,0,0,procedimiento,1,0.46,2,0
257,7706,7,3,3757,2,1,0,0,0,0,0,1,inatencion,1,0.35,3,0
257,7707,8,2,2667,2,0,0,0,0,0,0,0,inatencion,1,0.24,4,0
257,7708,4,3,3447,3,1,0,0,0,0,0,2,aleatorio,1,0.15,5,0
257,7709,18,3,2698,3,1,0,0,0,0,0,0,inatencion,1,0.15,6,0
257,7710,3,2,1816,3,0,0,1,0,0,0,0,inatencion,1,0.15,7,0
258,7711,10,4,3927,1,0,0,0,1,1,27,0,procedimiento,1,0.43,0,0
258,7712,2,2,2429,1,0,0,0,1,2,110,0,procedimiento,1,0.42,0,0
258,7713,10,3,3021,2,0,0,0,0,0,106,0,consigna,1,0.32,1,0
258,7714,15,3,2700,1,1,2,0,1,1,359,0,procedimiento,1,0.41,0,0
258,7715,2,2,3533,1,1,1,0,1,1,30,0,procedimiento,1,0.41,0,0
258,7716,4,3,3781,3,1,0,0,0,2,741,0,consigna,1,0.3,1,0
258,7717,11,2,2233,1,0,0,0,1,1,139,0,procedimiento,1,0.4,0,0
258,7718,11,3,3708,1,0,0,0,0,4,239,1,procedimiento,1,0.3,1,0
258,7719,5,2,2577,1,0,0,0,1,3,603,1,procedimiento,1,0.39,0,0
258,7720,19,2,2342,1,0,0,0,1,1,555,0,procedimiento,1,0.39,0,0
258,7721,12,1,2327,3,1,0,0,0,1,678,0,conceptual,1,0.28,1,0
258,7722,19,4,4386,1,0,0,0,1,3,2023,0,procedimiento,1,0.38,0,0
258,7723,6,2,2740,1,0,0,0,1,0,847,1,procedimiento,1,0.37,0,0
258,7724,14,4,4985,1,0,0,0,1,2,518,2,procedimiento,1,0.37,0,0
258,7725,2,3,4139,1,0,0,0,1,4,1520,1,procedimiento,1,0.37,0,0
258,7726,11,4,5723,1,1,0,0,0,0,1342,2,inatencion,1,0.26,1,0
258,7727,12,3,4040,1,0,0,0,1,0,267,0,procedimiento,1,0.36,0,0
258,7728,9,3,4049,1,0,0,0,1,2,228,1,procedimiento,1,0.35,0,0
258,7729,7,2,3159,1,0,0,0,1,1,664,1,procedimiento,1,0.35,0,0
258,7730,12,3,4115,1,1,0,0,1,3,970,0,procedimiento,1,0.34,0,0
258,7731,8,2,3634,1,0,0,0,1,2,64,1,procedimiento,1,0.34,0,0
258,7732,2,1,2097,1,0,0,0,1,3,825,2,procedimiento,1,0.34,0,0
258,7733,16,1,2698,1,1,0,0,1,2,806,2,procedimiento,1,0.33,0,0
258,7734,2,4,4405,1,1,0,0,1,6,381,1,procedimiento,1,0.33,0,0
258,7735,10,3,4267,1,0,0,0,0,6,1285,5,conceptual,1,0.22,1,0
258,7736,4,1,2714,2,0,0,0,0,3,682,3,inatencion,1,0.15,2,0
258,7737,4,3,3473,2,1,0,0,0,3,26,3,aleatorio,1,0.15,3,0
258,7738,16,3,4483,1,1,1,0,0,5,935,1,inatencion,1,0.15,4,0
258,7739,4,3,4486,1,0,0,0,0,2,1555,2,aleatorio,1,0.15,5,0
258,7740,9,2,3490,1,0,0,0,1,2,723,4,procedimiento,1,0.3,0,0
259,7741,3,3,3327,1,0,0,0,1,0,0,0,procedimiento,0,0.7,0,0
259,7742,4,2,1932,2,0,0,1,0,0,0,0,aleatorio,0,0.6,1,0
259,7743,14,3,2322,1,0,0,0,0,0,0,1,procedimiento,1,0.49,2,0
259,7744,6,2,2896,1,0,0,0,1,0,0,0,procedimiento,0,0.68,0,0
259,7745,4,1,1515,1,0,0,1,1,0,0,0,procedimiento,0,0.67,0,0
259,7746,3,3,3715,1,0,0,0,0,0,0,0,procedimiento,0,0.57,1,0
259,7747,2,1,2128,1,0,0,0,1,0,0,0,procedimiento,0,0.66,0,0
259,7748,16,2,2777,2,0,0,0,0,0,0,0,aleatorio,0,0.55,1,0
259,7749,1,2,2105,1,0,0,0,1,0,0,0,procedimiento,0,0.65,0,0
259,7750,13,3,2734,1,0,0,0,1,0,0,0,procedimiento,0,0.64,0,0
259,7751,4,1,2138,1,0,0,0,1,0,0,0,procedimiento,0,0.63,0,0
259,7752,5,4,4119,1,1,0,0,1,0,0,0,procedimiento,0,0.62,0,0
259,7753,18,1,2098,1,0,0,0,1,0,0,0,procedimiento,0,0.62,0,0
259,7754,14,2,1788,1,1,0,1,1,0,0,0,procedimiento,0,0.61,0,0
259,7755,11,4,4835,1,1,0,0,1,0,0,0,procedimiento,0,0.6,0,0
259,7756,18,2,3009,1,0,0,0,1,1,0,0,procedimiento,0,0.6,0,0
259,7757,7,3,3955,1,1,0,0,0,1,0,0,procedimiento,0,0.49,1,0
259,7758,18,1,1937,1,0,0,1,1,1,0,0,procedimiento,0,0.58,0,0
259,7759,16,3,3875,2,1,0,0,0,0,0,0,inatencion,0,0.48,1,0
259,7760,14,3,3324,1,0,0,0,1,2,0,0,procedimiento,0,0.57,0,0
259,7761,12,1,2077,1,0,0,0,1,0,0,0,procedimiento,0,0.56,0,0
259,7762,13,2,2493,1,0,0,0,1,1,0,0,procedimiento,0,0.55,0,0
259,7763,8,3,5407,1,0,0,0,1,2,0,0,procedimiento,0,0.55,0,0
259,7764,11,3,3144,1,0,0,0,1,3,0,0,procedimiento,0,0.54,0,0
259,7765,11,1,1864,1,0,0,1,1,0,0,0,procedimiento,0,0.53,0,0
259,7766,1,2,3966,1,0,0,0,1,4,0,0,procedimiento,0,0.53,0,0
259,7767,3,2,2283,2,0,0,0,0,2,0,0,inatencion,0,0.42,1,0
259,7768,8,4,3287,2,0,0,0,0,1,0,1,conceptual,1,0.31,2,0
259,7769,11,3,4035,1,0,0,0,0,1,0,0,aleatorio,1,0.21,3,0
259,7770,11,3,3802,1,1,1,0,0,2,172,0,aleatorio,1,0.15,4,0
260,7771,7,4,3863,1,0,0,0,1,0,0,0,procedimiento,0,0.54,0,0
260,7772,10,2,2175,1,0,0,0,1,1,0,0,procedimiento,0,0.53,0,0
260,7773,12,3,2633,1,0,0,0,1,1,0,0,procedimiento,0,0.53,0,0
260,7774,12,2,3162,1,0,0,0,1,2,0,0,procedimiento,0,0.52,0,0
260,7775,9,1,2053,1,0,0,0,1,0,0,0,procedimiento,0,0.52,0,0
260,7776,16,3,3840,1,1,0,0,1,2,0,0,procedimiento,0,0.51,0,0
260,7777,8,3,3507,1,1,3,0,1,2,0,0,procedimiento,0,0.51,0,0
260,7778,12,2,3078,1,0,0,0,0,3,0,0,conceptual,0,0.4,1,0
260,7779,11,2,2304,1,0,0,0,1,1,34,0,procedimiento,1,0.5,0,0
260,7780,17,2,2514,1,1,3,0,1,0,40,0,procedimiento,1,0.49,0,0
260,7781,8,3,2764,1,1,0,0,0,1,18,0,inatencion,1,0.38,1,0
260,7782,16,1,1684,1,0,0,1,1,1,379,0,procedimiento,1,0.48,0,0
260,7783,6,3,3485,1,1,1,0,1,1,621,0,procedimiento,1,0.47,0,0
260,7784,18,3,2997,2,1,1,0,0,2,491,0,conceptual,1,0.37,1,0
260,7785,17,3,3617,1,1,1,0,1,3,144,0,procedimiento,1,0.46,0,0
260,7786,4,1,1395,1,0,0,1,1,2,520,0,procedimiento,1,0.46,0,0
260,7787,12,3,3579,1,0,0,0,1,1,121,0,procedimiento,1,0.45,0,0
260,7788,4,2,2518,1,0,0,0,1,2,310,0,procedimiento,1,0.45,0,0
260,7789,16,2,2682,3,0,0,0,0,2,192,0,consigna,1,0.34,1,0
260,7790,2,3,3965,1,1,0,0,0,1,348,2,inatencion,1,0.24,2,0
260,7791,8,2,2387,1,0,0,0,0,3,687,1,inatencion,1,0.15,3,0
260,7792,7,3,3396,1,0,0,0,1,0,329,0,procedimiento,1,0.43,0,0
260,7793,13,2,3236,1,0,0,0,0,4,1023,0,conceptual,1,0.32,1,0
260,7794,11,1,1859,1,0,0,1,1,2,1009,0,procedimiento,1,0.41,0,0
260,7795,5,2,3875,1,0,0,0,1,3,402,0,procedimiento,1,0.41,0,0
260,7796,2,3,3586,1,1,0,0,0,3,572,0,inatencion,1,0.3,1,0
260,7797,3,3,2354,1,0,0,0,1,1,294,1,procedimiento,1,0.4,0,0
260,7798,16,3,5381,1,0,0,0,0,3,189,0,procedimiento,1,0.29,1,0
260,7799,5,3,4015,1,1,1,0,0,1,1128,1,inatencion,1,0.19,2,0
260,7800,3,2,2697,2,0,0,0,0,2,698,1,aleatorio,1,0.15,3,0
261,7801,5,2,3241,1,0,0,0,1,0,0,0,procedimiento,0,0.83,0,0
261,7802,16,2,3968,1,0,0,0,1,0,0,0,procedimiento,0,0.82,0,0
261,7803,2,2,3430,2,1,0,0,0,0,0,0,consigna,0,0.71,1,0
261,7804,6,1,1790,1,0,0,1,1,0,0,0,procedimiento,0,0.8,0,0
261,7805,14,3,3546,1,0,0,0,0,0,0,0,consigna,0,0.69,1,0
261,7806,7,4,5446,1,1,0,0,0,0,0,0,procedimiento,1,0.59,2,0
261,7807,13,2,2656,1,0,0,0,1,0,0,0,procedimiento,0,0.78,0,0
261,7808,13,1,1874,1,0,0,1,0,0,0,0,aleatorio,0,0.67,1,0
261,7809,3,2,3463,1,0,0,0,0,0,0,1,conceptual,1,0.56,2,0
261,7810,7,3,3515,1,1,0,0,1,0,0,0,procedimiento,0,0.75,0,0
261,7811,2,2,4035,1,0,0,0,1,0,0,0,procedimiento,0,0.75,0,0
261,7812,11,3,3357,2,1,1,0,0,0,0,0,procedimiento,0,0.64,1,0
261,7813,4,3,3178,2,1,0,0,0,0,0,1,procedimiento,1,0.53,2,0
261,7814,11,4,4500,2,0,0,0,0,0,0,0,aleatorio,1,0.4,3,0
261,7815,8,2,3501,1,0,0,0,1,0,0,0,procedimiento,0,0.71,0,0
261,7816,15,1,1875,1,0,0,1,1,0,0,0,procedimiento,0,0.7,0,0
261,7817,1,2,3346,1,1,0,0,1,0,0,0,procedimiento,0,0.7,0,0
261,7818,19,2,2376,1,0,0,0,0,0,0,0,inatencion,0,0.59,1,0
261,7819,17,1,1756,1,0,0,1,1,0,0,0,procedimiento,0,0.68,0,0
261,7820,5,3,3492,1,0,0,0,0,0,0,0,consigna,0,0.57,1,0
261,7821,8,2,2690,1,0,0,0,1,0,0,0,procedimiento,0,0.66,0,0
261,7822,12,3,5373,2,0,0,0,0,0,0,0,consigna,0,0.55,1,0
261,7823,18,1,3267,1,0,0,0,1,0,0,0,procedimiento,0,0.65,0,0
261,7824,6,3,6281,1,0,0,0,1,0,0,0,procedimiento,0,0.64,0,0
261,7825,16,2,4336,1,0,0,0,1,0,0,0,procedimiento,0,0.63,0,0
261,7826,16,2,4364,1,0,0,0,0,0,0,0,procedimiento,0,0.52,1,0
261,7827,15,2,4391,1,0,0,0,1,0,0,0,procedimiento,0,0.61,0,0
261,7828,17,2,3990,2,0,0,0,0,0,0,0,aleatorio,0,0.5,1,0
261,7829,17,1,3007,1,0,0,0,1,1,0,0,procedimiento,0,0.6,0,0
261,7830,18,2,3309,1,0,0,0,1,1,0,0,procedimiento,0,0.59,0,0
262,7831,17,1,2224,1,1,0,0,1,1,568,0,procedimiento,1,0.34,0,0
262,7832,2,3,3484,1,0,0,0,1,3,308,1,procedimiento,1,0.34,0,0
262,7833,14,2,3722,2,1,0,0,0,3,755,1,consigna,1,0.24,1,0
262,7834,5,4,5229,1,0,0,0,1,3,131,2,procedimiento,1,0.33,0,0
262,7835,4,3,4437,1,1,3,0,0,5,310,2,inatencion,1,0.23,1,0
262,7836,12,3,3945,2,0,0,0,0,3,137,4,conceptual,1,0.15,2,0
262,7837,13,3,3810,1,1,0,0,0,2,3740,3,inatencion,1,0.15,3,0
262,7838,4,2,3421,1,0,0,0,1,1,160,2,procedimiento,1,0.32,0,0
262,7839,13,2,3227,2,0,0,0,0,4,761,3,procedimiento,1,0.21,1,0
262,7840,8,1,2535,1,0,0,0,0,2,95,0,conceptual,1,0.15,2,0
262,7841,17,2,2307,1,0,0,0,1,2,7,1,procedimiento,1,0.31,0,0
262,7842,3,2,3035,1,1,0,0,0,0,133,1,procedimiento,1,0.2,1,0
262,7843,5,3,4321,1,1,0,0,1,4,356,1,procedimiento,1,0.3,0,0
262,7844,5,1,1644,1,0,0,1,1,1,13,1,procedimiento,1,0.3,0,0
262,7845,13,2,2418,1,1,0,0,0,1,63,1,inatencion,1,0.19,1,0
262,7846,12,2,2739,2,0,0,0,0,4,459,2,conceptual,1,0.15,2,0
262,7847,9,2,3631,1,1,0,0,0,3,42,1,inatencion,1,0.15,3,0
262,7848,10,3,3562,3,1,0,0,0,7,10,2,inatencion,1,0.15,4,0
262,7849,17,2,2761,2,1,0,0,0,2,238,1,inatencion,1,0.15,5,0
262,7850,1,3,2703,2,1,0,0,0,2,70,1,inatencion,1,0.15,6,0
262,7851,1,2,3557,1,0,0,0,1,1,808,3,procedimiento,1,0.27,0,0
262,7852,14,3,3433,1,0,0,0,0,5,394,2,conceptual,1,0.17,1,0
262,7853,15,1,2687,1,0,0,0,1,4,20,0,procedimiento,1,0.27,0,0
262,7854,2,3,6350,1,1,0,0,0,3,843,4,procedimiento,1,0.16,1,0
262,7855,5,2,2656,2,1,0,0,0,3,1261,2,conceptual,1,0.15,2,0
262,7856,14,1,3317,1,0,0,0,1,1,3159,1,procedimiento,1,0.26,0,0
262,7857,7,2,3695,2,0,0,0,0,1,391,1,inatencion,1,0.15,1,0
262,7858,9,1,3410,2,0,0,0,0,3,501,2,conceptual,1,0.15,2,0
262,7859,8,3,5457,2,1,0,0,0,4,380,2,aleatorio,1,0.15,3,0
262,7860,12,3,4656,1,0,0,0,0,2,319,0,inatencion,1,0.15,4,0
263,7861,7,3,3183,1,0,0,0,1,0,0,0,procedimiento,0,0.94,0,0
263,7862,13,3,3766,1,0,0,0,0,0,0,0,conceptual,0,0.83,1,0
263,7863,5,2,2732,1,0,0,0,1,0,0,0,procedimiento,0,0.92,0,0
263,7864,14,3,3124,2,0,0,0,0,0,0,0,conceptual,0,0.81,1,0
263,7865,15,1,2209,1,0,0,0,1,0,0,0,procedimiento,0,0.9,0,0
263,7866,19,3,3908,1,0,0,0,1,0,0,0,procedimiento,0,0.89,0,0
263,7867,4,1,2572,1,0,0,0,1,0,0,0,procedimiento,0,0.88,0,0
263,7868,9,2,4169,1,0,0,0,1,0,0,0,procedimiento,0,0.88,0,0
263,7869,15,3,3732,1,0,0,0,0,0,0,0,inatencion,0,0.77,1,0
263,7870,14,3,3105,3,1,0,0,0,0,0,0,conceptual,1,0.66,2,0
263,7871,10,2,3802,3,0,0,0,0,0,0,0,inatencion,1,0.4,3,0
263,7872,17,1,2562,1,0,0,0,1,0,0,0,procedimiento,0,0.84,0,0
263,7873,3,1,2197,1,0,0,0,1,0,0,0,procedimiento,0,0.83,0,0
263,7874,12,2,3185,2,1,0,0,0,0,0,0,conceptual,0,0.72,1,0
263,7875,1,2,3230,1,0,0,0,1,0,0,0,procedimiento,0,0.81,0,0
263,7876,15,4,5702,1,1,2,0,0,0,0,0,inatencion,0,0.7,1,0
263,7877,5,2,3316,1,0,0,0,1,0,0,0,procedimiento,0,0.79,0,0
263,7878,16,2,3197,2,1,1,0,0,0,0,0,procedimiento,0,0.68,1,0
263,7879,19,2,2651,1,1,0,0,0,0,0,0,inatencion,1,0.57,2,0
263,7880,16,2,2948,2,1,0,0,0,0,0,0,inatencion,1,0.4,3,0
263,7881,4,2,3877,2,0,0,0,0,0,0,2,aleatorio,1,0.35,4,0
263,7882,12,1,2731,1,0,0,0,1,0,0,0,procedimiento,0,0.74,0,0
263,7883,13,1,2910,1,0,0,0,1,0,0,0,procedimiento,0,0.73,0,0
263,7884,16,1,2484,1,0,0,0,1,0,0,0,procedimiento,0,0.72,0,0
263,7885,6,2,3403,1,0,0,0,0,0,0,0,procedimiento,0,0.62,1,0
263,7886,18,2,5419,1,1,0,0,1,0,0,0,procedimiento,0,0.71,0,0
263,7887,8,3,7185,1,0,0,0,0,0,0,0,inatencion,0,0.6,1,0
263,7888,5,2,4917,3,0,0,0,0,0,0,0,aleatorio,1,0.49,2,0
263,7889,18,4,6021,1,0,0,0,1,0,0,0,procedimiento,0,0.68,0,0
263,7890,5,2,5997,1,0,0,0,0,0,0,0,conceptual,0,0.57,1,0
264,7891,5,1,1935,3,0,0,1,0,0,0,0,inatencion,0,0.72,1,0
264,7892,5,4,3205,1,0,0,0,1,0,0,0,procedimiento,0,0.81,0,0
264,7893,15,2,2386,1,0,0,0,1,0,0,0,procedimiento,0,0.81,0,0
264,7894,6,2,2366,1,0,0,0,1,0,0,0,procedimiento,0,0.8,0,0
264,7895,18,4,3851,1,0,0,0,1,0,0,0,procedimiento,0,0.79,0,0
264,7896,10,3,3137,2,0,0,0,0,0,0,0,inatencion,0,0.68,1,0
264,7897,12,3,3236,1,1,0,0,0,0,0,2,conceptual,1,0.57,2,0
264,7898,2,2,2564,2,1,1,0,0,0,0,0,aleatorio,1,0.4,3,0
264,7899,3,4,3016,1,0,0,0,1,0,0,0,procedimiento,0,0.76,0,0
264,7900,7,3,3676,2,1,0,0,0,0,0,0,conceptual,0,0.65,1,0
264,7901,18,2,1908,1,0,0,1,0,0,0,0,inatencion,1,0.54,2,0
264,7902,18,3,2483,1,0,0,0,1,0,0,0,procedimiento,0,0.73,0,0
264,7903,13,2,2055,1,0,0,0,1,0,0,0,procedimiento,0,0.72,0,0
264,7904,3,2,2880,1,0,0,0,1,0,0,0,procedimiento,0,0.71,0,0
264,7905,12,3,3594,3,0,0,0,0,0,0,0,consigna,0,0.61,1,0
264,7906,9,3,2333,1,0,0,0,1,0,0,0,procedimiento,0,0.7,0,0
264,7907,19,3,2850,3,0,0,0,0,0,0,0,consigna,0,0.59,1,0
264,7908,13,2,1742,1,0,0,1,0,0,0,1,inatencion,1,0.48,2,0
264,7909,10,2,2575,1,1,0,0,0,0,0,0,inatencion,1,0.37,3,0
264,7910,9,4,4384,3,0,0,0,0,0,0,0,inatencion,1,0.27,4,0
264,7911,1,2,2025,1,0,0,0,0,0,0,1,inatencion,1,0.16,5,0
264,7912,19,3,2798,2,1,1,0,0,0,0,1,inatencion,1,0.15,6,0
264,7913,7,1,2284,1,0,0,0,1,0,0,0,procedimiento,0,0.64,0,0
264,7914,5,2,2988,2,0,0,0,0,0,0,0,procedimiento,0,0.53,1,0
264,7915,18,3,3706,3,1,0,0,0,0,0,1,procedimiento,1,0.42,2,0
264,7916,11,4,4978,2,0,0,0,0,0,0,1,inatencion,1,0.32,3,0
264,7917,19,2,2872,1,1,0,0,1,0,0,0,procedimiento,0,0.61,0,0
264,7918,12,2,3135,1,0,0,0,0,0,0,0,procedimiento,0,0.5,1,0
264,7919,18,3,3876,1,0,0,0,1,1,0,0,procedimiento,0,0.59,0,0
264,7920,14,2,2930,2,0,0,0,0,0,0,0,conceptual,0,0.48,1,0
265,7921,6,2,2665,1,0,0,0,1,0,0,0,procedimiento,0,0.65,0,0
265,7922,18,3,2227,1,0,0,0,1,0,0,0,procedimiento,0,0.64,0,0
265,7923,19,2,1711,1,1,0,1,1,0,0,0,procedimiento,0,0.63,0,0
265,7924,19,3,3101,1,0,0,0,0,0,0,0,conceptual,0,0.53,1,0
265,7925,15,2,1854,3,0,0,1,0,0,0,0,aleatorio,1,0.42,2,0
265,7926,8,4,4367,1,0,0,0,1,0,0,0,procedimiento,0,0.61,0,0
265,7927,8,3,2910,3,1,1,0,0,0,0,0,inatencion,0,0.51,1,0
265,7928,2,2,2020,1,1,0,0,0,0,0,2,conceptual,1,0.4,2,0
265,7929,2,2,2321,1,0,0,0,1,1,0,0,procedimiento,0,0.59,0,0
265,7930,6,2,2252,2,0,0,0,0,1,0,0,inatencion,0,0.49,1,0
265,7931,2,4,3661,1,0,0,0,1,2,0,0,procedimiento,0,0.58,0,0
265,7932,19,2,2597,2,1,1,0,0,1,0,0,procedimiento,0,0.48,1,0
265,7933,3,3,2898,2,0,0,0,0,0,0,0,consigna,1,0.37,2,0
265,7934,11,3,3390,3,1,0,0,0,3,0,0,inatencion,1,0.26,3,0
265,7935,7,2,2800,1,0,0,0,1,1,0,0,procedimiento,0,0.56,0,0
265,7936,9,1,1498,1,1,0,1,0,6,0,0,aleatorio,0,0.45,1,0
265,7937,8,4,3064,1,1,0,0,0,0,0,0,procedimiento,1,0.34,2,0
265,7938,8,2,2789,1,0,0,0,1,1,0,0,procedimiento,0,0.54,0,0
265,7939,18,3,2536,1,0,0,0,0,1,0,0,procedimiento,0,0.43,1,0
265,7940,8,1,1595,1,0,0,1,1,1,0,0,procedimiento,0,0.52,0,0
265,7941,16,1,1826,2,1,1,1,0,2,0,0,aleatorio,0,0.42,1,0
265,7942,12,3,3623,2,0,0,0,0,0,0,2,inatencion,1,0.31,2,0
265,7943,16,2,3254,2,0,0,0,0,1,0,0,aleatorio,1,0.2,3,0
265,7944,16,3,2760,2,0,0,0,0,2,170,0,inatencion,1,0.15,4,0
265,7945,17,1,3052,1,0,0,0,1,2,170,0,procedimiento,1,0.49,0,0
265,7946,12,2,2537,2,1,2,0,0,2,174,0,conceptual,1,0.38,1,0
265,7947,16,4,5030,2,1,0,0,0,0,996,1,conceptual,1,0.28,2,0
265,7948,9,2,2577,1,0,0,0,1,1,388,0,procedimiento,1,0.47,0,0
265,7949,13,2,3117,2,0,0,0,0,2,128,0,inatencion,1,0.37,1,0
265,7950,19,4,5301,3,1,0,0,0,2,527,2,procedimiento,1,0.26,2,0
266,7951,7,2,1923,1,1,0,1,1,0,0,0,procedimiento,0,0.74,0,0
266,7952,5,3,2695,1,1,0,0,1,0,0,0,procedimiento,0,0.74,0,0
266,7953,13,3,2837,2,0,0,0,0,0,0,0,inatencion,0,0.63,1,0
266,7954,13,2,2749,1,0,0,0,0,0,0,1,inatencion,1,0.52,2,0
266,7955,5,3,3507,1,0,0,0,0,0,0,2,aleatorio,1,0.4,3,0
266,7956,5,4,4093,1,1,0,0,0,0,0,0,inatencion,1,0.31,4,0
266,7957,5,3,3384,1,0,0,0,1,0,0,0,procedimiento,0,0.7,0,0
266,7958,19,2,1934,1,0,0,1,0,0,0,0,aleatorio,0,0.59,1,0
266,7959,18,1,1987,1,0,0,1,1,0,0,0,procedimiento,0,0.68,0,0
266,7960,19,3,3916,1,0,0,0,1,0,0,0,procedimiento,0,0.68,0,0
266,7961,10,3,3165,1,1,0,0,0,0,0,0,procedimiento,0,0.57,1,0
266,7962,2,4,4312,1,0,0,0,1,0,0,0,procedimiento,0,0.66,0,0
266,7963,12,4,4806,1,0,0,0,1,0,0,0,procedimiento,0,0.65,0,0
266,7964,4,4,5038,1,1,1,0,0,0,0,0,aleatorio,0,0.55,1,0
266,7965,14,3,2862,1,0,0,0,0,0,0,0,inatencion,1,0.44,2,0
266,7966,17,2,3231,2,0,0,0,0,0,0,0,inatencion,1,0.33,3,0
266,7967,6,2,2972,1,0,0,0,1,0,0,0,procedimiento,0,0.62,0,0
266,7968,4,1,1817,1,0,0,1,1,0,0,0,procedimiento,0,0.62,0,0
266,7969,16,3,2404,3,1,1,0,0,0,0,0,inatencion,0,0.51,1,0
266,7970,11,4,4401,1,0,0,0,0,0,0,0,procedimiento,1,0.4,2,0
266,7971,15,2,2749,2,0,0,0,0,0,0,2,inatencion,1,0.29,3,0
266,7972,15,3,3989,1,0,0,0,1,0,0,0,procedimiento,0,0.59,0,0
266,7973,17,2,2802,1,0,0,0,1,1,0,0,procedimiento,0,0.58,0,0
266,7974,5,2,3141,3,1,0,0,0,0,0,0,consigna,0,0.47,1,0
266,7975,1,3,3898,1,0,0,0,0,3,0,0,consigna,1,0.37,2,0
266,7976,5,2,3130,2,0,0,0,0,4,0,0,inatencion,1,0.26,3,0
266,7977,4,3,3865,1,1,1,0,0,1,0,1,inatencion,1,0.15,4,0
266,7978,18,2,2951,1,0,0,0,0,4,0,0,aleatorio,1,0.15,5,0
266,7979,16,2,2886,1,0,0,0,1,0,0,0,procedimiento,0,0.54,0,0
266,7980,13,4,5063,1,0,0,0,1,1,0,0,procedimiento,0,0.53,0,0
267,7981,9,2,4727,1,0,0,0,1,0,0,0,procedimiento,0,0.87,0,0
267,7982,9,1,2630,1,0,0,0,1,0,0,0,procedimiento,0,0.87,0,0
267,7983,8,1,2152,1,0,0,0,1,0,0,0,procedimiento,0,0.86,0,0
267,7984,8,2,3192,1,0,0,0,0,0,0,0,procedimiento,0,0.75,1,0
267,7985,4,2,4509,1,0,0,0,1,0,0,0,procedimiento,0,0.84,0,0
267,7986,10,2,4288,1,0,0,0,1,0,0,0,procedimiento,0,0.83,0,0
267,7987,2,2,4773,1,0,0,0,1,0,0,0,procedimiento,0,0.82,0,0
267,7988,1,2,3948,3,0,0,0,0,0,0,0,procedimiento,0,0.71,1,0
267,7989,2,2,2801,1,0,0,0,0,0,0,0,consigna,1,0.6,2,0
267,7990,16,2,3310,1,0,0,0,0,0,0,1,aleatorio,1,0.4,3,0
267,7991,3,3,5034,1,1,0,0,0,0,0,1,inatencion,1,0.39,4,0
267,7992,19,1,2785,1,1,1,0,0,0,0,0,inatencion,1,0.28,5,0
267,7993,4,4,6559,1,1,0,0,1,0,0,0,procedimiento,0,0.77,0,0
267,7994,7,2,4089,3,0,0,0,0,0,0,0,procedimiento,0,0.66,1,0
267,7995,19,2,3667,1,0,0,0,1,0,0,0,procedimiento,0,0.75,0,0
267,7996,15,4,5495,1,1,1,0,1,0,0,0,procedimiento,0,0.74,0,0
267,7997,19,4,7070,1,0,0,0,1,0,0,0,procedimiento,0,0.73,0,0
267,7998,1,3,5894,1,0,0,0,1,0,0,0,procedimiento,0,0.73,0,0
267,7999,8,3,4733,1,1,0,0,0,0,0,0,inatencion,0,0.62,1,0
267,8000,4,1,3372,1,0,0,0,0,0,0,0,procedimiento,1,0.51,2,0
267,8001,16,4,7495,1,1,0,0,1,0,0,0,procedimiento,0,0.7,0,0
267,8002,3,1,2911,1,1,1,0,0,0,0,0,conceptual,0,0.59,1,0
267,8003,3,2,3494,1,1,0,0,0,0,0,1,inatencion,1,0.48,2,0
267,8004,11,3,5510,2,0,0,0,0,0,0,1,inatencion,1,0.37,3,0
267,8005,11,2,3769,1,0,0,0,1,0,0,0,procedimiento,0,0.66,0,0
267,8006,7,2,5055,2,0,0,0,0,0,0,0,inatencion,0,0.56,1,0
267,8007,16,4,8020,1,0,0,0,1,0,0,0,procedimiento,0,0.65,0,0
267,8008,2,3,6415,1,0,0,0,0,0,0,0,inatencion,0,0.54,1,0
267,8009,7,1,3490,2,0,0,0,0,0,0,2,consigna,1,0.43,2,0
267,8010,8,1,2722,1,0,0,0,1,0,0,0,procedimiento,0,0.62,0,0
268,8011,17,2,2219,1,0,0,0,0,0,0,0,conceptual,0,0.88,1,0
268,8012,11,1,1455,1,0,0,1,0,0,0,0,inatencion,1,0.77,2,0
268,8013,5,3,2915,1,0,0,0,0,0,0,0,aleatorio,1,0.4,3,0
268,8014,4,2,2033,1,1,0,0,0,0,0,0,inatencion,1,0.4,4,0
268,8015,2,2,2514,1,0,0,0,0,0,0,0,inatencion,1,0.4,5,0
268,8016,5,1,1357,1,1,0,1,0,0,0,0,aleatorio,1,0.33,6,0
268,8017,18,4,2969,2,1,0,0,0,0,0,0,inatencion,1,0.22,7,0
268,8018,13,3,3090,1,0,0,0,1,0,0,0,procedimiento,0,0.91,0,0
268,8019,12,4,4484,2,1,0,0,0,0,0,0,aleatorio,0,0.8,1,0
268,8020,12,2,2584,1,1,0,0,0,0,0,1,consigna,1,0.69,2,0
268,8021,15,3,2812,1,0,0,0,0,0,0,0,aleatorio,1,0.4,3,0
268,8022,4,2,2784,1,1,0,0,0,0,0,0,inatencion,1,0.4,4,0
268,8023,7,2,2807,1,0,0,0,0,0,0,0,aleatorio,1,0.36,5,0
268,8024,1,1,1672,1,0,0,1,1,0,0,0,procedimiento,0,0.85,0,0
268,8025,5,2,1788,2,0,0,1,0,0,0,0,inatencion,0,0.74,1,0
268,8026,13,3,3505,1,0,0,0,1,0,0,0,procedimiento,0,0.83,0,0
268,8027,19,2,1894,1,0,0,1,0,0,0,0,inatencion,0,0.72,1,0
268,8028,16,1,1711,2,1,1,1,0,0,0,0,aleatorio,1,0.61,2,0
268,8029,5,2,2415,3,1,0,0,0,0,0,0,inatencion,1,0.4,3,0
268,8030,16,1,1762,2,1,1,1,0,0,0,0,aleatorio,1,0.39,4,0
268,8031,3,4,2990,2,1,0,0,0,0,0,2,inatencion,1,0.28,5,0
268,8032,6,1,1756,2,1,0,1,0,0,0,1,aleatorio,1,0.17,6,0
268,8033,4,1,1599,1,0,0,1,1,0,0,0,procedimiento,0,0.76,0,0
268,8034,17,3,2310,2,0,0,0,0,0,0,0,procedimiento,0,0.65,1,0
268,8035,13,2,1956,1,0,0,1,1,0,0,0,procedimiento,0,0.74,0,0
268,8036,14,2,3100,1,1,0,0,1,0,0,0,procedimiento,0,0.73,0,0
268,8037,14,3,5022,1,1,3,0,0,0,0,0,consigna,0,0.62,1,0
268,8038,19,4,4844,1,0,0,0,1,0,0,0,procedimiento,0,0.71,0,0
268,8039,11,1,2321,3,1,0,0,0,0,0,0,consigna,0,0.6,1,0
268,8040,18,3,4782,2,1,0,0,0,0,0,1,inatencion,1,0.49,2,0
269,8041,2,1,1740,1,1,0,1,0,0,0,0,aleatorio,0,0.76,1,0
269,8042,11,3,2194,1,0,0,0,1,0,0,0,procedimiento,0,0.86,0,0
269,8043,8,2,2249,1,0,0,0,1,0,0,0,procedimiento,0,0.85,0,0
269,8044,10,3,2272,2,1,0,0,0,0,0,0,inatencion,0,0.74,1,0
269,8045,12,3,2779,1,0,0,0,1,0,0,0,procedimiento,0,0.83,0,0
269,8046,17,3,3508,3,0,0,0,0,0,0,0,conceptual,0,0.72,1,0
269,8047,10,1,1531,1,0,0,1,1,0,0,0,procedimiento,0,0.81,0,0
269,8048,18,2,1769,1,0,0,1,1,0,0,0,procedimiento,0,0.8,0,0
269,8049,9,2,1644,1,1,0,1,1,0,0,0,procedimiento,0,0.8,0,0
269,8050,9,3,2695,1,0,0,0,0,0,0,0,inatencion,0,0.69,1,0
269,8051,7,1,1634,1,0,0,1,1,0,0,0,procedimiento,0,0.78,0,0
269,8052,18,4,2936,2,0,0,0,0,0,0,0,procedimiento,0,0.67,1,0
269,8053,16,3,2203,2,1,0,0,0,0,0,1,procedimiento,1,0.56,2,0
269,8054,14,2,2744,3,1,0,0,0,0,0,1,inatencion,1,0.4,3,0
269,8055,19,3,2128,1,0,0,0,1,0,0,0,procedimiento,0,0.74,0,0
269,8056,4,1,1893,1,1,0,1,1,0,0,0,procedimiento,0,0.73,0,0
269,8057,11,3,3031,2,1,1,0,0,0,0,0,consigna,0,0.63,1,0
269,8058,4,2,2716,1,0,0,0,0,0,0,0,conceptual,1,0.52,2,0
269,8059,1,2,2674,1,1,0,0,0,0,0,0,aleatorio,1,0.4,3,0
269,8060,7,3,2897,2,0,0,0,0,0,0,0,inatencion,1,0.3,4,0
269,8061,3,1,1357,1,0,0,1,1,0,0,0,procedimiento,0,0.69,0,0
269,8062,14,1,1881,1,0,0,1,1,0,0,0,procedimiento,0,0.68,0,0
269,8063,19,3,3109,2,0,0,0,0,0,0,0,consigna,0,0.57,1,0
269,8064,14,4,4053,1,0,0,0,1,0,0,0,procedimiento,0,0.67,0,0
269,8065,6,4,4032,1,0,0,0,1,0,0,0,procedimiento,0,0.66,0,0
269,8066,8,2,2374,1,0,0,0,0,0,0,0,procedimiento,0,0.55,1,0
269,8067,1,4,4689,1,0,0,0,0,0,0,0,conceptual,1,0.44,2,0
269,8068,14,4,3990,1,1,0,0,1,0,0,0,procedimiento,0,0.63,0,0
269,8069,6,4,5722,2,1,0,0,0,0,0,0,consigna,0,0.52,1,0
269,8070,5,2,3329,1,1,0,0,1,0,0,0,procedimiento,0,0.61,0,0
270,8071,5,3,3407,1,0,0,0,0,0,0,0,conceptual,0,0.79,1,0
270,8072,2,3,3085,1,1,0,0,0,0,0,1,inatencion,1,0.68,2,0
270,8073,10,2,2557,1,0,0,0,1,0,0,0,procedimiento,0,0.87,0,0
270,8074,14,3,4051,1,1,2,0,1,0,0,0,procedimiento,0,0.86,0,0
270,8075,8,2,3417,3,0,0,0,0,0,0,0,procedimiento,0,0.75,1,0
270,8076,10,1,1934,1,0,0,1,1,0,0,0,procedimiento,0,0.84,0,0
270,8077,2,3,2789,3,1,1,0,0,0,0,0,inatencion,0,0.73,1,0
270,8078,13,4,5359,1,1,0,0,1,0,0,0,procedimiento,0,0.82,0,0
270,8079,10,2,3607,1,0,0,0,1,0,0,0,procedimiento,0,0.81,0,0
270,8080,15,2,3225,1,0,0,0,1,0,0,0,procedimiento,0,0.81,0,0
270,8081,9,1,1935,1,1,0,1,0,0,0,0,inatencion,0,0.7,1,0
270,8082,9,3,4300,3,0,0,0,0,0,0,1,conceptual,1,0.59,2,0
270,8083,19,1,1776,1,0,0,1,1,0,0,0,procedimiento,0,0.78,0,0
270,8084,5,4,5160,1,0,0,0,0,0,0,0,consigna,0,0.67,1,0
270,8085,11,3,4644,1,0,0,0,1,0,0,0,procedimiento,0,0.76,0,0
270,8086,19,3,3839,1,1,1,0,0,0,0,0,procedimiento,0,0.65,1,0
270,8087,10,1,2057,1,0,0,0,1,0,0,0,procedimiento,0,0.74,0,0
270,8088,12,1,2607,1,0,0,0,1,0,0,0,procedimiento,0,0.74,0,0
270,8089,13,2,3066,1,0,0,0,1,0,0,0,procedimiento,0,0.73,0,0
270,8090,13,1,2347,1,0,0,0,1,0,0,0,procedimiento,0,0.72,0,0
270,8091,18,1,1730,1,0,0,1,0,0,0,0,aleatorio,0,0.61,1,0
270,8092,15,4,4629,1,1,0,0,0,0,0,2,procedimiento,1,0.5,2,0
270,8093,5,1,3343,1,0,0,0,1,0,0,0,procedimiento,0,0.69,0,0
270,8094,12,1,3169,1,0,0,0,1,0,0,0,procedimiento,0,0.68,0,0
270,8095,16,3,3732,1,1,1,0,1,0,0,0,procedimiento,0,0.67,0,0
270,8096,14,2,3144,1,0,0,0,1,0,0,0,procedimiento,0,0.66,0,0
270,8097,12,3,5468,2,1,1,0,0,0,0,0,inatencion,0,0.56,1,0
270,8098,8,3,5182,1,1,0,0,0,0,0,1,conceptual,1,0.45,2,0
270,8099,19,4,4979,2,1,0,0,0,0,0,0,inatencion,1,0.34,3,0
270,8100,9,1,2368,1,0,0,0,1,0,0,0,procedimiento,0,0.63,0,0
271,8101,12,3,2612,3,0,0,0,0,0,0,0,procedimiento,0,0.69,1,0
271,8102,14,4,3623,1,0,0,0,1,0,0,0,procedimiento,0,0.78,0,0
271,8103,3,2,2023,2,1,0,0,0,0,0,0,inatencion,0,0.67,1,0
271,8104,5,2,2009,1,1,0,0,1,0,0,0,procedimiento,0,0.76,0,0
271,8105,4,1,2079,1,1,0,0,1,0,0,0,procedimiento,0,0.76,0,0
271,8106,18,2,2122,1,0,0,0,1,0,0,0,procedimiento,0,0.75,0,0
271,8107,19,3,3414,1,0,0,0,1,0,0,0,procedimiento,0,0.74,0,0
271,8108,19,4,4293,1,0,0,0,1,0,0,0,procedimiento,0,0.73,0,0
271,8109,10,1,2139,2,0,0,0,0,0,0,0,consigna,0,0.62,1,0
271,8110,3,3,2675,2,1,0,0,0,0,0,0,consigna,1,0.52,2,0
271,8111,13,2,2562,3,1,1,0,0,0,0,1,inatencion,1,0.4,3,0
271,8112,7,4,3972,1,0,0,0,1,0,0,0,procedimiento,0,0.7,0,0
271,8113,4,2,2637,2,0,0,0,0,0,0,0,inatencion,0,0.59,1,0
271,8114,2,2,2588,1,0,0,0,1,0,0,0,procedimiento,0,0.69,0,0
271,8115,13,4,4414,1,1,0,0,0,0,0,0,conceptual,0,0.58,1,0
271,8116,8,3,3778,1,1,0,0,0,0,0,0,procedimiento,1,0.47,2,0
271,8117,6,3,3514,2,1,0,0,0,0,0,2,inatencion,1,0.36,3,0
271,8118,19,1,1996,2,0,0,1,0,0,0,3,inatencion,1,0.25,4,0
271,8119,10,3,2250,1,0,0,0,0,0,0,0,inatencion,1,0.15,5,0
271,8120,11,2,1916,2,0,0,1,0,0,0,0,aleatorio,1,0.15,6,0
271,8121,18,3,3963,1,1,0,0,0,0,0,0,inatencion,1,0.15,7,0
271,8122,3,4,6385,3,0,0,0,0,0,0,2,inatencion,1,0.15,8,0
271,8123,9,3,4856,1,1,0,0,0,0,0,1,aleatorio,1,0.15,9,0
271,8124,18,3,3997,2,0,0,0,0,0,0,1,inatencion,1,0.15,10,0
271,8125,12,1,2250,2,1,1,0,0,0,0,0,aleatorio,1,0.15,11,0
271,8126,17,2,3334,1,0,0,0,1,2,0,0,procedimiento,0,0.59,0,0
271,8127,18,1,1654,3,0,0,1,0,3,0,0,inatencion,0,0.48,1,0
271,8128,10,3,3119,1,0,0,0,0,3,0,1,conceptual,1,0.38,2,0
271,8129,15,1,2366,1,0,0,0,1,0,0,0,procedimiento,0,0.57,0,0
271,8130,8,2,3053,2,0,0,0,0,2,0,0,procedimiento,0,0.46,1,0
272,8131,18,2,2303,1,0,0,0,1,0,0,0,procedimiento,0,0.73,0,0
272,8132,9,2,2338,1,1,0,0,1,0,0,0,procedimiento,0,0.72,0,0
272,8133,1,1,1890,1,0,0,1,1,0,0,0,procedimiento,0,0.71,0,0
272,8134,18,2,3694,2,0,0,0,0,0,0,0,conceptual,0,0.61,1,0
272,8135,17,4,4053,1,0,0,0,1,0,0,0,procedimiento,0,0.7,0,0
272,8136,1,3,3581,1,0,0,0,1,0,0,0,procedimiento,0,0.69,0,0
272,8137,13,4,5459,1,1,0,0,0,0,0,0,inatencion,0,0.59,1,0
272,8138,17,3,4128,1,0,0,0,0,0,0,2,procedimiento,1,0.48,2,0
272,8139,10,4,4440,1,0,0,0,0,0,0,1,inatencion,1,0.37,3,0
272,8140,11,1,2282,1,0,0,0,1,0,0,0,procedimiento,0,0.66,0,0
272,8141,16,4,5066,1,0,0,0,0,0,0,0,procedimiento,0,0.56,1,0
272,8142,16,2,2460,1,0,0,0,1,0,0,0,procedimiento,0,0.65,0,0
272,8143,19,2,2638,1,0,0,0,0,0,0,0,procedimiento,0,0.54,1,0
272,8144,12,3,3555,1,0,0,0,1,0,0,0,procedimiento,0,0.63,0,0
272,8145,5,2,3141,2,0,0,0,0,0,0,0,inatencion,0,0.53,1,0
272,8146,13,1,1965,2,0,0,1,0,0,0,0,inatencion,1,0.42,2,0
272,8147,4,1,1609,1,0,0,1,1,0,0,0,procedimiento,0,0.61,0,0
272,8148,11,1,1954,1,0,0,1,0,0,0,0,inatencion,0,0.51,1,0
272,8149,16,2,2184,1,1,0,0,1,0,0,0,procedimiento,0,0.6,0,0
272,8150,3,4,4462,1,0,0,0,0,1,0,0,conceptual,0,0.49,1,0
272,8151,1,4,4988,1,1,0,0,0,1,0,0,procedimiento,1,0.38,2,0
272,8152,6,1,3024,3,0,0,0,0,2,0,2,aleatorio,1,0.28,3,0
272,8153,19,2,3109,1,0,0,0,1,1,0,0,procedimiento,0,0.57,0,0
272,8154,4,2,4140,1,0,0,0,1,1,0,0,procedimiento,0,0.56,0,0
272,8155,15,1,2517,1,0,0,0,1,1,0,0,procedimiento,0,0.55,0,0
272,8156,13,1,3579,1,0,0,0,0,0,0,0,procedimiento,0,0.45,1,0
272,8157,13,2,3930,1,0,0,0,0,0,0,0,conceptual,1,0.34,2,0
272,8158,12,1,2300,2,1,0,0,0,2,0,0,inatencion,1,0.23,3,0
272,8159,6,2,3723,1,1,0,0,1,1,0,0,procedimiento,0,0.53,0,0
272,8160,12,2,3201,2,1,0,0,0,2,0,0,consigna,0,0.42,1,0
273,8161,7,3,4134,1,1,1,0,1,0,0,0,procedimiento,0,0.96,0,0
273,8162,9,4,3604,1,0,0,0,1,0,0,0,procedimiento,0,0.95,0,0
273,8163,7,3,3310,2,0,0,0,0,0,0,0,conceptual,0,0.84,1,0
273,8164,3,3,3645,2,0,0,0,0,0,0,0,inatencion,1,0.73,2,0
273,8165,7,1,2362,1,0,0,0,1,0,0,0,procedimiento,0,0.92,0,0
273,8166,9,1,1766,1,0,0,1,0,0,0,0,inatencion,0,0.81,1,0
273,8167,2,2,2323,1,0,0,0,1,0,0,0,procedimiento,0,0.9,0,0
273,8168,4,2,2133,1,0,0,0,1,0,0,0,procedimiento,0,0.89,0,0
273,8169,6,1,1906,1,0,0,1,1,0,0,0,procedimiento,0,0.88,0,0
273,8170,13,3,3630,1,0,0,0,0,0,0,0,consigna,0,0.77,1,0
273,8171,18,2,3085,1,0,0,0,0,0,0,0,procedimiento,1,0.66,2,0
273,8172,14,3,2969,1,1,3,0,1,0,0,0,procedimiento,0,0.85,0,0
273,8173,2,2,2231,1,0,0,0,1,0,0,0,procedimiento,0,0.84,0,0
273,8174,14,3,3428,1,1,1,0,1,0,0,0,procedimiento,0,0.83,0,0
273,8175,12,3,3178,1,1,1,0,0,0,0,0,conceptual,0,0.72,1,0
273,8176,9,3,3290,1,1,0,0,0,0,0,1,conceptual,1,0.61,2,0
273,8177,6,4,5079,1,0,0,0,1,0,0,0,procedimiento,0,0.8,0,0
273,8178,8,1,1473,1,0,0,1,0,0,0,0,inatencion,0,0.69,1,0
273,8179,16,2,2355,1,0,0,0,1,0,0,0,procedimiento,0,0.78,0,0
273,8180,3,2,2593,1,1,1,0,0,0,0,0,conceptual,0,0.67,1,0
273,8181,6,2,3293,1,0,0,0,1,0,0,0,procedimiento,0,0.77,0,0
273,8182,14,4,6063,1,1,1,0,1,0,0,0,procedimiento,0,0.76,0,0
273,8183,13,3,3763,1,0,0,0,0,0,0,0,aleatorio,0,0.65,1,0
273,8184,19,1,1509,1,0,0,1,1,0,0,0,procedimiento,0,0.74,0,0
273,8185,4,3,2856,1,0,0,0,1,0,0,0,procedimiento,0,0.73,0,0
273,8186,1,3,3710,1,1,0,0,1,0,0,0,procedimiento,0,0.72,0,0
273,8187,10,2,3797,1,0,0,0,1,0,0,0,procedimiento,0,0.71,0,0
273,8188,5,4,6881,1,0,0,0,1,0,0,0,procedimiento,0,0.7,0,0
273,8189,16,3,3836,1,0,0,0,1,0,0,0,procedimiento,0,0.69,0,0
273,8190,12,2,4361,1,0,0,0,1,0,0,0,procedimiento,0,0.68,0,0
274,8191,6,1,1795,2,0,0,1,0,0,0,0,aleatorio,0,0.45,1,0
274,8192,3,4,4317,1,0,0,0,0,1,0,0,aleatorio,1,0.34,2,0
274,8193,15,2,2855,1,0,0,0,1,0,0,0,procedimiento,0,0.54,0,0
274,8194,7,2,2324,1,0,0,0,0,0,0,0,procedimiento,0,0.43,1,0
274,8195,17,4,3597,1,0,0,0,1,1,0,0,procedimiento,0,0.52,0,0
274,8196,15,4,3792,2,1,1,0,0,1,0,0,procedimiento,0,0.42,1,0
274,8197,9,1,1515,2,0,0,1,0,2,0,1,aleatorio,1,0.31,2,0
274,8198,19,4,4151,2,1,0,0,0,0,0,1,aleatorio,1,0.21,3,0
274,8199,7,3,4207,3,0,0,0,0,0,0,0,inatencion,1,0.15,4,0
274,8200,18,3,2760,1,0,0,0,0,2,108,0,aleatorio,1,0.15,5,0
274,8201,16,3,4195,1,0,0,0,1,2,408,0,procedimiento,1,0.49,0,0
274,8202,3,3,2869,1,0,0,0,0,1,158,0,procedimiento,1,0.39,1,0
274,8203,14,3,3391,3,1,0,0,0,0,347,1,conceptual,1,0.28,2,0
274,8204,3,2,1986,3,0,0,1,0,1,5,4,inatencion,1,0.18,3,0
274,8205,15,1,2255,1,0,0,0,1,2,144,0,procedimiento,1,0.47,0,0
274,8206,15,4,3657,3,1,2,0,0,0,225,0,procedimiento,1,0.36,1,0
274,8207,17,2,2405,2,0,0,0,0,0,68,1,aleatorio,1,0.26,2,0
274,8208,19,2,3033,1,0,0,0,0,3,76,0,aleatorio,1,0.15,3,0
274,8209,8,1,1655,2,0,0,1,0,0,1287,1,inatencion,1,0.15,4,0
274,8210,13,3,3755,3,1,0,0,0,0,1447,3,aleatorio,1,0.15,5,0
274,8211,14,2,2715,1,1,0,0,0,0,589,1,inatencion,1,0.15,6,0
274,8212,16,4,6740,1,0,0,0,0,1,904,2,inatencion,1,0.15,7,0
274,8213,1,1,1678,1,0,0,1,1,3,748,0,procedimiento,1,0.43,0,0
274,8214,2,2,3018,1,0,0,0,1,4,109,0,procedimiento,1,0.42,0,0
274,8215,17,3,3749,2,0,0,0,0,0,533,0,procedimiento,1,0.32,1,0
274,8216,6,3,5763,1,0,0,0,1,3,286,0,procedimiento,1,0.41,0,0
274,8217,4,2,2921,2,0,0,0,0,0,426,0,conceptual,1,0.3,1,0
274,8218,8,2,2076,1,0,0,0,1,3,956,1,procedimiento,1,0.4,0,0
274,8219,17,2,4412,1,0,0,0,0,4,379,0,procedimiento,1,0.29,1,0
274,8220,12,3,3344,1,1,0,0,0,4,935,1,procedimiento,1,0.19,2,0
275,8221,15,3,5312,1,0,0,0,0,0,0,0,conceptual,0,0.63,1,0
275,8222,19,4,6203,1,0,0,0,1,0,0,0,procedimiento,0,0.73,0,0
275,8223,12,2,4132,1,1,0,0,1,0,0,0,procedimiento,0,0.72,0,0
275,8224,6,2,2547,1,0,0,0,1,0,0,0,procedimiento,0,0.71,0,0
275,8225,15,2,3888,1,1,0,0,0,0,0,0,inatencion,0,0.6,1,0
275,8226,12,4,5714,1,1,1,0,1,0,0,0,procedimiento,0,0.7,0,0
275,8227,5,1,1957,2,1,0,1,0,0,0,0,inatencion,0,0.59,1,0
275,8228,3,3,3657,2,0,0,0,0,0,0,0,aleatorio,1,0.48,2,0
275,8229,13,2,3386,1,1,2,0,1,0,0,0,procedimiento,0,0.67,0,0
275,8230,19,3,4784,1,0,0,0,1,0,0,0,procedimiento,0,0.67,0,0
275,8231,9,1,2355,1,0,0,0,1,0,0,0,procedimiento,0,0.66,0,0
275,8232,15,2,2762,2,0,0,0,0,0,0,0,conceptual,0,0.55,1,0
275,8233,3,1,2553,1,0,0,0,1,0,0,0,procedimiento,0,0.65,0,0
275,8234,9,1,2054,3,0,0,0,0,0,0,0,inatencion,0,0.54,1,0
275,8235,14,2,2507,2,0,0,0,0,0,0,0,procedimiento,1,0.43,2,0
275,8236,16,3,5183,2,0,0,0,0,0,0,0,aleatorio,1,0.32,3,0
275,8237,3,2,3072,1,1,1,0,1,0,0,0,procedimiento,0,0.62,0,0
275,8238,18,3,4924,1,0,0,0,1,0,0,0,procedimiento,0,0.61,0,0
275,8239,15,2,2712,1,0,0,0,1,0,0,0,procedimiento,0,0.6,0,0
275,8240,16,2,2783,1,0,0,0,1,0,0,0,procedimiento,0,0.59,0,0
275,8241,4,4,4978,1,0,0,0,1,0,0,0,procedimiento,0,0.59,0,0
275,8242,7,2,5290,2,1,0,0,0,1,0,0,procedimiento,0,0.48,1,0
275,8243,16,4,5949,1,0,0,0,1,3,0,0,procedimiento,0,0.57,0,0
275,8244,5,3,4438,1,1,0,0,0,5,0,0,procedimiento,0,0.46,1,0
275,8245,4,3,4456,1,1,1,0,0,1,0,0,procedimiento,1,0.36,2,0
275,8246,16,2,4011,1,0,0,0,1,1,0,0,procedimiento,0,0.55,0,0
275,8247,12,3,5244,2,1,0,0,0,1,0,0,conceptual,0,0.44,1,0
275,8248,9,1,3202,3,1,0,0,0,2,0,0,procedimiento,1,0.34,2,0
275,8249,15,3,6884,1,0,0,0,0,0,0,0,inatencion,1,0.23,3,0
275,8250,17,2,5705,1,0,0,0,1,2,0,0,procedimiento,0,0.52,0,0
276,8251,12,1,2803,1,0,0,0,1,0,0,0,procedimiento,0,0.86,0,0
276,8252,8,2,2477,1,1,0,0,1,0,0,0,procedimiento,0,0.85,0,0
276,8253,10,3,3649,1,0,0,0,1,0,0,0,procedimiento,0,0.84,0,0
276,8254,17,2,2931,1,1,0,0,1,0,0,0,procedimiento,0,0.83,0,0
276,8255,8,2,3773,1,1,1,0,0,0,0,0,consigna,0,0.72,1,0
276,8256,14,2,2952,1,1,0,0,0,0,0,0,aleatorio,1,0.61,2,0
276,8257,9,3,3493,1,0,0,0,0,0,0,1,inatencion,1,0.4,3,0
276,8258,19,2,3077,1,0,0,0,0,0,0,0,inatencion,1,0.4,4,0
276,8259,9,2,2540,1,1,0,0,1,0,0,0,procedimiento,0,0.79,0,0
276,8260,17,2,3813,3,1,2,0,0,0,0,0,procedimiento,0,0.68,1,0
276,8261,2,4,5598,1,1,1,0,0,0,0,0,procedimiento,1,0.57,2,0
276,8262,19,1,2197,1,0,0,0,0,0,0,0,inatencion,1,0.4,3,0
276,8263,12,2,3384,1,1,0,0,1,0,0,0,procedimiento,0,0.75,0,0
276,8264,7,3,3190,1,1,0,0,0,0,0,0,conceptual,0,0.64,1,0
276,8265,2,3,3265,1,1,0,0,1,0,0,0,procedimiento,0,0.74,0,0
276,8266,5,3,3339,1,0,0,0,0,0,0,0,consigna,0,0.63,1,0
276,8267,6,3,3704,1,0,0,0,1,0,0,0,procedimiento,0,0.72,0,0
276,8268,5,4,5348,1,1,0,0,0,0,0,0,conceptual,0,0.61,1,0
276,8269,19,2,2420,1,0,0,0,0,0,0,0,conceptual,1,0.5,2,0
276,8270,10,1,2138,1,0,0,0,0,0,0,1,aleatorio,1,0.39,3,0
276,8271,3,2,2933,1,0,0,0,1,0,0,0,procedimiento,0,0.68,0,0
276,8272,7,3,4245,1,0,0,0,1,0,0,0,procedimiento,0,0.68,0,0
276,8273,12,4,8041,2,0,0,0,0,0,0,0,inatencion,0,0.57,1,0
276,8274,16,1,3487,1,0,0,0,1,0,0,0,procedimiento,0,0.66,0,0
276,8275,17,1,2994,1,0,0,0,1,0,0,0,procedimiento,0,0.65,0,0
276,8276,19,2,4510,2,1,0,0,0,0,0,0,consigna,0,0.54,1,0
276,8277,1,1,3278,2,0,0,0,0,0,0,1,inatencion,1,0.43,2,0
276,8278,16,1,2094,1,0,0,0,1,0,0,0,procedimiento,0,0.62,0,0
276,8279,7,2,3364,1,0,0,0,0,0,0,0,conceptual,0,0.52,1,0
276,8280,9,2,5498,2,1,0,0,0,0,0,0,procedimiento,1,0.41,2,0
277,8281,15,2,3181,1,1,0,0,0,0,0,0,consigna,0,0.63,1,0
277,8282,13,3,2438,1,0,0,0,1,0,0,0,procedimiento,0,0.73,0,0
277,8283,17,2,2448,1,0,0,0,1,0,0,0,procedimiento,0,0.72,0,0
277,8284,19,2,3194,1,1,1,0,1,0,0,0,procedimiento,0,0.71,0,0
277,8285,12,3,2525,1,0,0,0,0,0,0,0,conceptual,0,0.6,1,0
277,8286,3,1,1994,1,0,0,1,1,0,0,0,procedimiento,0,0.7,0,0
277,8287,1,2,1930,1,1,1,1,1,0,0,0,procedimiento,0,0.69,0,0
277,8288,13,3,2583,2,1,1,0,0,0,0,0,conceptual,0,0.58,1,0
277,8289,10,4,4291,3,0,0,0,0,0,0,0,conceptual,1,0.48,2,0
277,8290,5,3,2698,1,1,0,0,1,0,0,0,procedimiento,0,0.67,0,0
277,8291,14,1,1505,1,0,0,1,1,0,0,0,procedimiento,0,0.66,0,0
277,8292,13,3,3694,1,0,0,0,1,0,0,0,procedimiento,0,0.65,0,0
277,8293,4,4,4658,1,0,0,0,1,0,0,0,procedimiento,0,0.65,0,0
277,8294,16,1,1737,1,0,0,1,1,0,0,0,procedimiento,0,0.64,0,0
277,8295,18,1,2373,1,1,0,0,1,0,0,0,procedimiento,0,0.63,0,0
277,8296,19,2,2709,1,0,0,0,0,0,0,0,procedimiento,0,0.52,1,0
277,8297,10,2,2000,3,0,0,0,0,0,0,0,conceptual,1,0.42,2,0
277,8298,18,1,1460,1,0,0,1,1,0,0,0,procedimiento,0,0.61,0,0
277,8299,17,3,3598,1,1,0,0,1,0,0,0,procedimiento,0,0.6,0,0
277,8300,11,2,2376,1,0,0,0,1,1,0,0,procedimiento,0,0.59,0,0
277,8301,10,4,4113,2,1,1,0,0,1,0,0,conceptual,0,0.49,1,0
277,8302,16,3,4019,1,1,2,0,1,2,0,0,procedimiento,0,0.58,0,0
277,8303,2,1,2321,1,0,0,0,0,2,0,0,conceptual,0,0.47,1,0
277,8304,17,2,3110,1,0,0,0,0,2,0,0,inatencion,1,0.37,2,0
277,8305,2,3,3934,1,0,0,0,1,2,0,0,procedimiento,0,0.56,0,0
277,8306,15,4,6008,2,0,0,0,0,2,0,0,procedimiento,0,0.45,1,0
277,8307,12,2,2491,1,0,0,0,1,2,0,0,procedimiento,0,0.54,0,0
277,8308,13,2,4824,1,0,0,0,1,0,0,0,procedimiento,0,0.54,0,0
277,8309,8,3,3131,1,1,0,0,0,2,0,0,conceptual,0,0.43,1,0
277,8310,2,3,4334,1,0,0,0,0,0,0,0,inatencion,1,0.32,2,0
278,8311,15,1,2146,1,0,0,0,0,0,0,0,conceptual,0,0.52,1,0
278,8312,5,1,1656,1,0,0,1,1,0,0,0,procedimiento,0,0.61,0,0
278,8313,2,2,3434,1,0,0,0,0,0,0,0,conceptual,0,0.5,1,0
278,8314,13,1,1773,2,0,0,1,0,0,0,0,aleatorio,1,0.4,2,0
278,8315,14,4,4489,1,0,0,0,1,1,0,0,procedimiento,0,0.59,0,0
278,8316,16,3,2945,3,0,0,0,0,1,0,0,procedimiento,0,0.49,1,0
278,8317,2,4,5423,1,0,0,0,1,2,0,0,procedimiento,0,0.58,0,0
278,8318,11,4,5643,1,1,0,0,0,5,0,0,procedimiento,0,0.47,1,0
278,8319,15,1,2391,1,0,0,0,1,0,0,0,procedimiento,0,0.57,0,0
278,8320,1,2,3207,1,0,0,0,0,2,0,0,inatencion,0,0.46,1,0
278,8321,19,2,2562,1,1,0,0,0,2,0,2,conceptual,1,0.35,2,0
278,8322,4,2,3182,1,0,0,0,1,3,0,0,procedimiento,0,0.55,0,0
278,8323,2,3,4206,2,1,1,0,0,1,0,0,conceptual,0,0.44,1,0
278,8324,8,2,3116,1,0,0,0,0,1,0,2,conceptual,1,0.34,2,0
278,8325,5,2,3178,2,0,0,0,0,0,0,2,aleatorio,1,0.23,3,0
278,8326,12,3,4583,2,1,0,0,0,2,0,2,inatencion,1,0.15,4,0
278,8327,4,3,4643,1,1,0,0,0,3,0,1,inatencion,1,0.15,5,0
278,8328,5,4,3914,1,1,0,0,0,1,0,2,inatencion,1,0.15,6,0
278,8329,19,3,4494,1,0,0,0,1,3,0,0,procedimiento,0,0.51,0,0
278,8330,3,2,3059,2,1,0,0,0,1,452,0,inatencion,1,0.4,1,0
278,8331,5,2,2852,3,0,0,0,0,1,8,1,conceptual,1,0.29,2,0
278,8332,2,3,4377,2,0,0,0,0,1,462,0,aleatorio,1,0.19,3,0
278,8333,8,4,5789,2,1,1,0,0,0,18,2,inatencion,1,0.15,4,0
278,8334,1,2,3537,3,0,0,0,0,2,446,1,inatencion,1,0.15,5,0
278,8335,4,3,6665,1,0,0,0,1,1,43,0,procedimiento,1,0.47,0,0
278,8336,13,2,3280,3,0,0,0,0,2,697,0,consigna,1,0.36,1,0
278,8337,6,2,3223,1,1,0,0,0,1,127,2,conceptual,1,0.26,2,0
278,8338,4,3,5119,1,0,0,0,0,3,1813,0,inatencion,1,0.15,3,0
278,8339,2,3,3131,1,1,0,0,0,1,540,1,inatencion,1,0.15,4,0
278,8340,15,2,4622,1,1,0,0,0,3,100,1,aleatorio,1,0.15,5,0
279,8341,4,2,2972,2,0,0,0,0,0,0,0,conceptual,0,0.56,1,0
279,8342,10,4,4254,1,0,0,0,1,0,0,0,procedimiento,0,0.65,0,0
279,8343,1,2,3466,2,1,2,0,0,0,0,0,consigna,0,0.54,1,0
279,8344,8,4,4437,1,1,0,0,1,0,0,0,procedimiento,0,0.64,0,0
279,8345,9,4,5040,2,1,0,0,0,0,0,0,inatencion,0,0.53,1,0
279,8346,16,2,2525,1,0,0,0,1,0,0,0,procedimiento,0,0.62,0,0
279,8347,3,2,3096,1,0,0,0,1,0,0,0,procedimiento,0,0.62,0,0
279,8348,10,2,2291,1,1,1,0,1,0,0,0,procedimiento,0,0.61,0,0
279,8349,4,2,2125,2,0,0,0,0,0,0,0,conceptual,0,0.5,1,0
279,8350,6,3,3537,1,1,0,0,1,3,0,0,procedimiento,0,0.6,0,0
279,8351,4,3,2680,1,0,0,0,1,1,0,0,procedimiento,0,0.59,0,0
279,8352,13,4,3609,1,0,0,0,1,2,0,0,procedimiento,0,0.58,0,0
279,8353,9,1,1634,1,0,0,1,1,1,0,0,procedimiento,0,0.58,0,0
279,8354,7,1,2436,1,0,0,0,1,2,0,0,procedimiento,0,0.57,0,0
279,8355,14,1,2236,1,0,0,0,1,0,0,0,procedimiento,0,0.56,0,0
279,8356,5,1,2386,2,0,0,0,0,0,0,0,aleatorio,0,0.46,1,0
279,8357,12,2,2564,1,1,0,0,1,1,0,0,procedimiento,0,0.55,0,0
279,8358,11,3,4540,1,1,1,0,0,3,0,0,conceptual,0,0.44,1,0
279,8359,6,1,1554,1,0,0,1,1,3,0,0,procedimiento,0,0.54,0,0
279,8360,2,3,4447,2,0,0,0,0,2,0,0,inatencion,0,0.43,1,0
279,8361,5,4,3784,1,0,0,0,1,1,0,0,procedimiento,0,0.52,0,0
279,8362,6,1,3200,2,0,0,0,0,4,0,0,conceptual,0,0.42,1,0
279,8363,14,2,2895,1,1,0,0,1,2,0,0,procedimiento,0,0.51,0,0
279,8364,5,3,3213,1,1,1,0,1,4,0,0,procedimiento,0,0.5,0,0
279,8365,15,2,2817,1,0,0,0,1,1,327,0,procedimiento,1,0.5,0,0
279,8366,14,2,4263,1,0,0,0,1,1,620,0,procedimiento,1,0.49,0,0
279,8367,3,2,4279,1,0,0,0,1,1,938,0,procedimiento,1,0.49,0,0
279,8368,11,2,3226,1,0,0,0,1,2,719,0,procedimiento,1,0.48,0,0
279,8369,15,3,6419,1,1,3,0,1,3,117,0,procedimiento,1,0.47,0,0
279,8370,4,1,2846,1,0,0,0,1,4,215,0,procedimiento,1,0.47,0,0
280,8371,3,1,1785,1,0,0,1,1,0,0,0,procedimiento,0,0.91,0,0
280,8372,6,2,2355,2,1,0,0,0,0,0,0,procedimiento,0,0.8,1,0
280,8373,18,3,4277,1,1,0,0,0,0,0,1,inatencion,1,0.69,2,0
280,8374,2,3,4834,1,1,0,0,0,0,0,0,inatencion,1,0.4,3,0
280,8375,4,1,1930,2,0,0,1,0,0,0,1,inatencion,1,0.4,4,0
280,8376,5,1,2132,1,1,0,0,1,0,0,0,procedimiento,0,0.87,0,0
280,8377,9,3,4660,3,0,0,0,0,0,0,0,aleatorio,0,0.76,1,0
280,8378,8,3,5152,2,1,0,0,0,0,0,0,conceptual,1,0.65,2,0
280,8379,11,1,2592,1,0,0,0,0,0,0,1,aleatorio,1,0.4,3,0
280,8380,10,1,1772,1,0,0,1,1,0,0,0,procedimiento,0,0.83,0,0
280,8381,11,2,2751,2,1,0,0,0,0,0,0,procedimiento,0,0.72,1,0
280,8382,14,4,4636,1,0,0,0,1,0,0,0,procedimiento,0,0.81,0,0
280,8383,9,2,3119,1,1,0,0,0,0,0,0,consigna,0,0.7,1,0
280,8384,15,3,4540,2,0,0,0,0,0,0,2,inatencion,1,0.59,2,0
280,8385,10,4,5306,1,0,0,0,1,0,0,0,procedimiento,0,0.78,0,0
280,8386,5,1,2173,1,1,0,0,1,0,0,0,procedimiento,0,0.77,0,0
280,8387,11,1,2609,3,0,0,0,0,0,0,0,procedimiento,0,0.67,1,0
280,8388,9,1,2799,1,0,0,0,0,0,0,0,inatencion,1,0.56,2,0
280,8389,12,4,5190,1,1,0,0,0,0,0,0,inatencion,1,0.4,3,0
280,8390,3,1,1950,1,0,0,1,1,0,0,0,procedimiento,0,0.74,0,0
280,8391,19,2,2624,1,0,0,0,1,0,0,0,procedimiento,0,0.73,0,0
280,8392,11,2,3802,1,0,0,0,1,0,0,0,procedimiento,0,0.72,0,0
280,8393,10,2,2828,1,1,0,0,1,0,0,0,procedimiento,0,0.71,0,0
280,8394,11,4,5363,1,0,0,0,0,0,0,0,procedimiento,0,0.6,1,0
280,8395,8,1,3031,2,1,0,0,0,0,0,0,inatencion,1,0.49,2,0
280,8396,13,2,5570,1,0,0,0,1,0,0,0,procedimiento,0,0.68,0,0
280,8397,6,1,3049,2,1,0,0,0,0,0,0,conceptual,0,0.57,1,0
280,8398,10,1,2483,1,0,0,0,1,0,0,0,procedimiento,0,0.66,0,0
280,8399,15,3,5990,3,1,3,0,0,0,0,0,inatencion,0,0.56,1,0
280,8400,19,2,5369,2,0,0,0,0,0,0,0,inatencion,1,0.45,2,0
281,8401,11,2,3131,1,0,0,0,0,0,0,0,procedimiento,0,0.79,1,0
281,8402,1,1,2569,1,1,0,0,1,0,0,0,procedimiento,0,0.88,0,0
281,8403,8,2,3024,1,0,0,0,1,0,0,0,procedimiento,0,0.87,0,0
281,8404,2,1,2598,1,0,0,0,1,0,0,0,procedimiento,0,0.86,0,0
281,8405,7,1,2554,1,1,0,0,1,0,0,0,procedimiento,0,0.85,0,0
281,8406,7,3,2781,3,0,0,0,0,0,0,0,inatencion,0,0.75,1,0
281,8407,13,1,1907,3,0,0,1,0,0,0,0,inatencion,1,0.64,2,0
281,8408,9,3,3613,3,1,1,0,0,0,0,0,inatencion,1,0.4,3,0
281,8409,10,2,3216,1,0,0,0,1,0,0,0,procedimiento,0,0.82,0,0
281,8410,9,1,1835,2,0,0,1,0,0,0,0,aleatorio,0,0.71,1,0
281,8411,5,3,3599,3,0,0,0,0,0,0,0,inatencion,1,0.6,2,0
281,8412,7,2,3443,1,0,0,0,0,0,0,3,inatencion,1,0.4,3,0
281,8413,4,2,2648,1,0,0,0,1,0,0,0,procedimiento,0,0.78,0,0
281,8414,2,1,1932,1,0,0,1,1,0,0,0,procedimiento,0,0.77,0,0
281,8415,15,2,2561,1,0,0,0,1,0,0,0,procedimiento,0,0.77,0,0
281,8416,4,3,3035,2,0,0,0,0,0,0,0,conceptual,0,0.66,1,0
281,8417,19,2,2925,3,1,0,0,0,0,0,0,inatencion,1,0.55,2,0
281,8418,17,3,4754,2,1,0,0,0,0,0,2,aleatorio,1,0.4,3,0
281,8419,18,3,4110,3,0,0,0,0,0,0,3,inatencion,1,0.33,4,0
281,8420,15,3,4536,2,1,0,0,0,0,0,0,aleatorio,1,0.22,5,0
281,8421,6,3,3198,1,1,1,0,0,0,0,0,inatencion,1,0.15,6,0
281,8422,3,4,4993,1,1,1,0,1,0,0,0,procedimiento,0,0.7,0,0
281,8423,3,3,5058,1,0,0,0,1,0,0,0,procedimiento,0,0.69,0,0
281,8424,9,1,3077,1,0,0,0,1,0,0,0,procedimiento,0,0.69,0,0
281,8425,4,4,4549,1,0,0,0,1,0,0,0,procedimiento,0,0.68,0,0
281,8426,16,4,4708,1,0,0,0,1,0,0,0,procedimiento,0,0.67,0,0
281,8427,7,4,6300,1,1,0,0,0,0,0,0,inatencion,0,0.56,1,0
281,8428,9,1,2092,1,0,0,0,0,0,0,0,procedimiento,1,0.45,2,0
281,8429,12,1,2648,3,0,0,0,0,0,0,1,inatencion,1,0.34,3,0
281,8430,3,1,2350,1,0,0,0,1,0,0,0,procedimiento,0,0.63,0,0
282,8431,14,1,2398,2,0,0,0,0,0,0,0,consigna,0,0.83,1,0
282,8432,4,3,4354,1,0,0,0,0,0,0,0,procedimiento,1,0.72,2,0
282,8433,6,2,2533,3,0,0,0,0,0,0,0,inatencion,1,0.4,3,0
282,8434,11,3,3256,1,1,1,0,1,0,0,0,procedimiento,0,0.9,0,0
282,8435,18,1,1850,1,1,0,1,1,0,0,0,procedimiento,0,0.89,0,0
282,8436,17,3,4924,1,1,3,0,1,0,0,0,procedimiento,0,0.88,0,0
282,8437,18,3,4344,2,1,1,0,0,0,0,0,consigna,0,0.77,1,0
282,8438,10,4,5549,3,0,0,0,0,0,0,0,inatencion,1,0.66,2,0
282,8439,1,3,4313,1,0,0,0,0,0,0,1,inatencion,1,0.4,3,0
282,8440,11,2,3107,1,0,0,0,1,0,0,0,procedimiento,0,0.84,0,0
282,8441,12,1,2424,1,0,0,0,0,0,0,0,inatencion,0,0.74,1,0
282,8442,19,2,3628,1,0,0,0,1,0,0,0,procedimiento,0,0.83,0,0
282,8443,6,2,2861,1,0,0,0,1,0,0,0,procedimiento,0,0.82,0,0
282,8444,4,1,2122,1,0,0,0,1,0,0,0,procedimiento,0,0.81,0,0
282,8445,8,2,2981,1,0,0,0,1,0,0,0,procedimiento,0,0.8,0,0
282,8446,18,2,3180,1,0,0,0,1,0,0,0,procedimiento,0,0.79,0,0
282,8447,6,4,4664,3,1,1,0,0,0,0,0,aleatorio,0,0.68,1,0
282,8448,17,2,3031,1,1,0,0,0,0,0,0,procedimiento,1,0.57,2,0
282,8449,18,4,6180,1,1,0,0,0,0,0,0,aleatorio,1,0.4,3,0
282,8450,19,1,2657,1,0,0,0,0,0,0,0,inatencion,1,0.35,4,0
282,8451,10,2,3226,1,0,0,0,1,0,0,0,procedimiento,0,0.74,0,0
282,8452,4,2,3286,2,0,0,0,0,0,0,0,inatencion,0,0.63,1,0
282,8453,3,3,3973,1,1,0,0,0,0,0,1,procedimiento,1,0.52,2,0
282,8454,13,1,2961,1,0,0,0,0,0,0,1,inatencion,1,0.4,3,0
282,8455,14,4,4555,1,1,0,0,0,0,0,0,aleatorio,1,0.31,4,0
282,8456,16,2,3353,2,0,0,0,0,0,0,0,aleatorio,1,0.2,5,0
282,8457,8,1,3357,3,1,0,0,0,0,0,1,inatencion,1,0.15,6,0
282,8458,4,1,2804,1,0,0,0,1,0,0,0,procedimiento,0,0.68,0,0
282,8459,7,3,4324,1,1,0,0,0,0,0,0,inatencion,0,0.57,1,0
282,8460,11,2,2806,2,0,0,0,0,0,0,0,inatencion,1,0.46,2,0
283,8461,3,3,3974,3,1,1,0,0,1,0,0,inatencion,0,0.48,1,0
283,8462,8,1,2402,1,0,0,0,1,0,0,0,procedimiento,0,0.58,0,0
283,8463,5,1,3358,1,1,0,0,0,1,0,0,aleatorio,0,0.47,1,0
283,8464,4,4,6926,1,0,0,0,1,1,0,0,procedimiento,0,0.56,0,0
283,8465,10,3,5972,1,1,1,0,0,0,0,0,inatencion,0,0.46,1,0
283,8466,10,3,4235,1,0,0,0,0,3,0,0,consigna,1,0.35,2,0
283,8467,16,3,5579,3,0,0,0,0,2,0,0,inatencion,1,0.25,3,0
283,8468,11,2,3328,1,1,0,0,0,3,0,1,inatencion,1,0.15,4,0
283,8469,19,1,2299,1,0,0,0,1,1,0,0,procedimiento,0,0.54,0,0
283,8470,3,4,7172,2,0,0,0,0,3,0,0,inatencion,0,0.43,1,0
283,8471,4,2,3309,1,1,0,0,1,3,0,0,procedimiento,0,0.52,0,0
283,8472,6,4,5754,2,1,0,0,0,2,0,0,conceptual,0,0.42,1,0
283,8473,12,1,2746,1,0,0,0,1,3,0,0,procedimiento,0,0.51,0,0
283,8474,4,1,3098,1,0,0,0,1,0,0,0,procedimiento,0,0.51,0,0
283,8475,10,2,3052,2,0,0,0,0,0,0,0,consigna,0,0.4,1,0
283,8476,2,3,4571,1,1,2,0,0,3,28,1,inatencion,1,0.29,2,0
283,8477,10,3,4835,1,0,0,0,0,1,236,0,inatencion,1,0.19,3,0
283,8478,5,2,3242,1,0,0,0,0,2,141,1,inatencion,1,0.15,4,0
283,8479,14,2,4369,1,0,0,0,1,1,219,0,procedimiento,1,0.48,0,0
283,8480,2,2,4039,1,1,0,0,1,2,16,0,procedimiento,1,0.47,0,0
283,8481,1,3,5456,1,0,0,0,1,0,409,0,procedimiento,1,0.47,0,0
283,8482,5,2,6042,1,0,0,0,1,0,381,0,procedimiento,1,0.46,0,0
283,8483,12,3,7338,2,1,0,0,0,2,286,0,inatencion,1,0.35,1,0
283,8484,7,2,4347,1,1,0,0,0,1,259,1,inatencion,1,0.25,2,0
283,8485,1,2,4295,1,1,1,0,0,0,512,1,inatencion,1,0.15,3,0
283,8486,11,3,8347,1,0,0,0,1,1,125,0,procedimiento,1,0.44,0,0
283,8487,6,1,3255,1,0,0,0,1,0,348,0,procedimiento,1,0.43,0,0
283,8488,8,2,5335,1,0,0,0,0,1,126,0,procedimiento,1,0.32,1,0
283,8489,8,3,8612,1,0,0,0,1,2,358,0,procedimiento,1,0.42,0,0
283,8490,13,2,4286,1,0,0,0,0,1,603,0,inatencion,1,0.31,1,0
284,8491,19,4,4745,1,0,0,0,1,0,0,0,procedimiento,0,0.79,0,0
284,8492,15,2,2647,2,0,0,0,0,0,0,0,inatencion,0,0.68,1,0
284,8493,9,3,2929,2,0,0,0,0,0,0,0,conceptual,1,0.57,2,0
284,8494,13,3,3226,1,1,0,0,1,0,0,0,procedimiento,0,0.77,0,0
284,8495,9,2,2616,1,0,0,0,1,0,0,0,procedimiento,0,0.76,0,0
284,8496,15,3,3372,2,1,0,0,0,0,0,0,procedimiento,0,0.65,1,0
284,8497,11,1,1581,1,0,0,1,1,0,0,0,procedimiento,0,0.74,0,0
284,8498,16,1,1547,1,0,0,1,0,0,0,0,aleatorio,0,0.64,1,0
284,8499,17,1,2088,1,0,0,0,0,0,0,2,inatencion,1,0.53,2,0
284,8500,13,4,4696,1,1,0,0,0,0,0,1,inatencion,1,0.4,3,0
284,8501,2,3,3329,3,0,0,0,0,0,0,0,inatencion,1,0.31,4,0
284,8502,13,2,2337,1,0,0,0,1,0,0,0,procedimiento,0,0.7,0,0
284,8503,7,3,2713,1,1,0,0,1,0,0,0,procedimiento,0,0.7,0,0
284,8504,7,2,1995,2,1,2,1,0,0,0,0,inatencion,0,0.59,1,0
284,8505,10,1,2051,1,1,2,0,0,0,0,3,inatencion,1,0.48,2,0
284,8506,8,2,2486,3,0,0,0,0,0,0,3,inatencion,1,0.37,3,0
284,8507,3,2,2746,1,1,0,0,0,0,0,0,aleatorio,1,0.26,4,0
284,8508,10,1,1329,1,0,0,1,1,0,0,0,procedimiento,0,0.66,0,0
284,8509,10,3,2712,1,0,0,0,0,0,0,0,conceptual,0,0.55,1,0
284,8510,16,2,3084,1,0,0,0,0,0,0,0,inatencion,1,0.44,2,0
284,8511,1,3,2657,1,0,0,0,1,0,0,0,procedimiento,0,0.63,0,0
284,8512,15,2,3501,1,1,0,0,0,0,0,0,conceptual,0,0.52,1,0
284,8513,9,3,2627,2,1,0,0,0,0,0,1,procedimiento,1,0.42,2,0
284,8514,10,3,4662,1,1,1,0,0,0,0,0,aleatorio,1,0.31,3,0
284,8515,12,2,4132,1,0,0,0,0,0,0,0,inatencion,1,0.2,4,0
284,8516,6,3,4345,3,0,0,0,0,3,0,1,inatencion,1,0.15,5,0
284,8517,6,2,3134,1,1,0,0,0,1,0,0,inatencion,1,0.15,6,0
284,8518,13,4,4077,1,1,0,0,1,2,0,0,procedimiento,0,0.58,0,0
284,8519,12,4,4751,1,1,0,0,1,3,0,0,procedimiento,0,0.57,0,0
284,8520,16,2,2564,1,0,0,0,0,2,0,0,procedimiento,0,0.46,1,0
285,8521,2,3,3682,1,1,0,0,1,0,0,0,procedimiento,0,0.69,0,0
285,8522,9,2,3296,2,1,0,0,0,0,0,0,conceptual,0,0.58,1,0
285,8523,4,1,2238,1,0,0,0,0,0,0,0,conceptual,1,0.48,2,0
285,8524,19,4,4603,2,0,0,0,0,0,0,1,inatencion,1,0.37,3,0
285,8525,15,3,4821,1,1,0,0,0,0,0,2,inatencion,1,0.26,4,0
285,8526,8,3,3299,1,0,0,0,1,0,0,0,procedimiento,0,0.66,0,0
285,8527,5,3,4153,1,0,0,0,1,0,0,0,procedimiento,0,0.65,0,0
285,8528,8,2,3477,1,0,0,0,1,0,0,0,procedimiento,0,0.64,0,0
285,8529,15,2,3179,1,0,0,0,0,0,0,0,procedimiento,0,0.54,1,0
285,8530,4,4,4769,1,0,0,0,0,0,0,1,consigna,1,0.43,2,0
285,8531,10,4,4867,2,0,0,0,0,0,0,0,aleatorio,1,0.32,3,0
285,8532,8,3,2935,1,1,0,0,1,0,0,0,procedimiento,0,0.62,0,0
285,8533,1,4,6175,3,1,0,0,0,0,0,0,conceptual,0,0.51,1,0
285,8534,17,2,2338,1,0,0,0,0,0,0,2,conceptual,1,0.4,2,0
285,8535,15,2,2842,2,0,0,0,0,1,0,1,inatencion,1,0.3,3,0
285,8536,15,2,3453,1,1,1,0,0,0,0,1,inatencion,1,0.19,4,0
285,8537,12,4,6287,1,0,0,0,0,4,0,2,inatencion,1,0.15,5,0
285,8538,5,3,4097,1,1,0,0,1,2,0,0,procedimiento,0,0.57,0,0
285,8539,4,3,4507,1,0,0,0,1,0,0,0,procedimiento,0,0.57,0,0
285,8540,18,2,3260,1,0,0,0,0,1,0,0,procedimiento,0,0.46,1,0
285,8541,11,2,2608,1,0,0,0,1,4,0,0,procedimiento,0,0.55,0,0
285,8542,6,3,4373,2,1,0,0,0,0,0,0,procedimiento,0,0.45,1,0
285,8543,19,3,4497,1,0,0,0,0,1,0,2,conceptual,1,0.34,2,0
285,8544,9,1,2048,1,1,1,0,1,0,0,0,procedimiento,0,0.53,0,0
285,8545,13,3,6314,2,1,0,0,0,1,0,0,conceptual,0,0.43,1,0
285,8546,18,1,3110,1,1,0,0,0,0,0,0,procedimiento,1,0.32,2,0
285,8547,19,3,4987,3,1,0,0,0,2,0,0,inatencion,1,0.21,3,0
285,8548,5,2,3828,2,0,0,0,0,1,0,4,inatencion,1,0.15,4,0
285,8549,9,2,4239,1,0,0,0,1,1,90,0,procedimiento,1,0.5,0,0
285,8550,7,2,3017,1,0,0,0,1,4,2395,0,procedimiento,1,0.49,0,0
286,8551,3,2,4049,1,0,0,0,1,3,983,0,procedimiento,1,0.43,0,0
286,8552,4,3,5616,1,0,0,0,0,3,505,0,consigna,1,0.32,1,0
286,8553,19,3,5783,1,1,0,0,1,2,84,0,procedimiento,1,0.42,0,0
286,8554,2,2,2615,2,0,0,0,0,4,495,0,procedimiento,1,0.32,1,0
286,8555,14,2,2915,1,0,0,0,1,4,788,0,procedimiento,1,0.41,0,0
286,8556,5,3,4821,1,0,0,0,1,0,81,0,procedimiento,1,0.41,0,0
286,8557,1,4,6245,2,1,0,0,0,0,438,0,consigna,1,0.3,1,0
286,8558,19,3,5662,1,0,0,0,0,2,1946,1,inatencion,1,0.2,2,0
286,8559,1,2,3797,1,0,0,0,1,0,49,3,procedimiento,1,0.39,0,0
286,8560,19,3,4196,1,1,0,0,1,1,468,2,procedimiento,1,0.39,0,0
286,8561,7,2,3328,1,0,0,0,0,1,645,1,procedimiento,1,0.29,1,0
286,8562,3,2,3549,2,0,0,0,0,1,776,5,conceptual,1,0.18,2,0
286,8563,14,4,7009,1,0,0,0,0,2,1854,2,aleatorio,1,0.15,3,0
286,8564,7,3,4915,1,1,0,0,0,3,60,0,inatencion,1,0.15,4,0
286,8565,3,2,2873,2,0,0,0,0,2,1265,3,aleatorio,1,0.15,5,0
286,8566,16,3,4027,2,1,1,0,0,4,537,1,inatencion,1,0.15,6,0
286,8567,5,3,5578,1,0,0,0,1,2,1383,2,procedimiento,1,0.36,0,0
286,8568,3,3,3521,1,1,0,0,0,2,109,1,procedimiento,1,0.26,1,0
286,8569,12,2,3371,3,1,0,0,0,1,100,3,consigna,1,0.15,2,0
286,8570,9,2,2891,1,0,0,0,1,2,1226,1,procedimiento,1,0.35,0,0
286,8571,17,3,3494,1,0,0,0,1,1,186,3,procedimiento,1,0.34,0,0
286,8572,18,3,5244,2,1,0,0,0,3,79,0,inatencion,1,0.24,1,0
286,8573,7,2,3987,3,0,0,0,0,3,916,0,inatencion,1,0.15,2,0
286,8574,9,4,6113,2,1,0,0,0,3,90,1,aleatorio,1,0.15,3,0
286,8575,1,1,4017,1,0,0,0,1,2,584,2,procedimiento,1,0.33,0,0
286,8576,17,2,4157,1,0,0,0,1,1,73,0,procedimiento,1,0.32,0,0
286,8577,4,3,7387,1,1,2,0,1,1,137,2,procedimiento,1,0.32,0,0
286,8578,16,2,5214,2,1,1,0,0,3,281,3,procedimiento,1,0.21,1,0
286,8579,2,2,4159,1,0,0,0,1,0,1356,1,procedimiento,1,0.31,0,0
286,8580,2,3,5719,1,0,0,0,0,0,703,2,aleatorio,1,0.2,1,0
287,8581,2,2,3016,2,1,0,0,0,0,0,0,consigna,0,0.5,1,0
287,8582,16,2,3331,3,0,0,0,0,0,0,1,conceptual,1,0.4,2,0
287,8583,4,3,3333,1,0,0,0,0,0,0,0,inatencion,1,0.29,3,0
287,8584,19,2,3050,3,1,1,0,0,1,0,0,aleatorio,1,0.19,4,0
287,8585,19,4,4477,2,0,0,0,0,0,0,1,aleatorio,1,0.15,5,0
287,8586,7,4,5357,1,1,1,0,0,2,0,0,aleatorio,1,0.15,6,0
287,8587,16,1,1925,1,0,0,1,0,1,0,0,aleatorio,1,0.15,7,0
287,8588,13,1,2166,2,0,0,0,0,2,0,0,inatencion,1,0.15,8,0
287,8589,15,1,2461,1,0,0,0,1,3,0,0,procedimiento,0,0.56,0,0
287,8590,9,2,3807,1,0,0,0,0,0,0,0,inatencion,0,0.45,1,0
287,8591,7,1,1865,1,0,0,1,1,2,0,0,procedimiento,0,0.54,0,0
287,8592,12,4,4599,3,0,0,0,0,0,0,0,aleatorio,0,0.44,1,0
287,8593,3,2,2714,1,0,0,0,1,0,0,0,procedimiento,0,0.53,0,0
287,8594,6,1,1980,2,0,0,1,0,3,0,0,aleatorio,0,0.43,1,0
287,8595,17,3,3660,2,1,0,0,0,0,0,1,inatencion,1,0.32,2,0
287,8596,2,4,5157,1,1,2,0,1,3,0,0,procedimiento,0,0.51,0,0
287,8597,9,3,3900,3,1,0,0,0,1,0,0,consigna,0,0.41,1,0
287,8598,4,3,4944,1,1,0,0,0,1,0,1,consigna,1,0.3,2,0
287,8599,4,2,2266,1,1,0,0,0,1,560,2,inatencion,1,0.2,3,0
287,8600,8,4,4612,1,0,0,0,0,3,229,0,inatencion,1,0.15,4,0
287,8601,11,3,4183,1,0,0,0,0,3,1587,1,aleatorio,1,0.15,5,0
287,8602,1,1,1801,2,1,0,1,0,1,116,1,inatencion,1,0.15,6,0
287,8603,9,3,4291,3,0,0,0,0,0,182,3,aleatorio,1,0.15,7,0
287,8604,12,2,4501,1,0,0,0,0,2,500,1,inatencion,1,0.15,8,0
287,8605,13,4,7106,2,0,0,0,0,0,631,0,inatencion,1,0.15,9,0
287,8606,9,3,4867,1,0,0,0,1,1,534,0,procedimiento,1,0.45,0,0
287,8607,18,2,3881,1,0,0,0,0,1,33,0,conceptual,1,0.35,1,0
287,8608,5,1,2106,1,0,0,0,0,2,255,0,consigna,1,0.24,2,0
287,8609,12,2,2682,3,1,0,0,0,3,44,0,aleatorio,1,0.15,3,0
287,8610,12,1,2728,3,0,0,0,0,0,291,0,inatencion,1,0.15,4,0
288,8611,9,3,4943,1,1,1,0,0,0,0,0,inatencion,0,0.8,1,0
288,8612,1,2,2834,1,0,0,0,1,0,0,0,procedimiento,0,0.89,0,0
288,8613,6,2,2798,1,1,0,0,1,0,0,0,procedimiento,0,0.88,0,0
288,8614,1,3,3561,1,1,1,0,0,0,0,0,inatencion,0,0.77,1,0
288,8615,12,3,3523,1,1,0,0,1,0,0,0,procedimiento,0,0.87,0,0
288,8616,8,1,2105,1,0,0,0,1,0,0,0,procedimiento,0,0.86,0,0
288,8617,15,2,4125,1,0,0,0,1,0,0,0,procedimiento,0,0.85,0,0
288,8618,19,1,2993,1,0,0,0,1,0,0,0,procedimiento,0,0.84,0,0
288,8619,14,4,6623,1,0,0,0,0,0,0,0,procedimiento,0,0.73,1,0
288,8620,8,3,3541,1,0,0,0,1,0,0,0,procedimiento,0,0.82,0,0
288,8621,6,3,5639,1,0,0,0,1,0,0,0,procedimiento,0,0.81,0,0
288,8622,5,4,5903,1,1,0,0,1,0,0,0,procedimiento,0,0.8,0,0
288,8623,9,3,4316,1,1,0,0,1,0,0,0,procedimiento,0,0.79,0,0
288,8624,17,4,4805,1,1,0,0,1,0,0,0,procedimiento,0,0.78,0,0
288,8625,6,4,6134,2,0,0,0,0,0,0,0,inatencion,0,0.68,1,0
288,8626,6,3,3687,2,0,0,0,0,0,0,2,conceptual,1,0.57,2,0
288,8627,1,1,2983,1,0,0,0,1,0,0,0,procedimiento,0,0.76,0,0
288,8628,4,2,3389,1,0,0,0,1,0,0,0,procedimiento,0,0.75,0,0
288,8629,16,3,5016,1,0,0,0,0,0,0,0,inatencion,0,0.64,1,0
288,8630,16,2,3802,1,0,0,0,1,0,0,0,procedimiento,0,0.73,0,0
288,8631,1,1,2914,1,0,0,0,1,0,0,0,procedimiento,0,0.72,0,0
288,8632,15,3,7538,2,1,1,0,0,0,0,0,procedimiento,0,0.61,1,0
288,8633,17,2,3581,2,0,0,0,0,0,0,2,consigna,1,0.5,2,0
288,8634,3,3,3707,1,1,0,0,0,0,0,1,inatencion,1,0.39,3,0
288,8635,19,1,3632,2,0,0,0,0,0,0,0,aleatorio,1,0.29,4,0
288,8636,17,3,5824,1,0,0,0,1,0,0,0,procedimiento,0,0.68,0,0
288,8637,12,3,6147,1,1,0,0,0,0,0,0,inatencion,0,0.57,1,0
288,8638,5,4,9418,1,0,0,0,1,0,0,0,procedimiento,0,0.66,0,0
288,8639,2,3,6018,1,0,0,0,0,0,0,0,conceptual,0,0.55,1,0
288,8640,7,2,3674,1,0,0,0,1,0,0,0,procedimiento,0,0.64,0,0
289,8641,6,4,3780,1,0,0,0,1,0,0,0,procedimiento,0,0.86,0,0
289,8642,18,3,3908,2,0,0,0,0,0,0,0,inatencion,0,0.75,1,0
289,8643,19,4,4154,1,1,0,0,0,0,0,0,consigna,1,0.64,2,0
289,8644,10,2,2638,1,0,0,0,1,0,0,0,procedimiento,0,0.83,0,0
289,8645,7,3,3059,1,0,0,0,1,0,0,0,procedimiento,0,0.82,0,0
289,8646,10,2,3062,1,0,0,0,1,0,0,0,procedimiento,0,0.82,0,0
289,8647,6,4,5729,1,0,0,0,1,0,0,0,procedimiento,0,0.81,0,0
289,8648,11,3,3239,3,1,1,0,0,0,0,0,procedimiento,0,0.7,1,0
289,8649,5,3,3513,1,1,0,0,1,0,0,0,procedimiento,0,0.79,0,0
289,8650,6,2,2542,1,1,0,0,0,0,0,0,inatencion,0,0.68,1,0
289,8651,13,3,3915,1,0,0,0,0,0,0,0,inatencion,1,0.57,2,0
289,8652,14,3,4245,1,0,0,0,1,0,0,0,procedimiento,0,0.76,0,0
289,8653,11,1,2446,1,0,0,0,1,0,0,0,procedimiento,0,0.76,0,0
289,8654,8,1,2407,1,0,0,0,1,0,0,0,procedimiento,0,0.75,0,0
289,8655,4,1,2655,1,0,0,0,1,0,0,0,procedimiento,0,0.74,0,0
289,8656,1,3,3930,2,1,0,0,0,0,0,0,procedimiento,0,0.63,1,0
289,8657,17,1,1655,3,1,0,1,0,0,0,0,aleatorio,1,0.52,2,0
289,8658,10,1,1989,1,0,0,1,1,0,0,0,procedimiento,0,0.71,0,0
289,8659,14,1,1936,1,0,0,1,1,0,0,0,procedimiento,0,0.7,0,0
289,8660,13,2,3408,1,0,0,0,1,0,0,0,procedimiento,0,0.7,0,0
289,8661,10,2,3684,2,0,0,0,0,0,0,0,conceptual,0,0.59,1,0
289,8662,17,2,3348,2,0,0,0,0,0,0,0,inatencion,1,0.48,2,0
289,8663,7,2,4324,1,0,0,0,1,0,0,0,procedimiento,0,0.67,0,0
289,8664,15,2,3268,1,0,0,0,0,0,0,0,consigna,0,0.56,1,0
289,8665,1,2,4102,1,0,0,0,1,0,0,0,procedimiento,0,0.65,0,0
289,8666,13,4,5973,3,0,0,0,0,0,0,0,conceptual,0,0.54,1,0
289,8667,14,4,5949,1,0,0,0,0,0,0,0,inatencion,1,0.44,2,0
289,8668,10,2,2742,1,0,0,0,1,0,0,0,procedimiento,0,0.63,0,0
289,8669,19,4,6380,1,1,0,0,1,0,0,0,procedimiento,0,0.62,0,0
289,8670,9,3,3108,3,1,0,0,0,0,0,0,procedimiento,0,0.51,1,0
290,8671,4,3,2910,1,1,1,0,1,0,0,0,procedimiento,0,0.84,0,0
290,8672,6,1,1519,1,0,0,1,0,0,0,0,inatencion,0,0.73,1,0
290,8673,18,3,3633,1,0,0,0,0,0,0,0,procedimiento,1,0.62,2,0
290,8674,18,3,2827,1,0,0,0,1,0,0,0,procedimiento,0,0.82,0,0
290,8675,4,4,4446,3,0,0,0,0,0,0,0,inatencion,0,0.71,1,0
290,8676,5,4,3777,1,1,0,0,0,0,0,0,procedimiento,1,0.6,2,0
290,8677,10,2,2377,1,0,0,0,1,0,0,0,procedimiento,0,0.79,0,0
290,8678,8,2,2112,1,0,0,0,1,0,0,0,procedimiento,0,0.78,0,0
290,8679,9,1,1483,1,0,0,1,1,0,0,0,procedimiento,0,0.77,0,0
290,8680,18,3,2384,1,0,0,0,1,0,0,0,procedimiento,0,0.76,0,0
290,8681,8,3,2307,2,0,0,0,0,0,0,0,consigna,0,0.66,1,0
290,8682,13,2,1999,1,0,0,1,1,0,0,0,procedimiento,0,0.75,0,0
290,8683,6,4,3156,1,1,0,0,0,0,0,0,conceptual,0,0.64,1,0
290,8684,11,3,2542,1,1,1,0,1,0,0,0,procedimiento,0,0.73,0,0
290,8685,16,1,2026,1,0,0,0,1,0,0,0,procedimiento,0,0.72,0,0
290,8686,15,2,1779,1,0,0,1,1,0,0,0,procedimiento,0,0.71,0,0
290,8687,16,4,4008,2,1,0,0,0,0,0,0,procedimiento,0,0.61,1,0
290,8688,17,2,2354,1,0,0,0,1,0,0,0,procedimiento,0,0.7,0,0
290,8689,19,3,3480,1,1,0,0,0,0,0,0,procedimiento,0,0.59,1,0
290,8690,4,1,1452,1,0,0,1,1,0,0,0,procedimiento,0,0.68,0,0
290,8691,6,1,1659,1,1,0,1,0,0,0,0,inatencion,0,0.57,1,0
290,8692,8,2,2350,1,0,0,0,1,0,0,0,procedimiento,0,0.66,0,0
290,8693,12,3,3295,1,0,0,0,0,0,0,0,inatencion,0,0.56,1,0
290,8694,10,1,2394,1,0,0,0,0,0,0,1,inatencion,1,0.45,2,0
290,8695,6,2,2522,1,0,0,0,0,0,0,1,inatencion,1,0.34,3,0
290,8696,6,2,4078,1,0,0,0,1,0,0,0,procedimiento,0,0.63,0,0
290,8697,18,3,4019,1,0,0,0,1,0,0,0,procedimiento,0,0.62,0,0
290,8698,5,3,3246,2,1,0,0,0,0,0,0,inatencion,0,0.51,1,0
290,8699,2,3,3078,1,1,0,0,0,0,0,1,inatencion,1,0.41,2,0
290,8700,16,2,2338,1,0,0,0,0,0,0,1,inatencion,1,0.3,3,0
291,8701,6,2,3984,1,1,0,0,0,0,0,0,conceptual,0,0.63,1,0
291,8702,13,2,3354,1,0,0,0,0,0,0,1,conceptual,1,0.53,2,0
291,8703,11,1,2079,1,0,0,0,1,0,0,0,procedimiento,0,0.72,0,0
291,8704,19,3,4889,2,0,0,0,0,0,0,0,aleatorio,0,0.61,1,0
291,8705,10,4,4915,1,0,0,0,0,0,0,0,inatencion,1,0.5,2,0
291,8706,17,2,4493,2,0,0,0,0,0,0,1,aleatorio,1,0.4,3,0
291,8707,8,4,5700,2,0,0,0,0,0,0,0,inatencion,1,0.29,4,0
291,8708,14,4,6910,2,1,0,0,0,0,0,0,inatencion,1,0.18,5,0
291,8709,5,3,4680,1,1,0,0,1,0,0,0,procedimiento,0,0.67,0,0
291,8710,13,3,3271,1,0,0,0,1,0,0,0,procedimiento,0,0.67,0,0
291,8711,14,3,3370,1,1,0,0,1,0,0,0,procedimiento,0,0.66,0,0
291,8712,15,1,2648,1,0,0,0,0,0,0,0,consigna,0,0.55,1,0
291,8713,17,3,5357,1,1,0,0,0,0,0,2,inatencion,1,0.45,2,0
291,8714,4,1,2864,1,0,0,0,1,0,0,0,procedimiento,0,0.64,0,0
291,8715,10,2,3837,1,1,0,0,0,0,0,0,consigna,0,0.53,1,0
291,8716,15,3,4758,1,0,0,0,1,0,0,0,procedimiento,0,0.62,0,0
291,8717,1,2,2985,1,0,0,0,1,0,0,0,procedimiento,0,0.62,0,0
291,8718,18,1,2373,1,0,0,0,1,0,0,0,procedimiento,0,0.61,0,0
291,8719,6,3,5450,3,0,0,0,0,0,0,0,inatencion,0,0.5,1,0
291,8720,5,3,5387,1,0,0,0,1,3,0,0,procedimiento,0,0.59,0,0
291,8721,19,2,2603,1,0,0,0,1,1,0,0,procedimiento,0,0.59,0,0
291,8722,13,1,2756,1,0,0,0,0,1,0,0,inatencion,0,0.48,1,0
291,8723,17,3,3670,1,1,0,0,0,1,0,1,aleatorio,1,0.37,2,0
291,8724,13,2,5260,2,0,0,0,0,1,0,0,inatencion,1,0.26,3,0
291,8725,1,4,7341,1,0,0,0,0,1,0,2,inatencion,1,0.16,4,0
291,8726,6,4,9408,2,0,0,0,0,2,0,2,inatencion,1,0.15,5,0
291,8727,6,3,7548,3,0,0,0,0,1,0,0,inatencion,1,0.15,6,0
291,8728,17,3,5069,1,1,0,0,0,3,0,2,aleatorio,1,0.15,7,0
291,8729,9,3,5374,1,1,0,0,0,2,0,0,aleatorio,1,0.15,8,0
291,8730,11,3,5639,3,0,0,0,0,4,0,0,inatencion,1,0.15,9,0
292,8731,5,3,5539,1,1,0,0,1,0,0,0,procedimiento,0,0.74,0,0
292,8732,10,1,2805,1,0,0,0,1,0,0,0,procedimiento,0,0.74,0,0
292,8733,4,2,3593,2,0,0,0,0,0,0,0,conceptual,0,0.63,1,0
292,8734,8,3,5376,2,1,0,0,0,0,0,0,inatencion,1,0.52,2,0
292,8735,17,3,4532,2,0,0,0,0,0,0,0,inatencion,1,0.4,3,0
292,8736,11,3,4737,1,1,0,0,1,0,0,0,procedimiento,0,0.71,0,0
292,8737,5,2,2948,2,1,0,0,0,0,0,0,conceptual,0,0.6,1,0
292,8738,5,2,3786,2,0,0,0,0,0,0,1,procedimiento,1,0.49,2,0
292,8739,8,2,4007,1,1,1,0,0,0,0,1,inatencion,1,0.39,3,0
292,8740,7,3,3998,2,0,0,0,0,0,0,0,inatencion,1,0.28,4,0
292,8741,15,2,3627,3,1,0,0,0,0,0,3,inatencion,1,0.17,5,0
292,8742,16,3,4437,2,0,0,0,0,0,0,0,inatencion,1,0.15,6,0
292,8743,6,2,2739,1,0,0,0,1,0,0,0,procedimiento,0,0.66,0,0
292,8744,13,2,3718,3,0,0,0,0,0,0,0,conceptual,0,0.55,1,0
292,8745,5,1,3146,3,0,0,0,0,0,0,1,consigna,1,0.44,2,0
292,8746,1,1,3075,1,0,0,0,1,0,0,0,procedimiento,0,0.63,0,0
292,8747,6,4,5600,2,0,0,0,0,0,0,0,procedimiento,0,0.53,1,0
292,8748,18,3,5743,1,1,2,0,0,0,0,1,consigna,1,0.42,2,0
292,8749,6,2,3878,2,0,0,0,0,0,0,0,inatencion,1,0.31,3,0
292,8750,12,3,4650,1,0,0,0,0,0,0,0,inatencion,1,0.2,4,0
292,8751,15,2,3445,1,1,0,0,0,0,0,1,inatencion,1,0.15,5,0
292,8752,5,1,3182,1,0,0,0,1,0,0,0,procedimiento,0,0.59,0,0
292,8753,4,3,4749,1,0,0,0,0,1,0,0,procedimiento,0,0.48,1,0
292,8754,6,3,5188,2,0,0,0,0,3,0,2,aleatorio,1,0.37,2,0
292,8755,8,2,3284,3,0,0,0,0,1,0,2,aleatorio,1,0.27,3,0
292,8756,17,1,3525,1,1,0,0,0,3,0,2,inatencion,1,0.16,4,0
292,8757,10,3,6054,2,1,0,0,0,1,0,2,inatencion,1,0.15,5,0
292,8758,5,4,7082,2,1,0,0,0,1,0,1,inatencion,1,0.15,6,0
292,8759,11,3,8291,3,1,0,0,0,3,0,0,inatencion,1,0.15,7,0
292,8760,15,3,7434,3,0,0,0,0,1,0,0,inatencion,1,0.15,8,0
293,8761,3,3,5236,1,1,0,0,1,0,0,0,procedimiento,0,0.51,0,0
293,8762,15,4,5456,1,0,0,0,1,3,0,0,procedimiento,0,0.51,0,0
293,8763,14,2,4147,1,0,0,0,1,1,0,0,procedimiento,0,0.5,0,0
293,8764,14,2,2549,1,1,1,0,0,2,303,0,conceptual,1,0.4,1,0
293,8765,19,3,4232,3,0,0,0,0,1,1076,1,consigna,1,0.29,2,0
293,8766,13,2,2729,1,0,0,0,1,2,720,0,procedimiento,1,0.49,0,0
293,8767,18,2,3488,1,0,0,0,1,2,452,0,procedimiento,1,0.48,0,0
293,8768,13,2,2524,1,0,0,0,1,1,576,0,procedimiento,1,0.48,0,0
293,8769,9,2,3240,1,0,0,0,1,0,415,0,procedimiento,1,0.47,0,0
293,8770,1,2,3267,2,0,0,0,0,0,67,0,inatencion,1,0.37,1,0
293,8771,7,3,3923,1,0,0,0,0,2,272,1,consigna,1,0.26,2,0
293,8772,9,2,3680,2,1,0,0,0,1,1545,2,aleatorio,1,0.16,3,0
293,8773,13,3,4472,1,1,3,0,0,0,489,1,aleatorio,1,0.15,4,0
293,8774,6,3,3132,2,0,0,0,0,1,362,0,aleatorio,1,0.15,5,0
293,8775,6,4,5345,3,1,0,0,0,1,498,1,inatencion,1,0.15,6,0
293,8776,8,3,3238,1,1,0,0,0,2,238,2,inatencion,1,0.15,7,0
293,8777,10,3,3299,2,1,0,0,0,1,299,5,inatencion,1,0.15,8,0
293,8778,18,2,2489,2,0,0,0,0,0,21,1,aleatorio,1,0.15,9,0
293,8779,4,1,1999,1,0,0,1,1,4,708,0,procedimiento,1,0.42,0,0
293,8780,13,4,5330,2,0,0,0,0,4,338,0,procedimiento,1,0.32,1,0
293,8781,14,4,4936,1,0,0,0,0,2,1002,4,aleatorio,1,0.21,2,0
293,8782,19,3,6348,1,1,0,0,0,3,332,0,inatencion,1,0.15,3,0
293,8783,11,3,3772,1,0,0,0,1,4,455,0,procedimiento,1,0.4,0,0
293,8784,14,3,4176,2,1,0,0,0,0,1069,3,procedimiento,1,0.3,1,0
293,8785,17,2,3692,1,0,0,0,1,1,94,0,procedimiento,1,0.39,0,0
293,8786,16,2,3012,1,0,0,0,0,1,648,2,aleatorio,1,0.29,1,0
293,8787,14,4,6005,1,0,0,0,0,3,327,2,inatencion,1,0.18,2,0
293,8788,18,1,3168,1,0,0,0,0,1,399,1,inatencion,1,0.15,3,0
293,8789,12,3,5599,3,1,0,0,0,4,1260,2,aleatorio,1,0.15,4,0
293,8790,11,1,2856,1,0,0,0,1,6,266,1,procedimiento,1,0.36,0,0
294,8791,9,2,3313,3,1,1,0,0,0,0,0,conceptual,0,0.73,1,0
294,8792,2,4,4344,2,0,0,0,0,0,0,0,inatencion,1,0.62,2,0
294,8793,6,2,2394,1,1,0,0,0,0,0,0,inatencion,1,0.4,3,0
294,8794,2,4,4073,3,1,0,0,0,0,0,0,aleatorio,1,0.4,4,0
294,8795,14,2,3610,3,0,0,0,0,0,0,0,aleatorio,1,0.3,5,0
294,8796,18,3,3411,2,0,0,0,0,0,0,1,aleatorio,1,0.19,6,0
294,8797,16,3,2740,1,0,0,0,1,0,0,0,procedimiento,0,0.78,0,0
294,8798,10,2,2619,1,0,0,0,1,0,0,0,procedimiento,0,0.77,0,0
294,8799,4,2,3424,1,0,0,0,0,0,0,0,conceptual,0,0.66,1,0
294,8800,12,3,3077,1,1,0,0,0,0,0,0,procedimiento,1,0.56,2,0
294,8801,2,4,4326,2,0,0,0,0,0,0,0,inatencion,1,0.4,3,0
294,8802,16,4,4800,2,1,0,0,0,0,0,0,inatencion,1,0.34,4,0
294,8803,4,2,2413,1,0,0,0,1,0,0,0,procedimiento,0,0.73,0,0
294,8804,12,3,2895,1,0,0,0,0,0,0,0,inatencion,0,0.62,1,0
294,8805,9,3,2845,2,1,0,0,0,0,0,1,conceptual,1,0.51,2,0
294,8806,10,2,3234,1,0,0,0,0,0,0,1,inatencion,1,0.4,3,0
294,8807,19,3,3704,1,0,0,0,1,0,0,0,procedimiento,0,0.7,0,0
294,8808,18,2,3457,1,0,0,0,1,0,0,0,procedimiento,0,0.69,0,0
294,8809,2,1,2095,1,1,1,0,1,0,0,0,procedimiento,0,0.68,0,0
294,8810,15,2,3461,2,0,0,0,0,0,0,0,inatencion,0,0.57,1,0
294,8811,9,4,5020,1,0,0,0,0,0,0,2,inatencion,1,0.47,2,0
294,8812,5,2,3457,2,0,0,0,0,0,0,0,inatencion,1,0.36,3,0
294,8813,10,2,3932,1,0,0,0,1,0,0,0,procedimiento,0,0.65,0,0
294,8814,16,4,7679,1,1,0,0,0,0,0,0,procedimiento,0,0.54,1,0
294,8815,9,4,4775,1,0,0,0,0,0,0,0,conceptual,1,0.43,2,0
294,8816,16,2,2921,1,0,0,0,0,0,0,4,inatencion,1,0.32,3,0
294,8817,19,2,4249,1,1,0,0,1,0,0,0,procedimiento,0,0.62,0,0
294,8818,16,1,3161,1,0,0,0,0,0,0,0,conceptual,0,0.51,1,0
294,8819,5,3,3713,2,1,0,0,0,2,0,1,inatencion,1,0.4,2,0
294,8820,10,2,3817,2,0,0,0,0,1,0,0,inatencion,1,0.29,3,0
295,8821,11,1,2793,1,0,0,0,1,0,0,0,procedimiento,0,0.89,0,0
295,8822,12,4,6459,1,0,0,0,1,0,0,0,procedimiento,0,0.88,0,0
295,8823,1,4,5222,1,0,0,0,1,0,0,0,procedimiento,0,0.87,0,0
295,8824,14,3,5078,2,1,1,0,0,0,0,0,conceptual,0,0.76,1,0
295,8825,15,3,4701,1,0,0,0,1,0,0,0,procedimiento,0,0.86,0,0
295,8826,7,2,2734,3,1,0,0,0,0,0,0,inatencion,0,0.75,1,0
295,8827,15,3,3508,1,1,0,0,0,0,0,0,inatencion,1,0.64,2,0
295,8828,18,3,4740,1,1,0,0,1,0,0,0,procedimiento,0,0.83,0,0
295,8829,9,3,2962,1,0,0,0,1,0,0,0,procedimiento,0,0.82,0,0
295,8830,2,3,5048,2,0,0,0,0,0,0,0,consigna,0,0.71,1,0
295,8831,14,3,3543,1,1,1,0,0,0,0,1,consigna,1,0.6,2,0
295,8832,17,2,2954,1,0,0,0,1,0,0,0,procedimiento,0,0.79,0,0
295,8833,7,1,2018,1,0,0,0,1,0,0,0,procedimiento,0,0.78,0,0
295,8834,3,2,2740,1,1,0,0,1,0,0,0,procedimiento,0,0.78,0,0
295,8835,5,3,3474,1,1,0,0,1,0,0,0,procedimiento,0,0.77,0,0
295,8836,5,3,4652,1,0,0,0,0,0,0,0,inatencion,0,0.66,1,0
295,8837,17,4,6304,1,0,0,0,0,0,0,1,aleatorio,1,0.55,2,0
295,8838,10,3,5160,1,1,0,0,0,0,0,0,inatencion,1,0.4,3,0
295,8839,8,3,3842,1,0,0,0,1,0,0,0,procedimiento,0,0.73,0,0
295,8840,19,1,2194,3,0,0,0,0,0,0,0,inatencion,0,0.62,1,0
295,8841,2,4,6425,1,0,0,0,0,0,0,0,consigna,1,0.51,2,0
295,8842,11,2,4014,1,0,0,0,1,0,0,0,procedimiento,0,0.7,0,0
295,8843,11,2,3441,1,0,0,0,1,0,0,0,procedimiento,0,0.7,0,0
295,8844,14,3,4984,2,0,0,0,0,0,0,0,inatencion,0,0.59,1,0
295,8845,1,3,3688,1,1,3,0,1,0,0,0,procedimiento,0,0.68,0,0
295,8846,19,1,2548,2,0,0,0,0,0,0,0,procedimiento,0,0.57,1,0
295,8847,19,4,6964,1,0,0,0,1,0,0,0,procedimiento,0,0.66,0,0
295,8848,4,3,4860,1,0,0,0,0,0,0,0,procedimiento,0,0.55,1,0
295,8849,14,2,4241,2,1,2,0,0,0,0,0,inatencion,1,0.44,2,0
295,8850,6,2,3275,1,0,0,0,1,0,0,0,procedimiento,0,0.63,0,0
296,8851,12,1,1916,1,1,1,1,1,0,0,0,procedimiento,0,0.68,0,0
296,8852,13,2,3980,1,1,0,0,0,0,0,0,procedimiento,0,0.57,1,0
296,8853,18,1,2349,1,0,0,0,1,0,0,0,procedimiento,0,0.66,0,0
296,8854,12,3,3949,1,0,0,0,1,0,0,0,procedimiento,0,0.65,0,0
296,8855,9,2,4117,1,1,0,0,0,0,0,0,inatencion,0,0.55,1,0
296,8856,2,1,2377,1,0,0,0,1,0,0,0,procedimiento,0,0.64,0,0
296,8857,12,2,3597,1,0,0,0,1,0,0,0,procedimiento,0,0.63,0,0
296,8858,17,1,2769,1,0,0,0,1,0,0,0,procedimiento,0,0.63,0,0
296,8859,15,3,4307,1,1,0,0,1,0,0,0,procedimiento,0,0.62,0,0
296,8860,4,2,3300,1,0,0,0,1,0,0,0,procedimiento,0,0.61,0,0
296,8861,4,2,3660,1,0,0,0,1,0,0,0,procedimiento,0,0.61,0,0
296,8862,7,2,4048,1,0,0,0,1,0,0,0,procedimiento,0,0.6,0,0
296,8863,11,1,2798,1,0,0,0,1,0,0,0,procedimiento,0,0.59,0,0
296,8864,16,2,3596,1,0,0,0,0,3,0,0,procedimiento,0,0.49,1,0
296,8865,1,1,2609,3,0,0,0,0,1,0,1,procedimiento,1,0.38,2,0
296,8866,15,3,4937,2,1,0,0,0,5,0,1,inatencion,1,0.27,3,0
296,8867,17,2,3333,1,0,0,0,1,0,0,0,procedimiento,0,0.57,0,0
296,8868,13,3,3666,1,1,0,0,1,1,0,0,procedimiento,0,0.56,0,0
296,8869,5,3,3349,1,0,0,0,0,1,0,0,conceptual,0,0.45,1,0
296,8870,14,2,3195,1,1,0,0,1,0,0,0,procedimiento,0,0.55,0,0
296,8871,15,4,5725,2,0,0,0,0,1,0,0,inatencion,0,0.44,1,0
296,8872,12,3,3791,1,0,0,0,1,3,0,0,procedimiento,0,0.53,0,0
296,8873,12,2,4879,1,1,0,0,1,3,0,0,procedimiento,0,0.53,0,0
296,8874,11,3,4839,1,0,0,0,0,2,0,0,conceptual,0,0.42,1,0
296,8875,2,4,7190,1,1,1,0,1,1,0,0,procedimiento,0,0.51,0,0
296,8876,12,2,5256,1,0,0,0,0,0,0,0,conceptual,0,0.41,1,0
296,8877,2,3,7379,1,0,0,0,1,2,51,0,procedimiento,1,0.5,0,0
296,8878,10,2,4167,1,0,0,0,1,0,234,0,procedimiento,1,0.49,0,0
296,8879,4,3,5939,1,1,1,0,0,4,40,0,procedimiento,1,0.39,1,0
296,8880,8,4,7728,1,0,0,0,0,2,89,1,procedimiento,1,0.28,2,0
297,8881,5,3,3554,2,1,0,0,0,0,0,0,conceptual,0,0.71,1,0
297,8882,6,4,3789,1,1,3,0,0,0,0,0,procedimiento,1,0.6,2,0
297,8883,12,2,3521,2,0,0,0,0,0,0,1,inatencion,1,0.4,3,0
297,8884,18,2,3663,1,0,0,0,1,0,0,0,procedimiento,0,0.79,0,0
297,8885,15,1,1822,1,0,0,1,0,0,0,0,aleatorio,0,0.68,1,0
297,8886,7,1,2218,1,1,0,0,1,0,0,0,procedimiento,0,0.77,0,0
297,8887,11,3,3677,1,0,0,0,1,0,0,0,procedimiento,0,0.76,0,0
297,8888,4,1,2313,1,1,1,0,1,0,0,0,procedimiento,0,0.75,0,0
297,8889,4,1,2346,1,0,0,0,1,0,0,0,procedimiento,0,0.75,0,0
297,8890,19,4,4832,1,1,0,0,1,0,0,0,procedimiento,0,0.74,0,0
297,8891,14,3,4759,1,0,0,0,1,0,0,0,procedimiento,0,0.73,0,0
297,8892,18,2,2946,1,0,0,0,1,0,0,0,procedimiento,0,0.72,0,0
297,8893,1,2,2141,1,0,0,0,0,0,0,0,consigna,0,0.61,1,0
297,8894,9,3,3510,1,0,0,0,1,0,0,0,procedimiento,0,0.71,0,0
297,8895,11,2,3235,1,1,0,0,0,0,0,0,aleatorio,0,0.6,1,0
297,8896,12,3,3568,1,0,0,0,1,0,0,0,procedimiento,0,0.69,0,0
297,8897,3,1,2355,1,0,0,0,1,0,0,0,procedimiento,0,0.68,0,0
297,8898,16,1,2291,1,1,2,0,1,0,0,0,procedimiento,0,0.67,0,0
297,8899,17,1,2327,1,0,0,0,1,0,0,0,procedimiento,0,0.67,0,0
297,8900,16,3,3267,3,0,0,0,0,0,0,0,aleatorio,0,0.56,1,0
297,8901,1,2,3055,3,0,0,0,0,0,0,2,inatencion,1,0.45,2,0
297,8902,10,4,4851,1,0,0,0,0,0,0,1,aleatorio,1,0.34,3,0
297,8903,15,1,2789,1,0,0,0,1,0,0,0,procedimiento,0,0.63,0,0
297,8904,12,4,4382,1,1,0,0,1,0,0,0,procedimiento,0,0.62,0,0
297,8905,11,1,2635,1,0,0,0,1,0,0,0,procedimiento,0,0.62,0,0
297,8906,16,3,5465,2,0,0,0,0,0,0,0,inatencion,0,0.51,1,0
297,8907,6,3,4618,1,0,0,0,1,0,0,0,procedimiento,0,0.6,0,0
297,8908,3,1,1923,1,1,0,1,1,1,0,0,procedimiento,0,0.59,0,0
297,8909,7,3,4236,1,1,0,0,0,1,0,0,conceptual,0,0.48,1,0
297,8910,4,1,1767,3,0,0,1,0,1,0,1,aleatorio,1,0.38,2,0
298,8911,16,2,2267,1,0,0,0,1,0,0,0,procedimiento,0,0.81,0,0
298,8912,3,2,2324,1,0,0,0,1,0,0,0,procedimiento,0,0.8,0,0
298,8913,15,3,2945,1,0,0,0,1,0,0,0,procedimiento,0,0.79,0,0
298,8914,7,3,2887,3,1,0,0,0,0,0,0,procedimiento,0,0.68,1,0
298,8915,16,2,2459,2,1,0,0,0,0,0,0,inatencion,1,0.58,2,0
298,8916,14,1,1628,1,0,0,1,1,0,0,0,procedimiento,0,0.77,0,0
298,8917,14,3,2593,1,0,0,0,1,0,0,0,procedimiento,0,0.76,0,0
298,8918,2,2,1770,1,0,0,1,1,0,0,0,procedimiento,0,0.75,0,0
298,8919,8,3,1886,2,0,0,1,0,0,0,0,inatencion,0,0.64,1,0
298,8920,15,2,1653,1,0,0,1,1,0,0,0,procedimiento,0,0.73,0,0
298,8921,2,2,1505,1,0,0,1,0,0,0,0,aleatorio,0,0.63,1,0
298,8922,12,3,2515,1,1,1,0,0,0,0,0,inatencion,1,0.52,2,0
298,8923,4,2,1698,1,0,0,1,1,0,0,0,procedimiento,0,0.71,0,0
298,8924,11,3,2959,1,1,0,0,0,0,0,0,conceptual,0,0.6,1,0
298,8925,13,2,1881,1,0,0,1,0,0,0,1,inatencion,1,0.49,2,0
298,8926,4,3,1836,1,1,0,1,1,0,0,0,procedimiento,0,0.69,0,0
298,8927,16,1,1486,2,0,0,1,0,0,0,0,inatencion,0,0.58,1,0
298,8928,19,3,2867,3,1,2,0,0,0,0,1,inatencion,1,0.47,2,0
298,8929,15,1,1569,2,0,0,1,0,0,0,0,inatencion,1,0.36,3,0
298,8930,9,3,2261,1,0,0,0,0,0,0,1,aleatorio,1,0.25,4,0
298,8931,14,1,1669,3,0,0,1,0,0,0,1,inatencion,1,0.15,5,0
298,8932,12,4,3645,1,0,0,0,1,0,0,0,procedimiento,0,0.64,0,0
298,8933,4,3,4283,1,1,1,0,1,0,0,0,procedimiento,0,0.63,0,0
298,8934,10,2,3005,3,0,0,0,0,0,0,0,conceptual,0,0.52,1,0
298,8935,13,2,2224,1,0,0,0,0,0,0,3,consigna,1,0.41,2,0
298,8936,9,3,2983,1,1,0,0,0,0,0,1,inatencion,1,0.31,3,0
298,8937,16,2,3016,3,0,0,0,0,1,0,1,inatencion,1,0.2,4,0
298,8938,4,3,4130,1,1,0,0,0,4,0,1,inatencion,1,0.15,5,0
298,8939,19,3,3046,1,0,0,0,0,1,0,1,aleatorio,1,0.15,6,0
298,8940,14,3,4145,1,1,3,0,0,1,0,1,inatencion,1,0.15,7,0
299,8941,9,3,2681,1,0,0,0,1,0,0,0,procedimiento,0,0.86,0,0
299,8942,18,1,2360,1,0,0,0,1,0,0,0,procedimiento,0,0.85,0,0
299,8943,7,2,3677,1,0,0,0,1,0,0,0,procedimiento,0,0.84,0,0
299,8944,17,1,2423,1,0,0,0,0,0,0,0,inatencion,0,0.73,1,0
299,8945,17,2,3102,1,0,0,0,0,0,0,1,conceptual,1,0.62,2,0
299,8946,2,2,3022,1,0,0,0,0,0,0,0,inatencion,1,0.4,3,0
299,8947,18,1,2213,2,1,0,0,0,0,0,1,aleatorio,1,0.4,4,0
299,8948,12,2,3724,1,1,1,0,0,0,0,3,inatencion,1,0.3,5,0
299,8949,5,2,2137,1,0,0,0,1,0,0,0,procedimiento,0,0.79,0,0
299,8950,5,3,4056,1,1,1,0,1,0,0,0,procedimiento,0,0.78,0,0
299,8951,9,3,3429,1,0,0,0,1,0,0,0,procedimiento,0,0.77,0,0
299,8952,1,3,4612,1,0,0,0,1,0,0,0,procedimiento,0,0.76,0,0
299,8953,16,3,4034,1,1,0,0,0,0,0,0,conceptual,0,0.65,1,0
299,8954,16,4,3774,1,0,0,0,0,0,0,0,consigna,1,0.54,2,0
299,8955,8,3,4233,1,1,0,0,1,0,0,0,procedimiento,0,0.74,0,0
299,8956,8,3,4668,2,1,0,0,0,0,0,0,conceptual,0,0.63,1,0
299,8957,15,1,2245,1,1,0,0,1,0,0,0,procedimiento,0,0.72,0,0
299,8958,18,2,3342,1,1,0,0,1,0,0,0,procedimiento,0,0.71,0,0
299,8959,13,3,4636,1,0,0,0,1,0,0,0,procedimiento,0,0.7,0,0
299,8960,19,2,2586,1,0,0,0,1,0,0,0,procedimiento,0,0.69,0,0
299,8961,2,3,3497,1,0,0,0,0,0,0,0,aleatorio,0,0.58,1,0
299,8962,16,4,5837,1,1,1,0,1,0,0,0,procedimiento,0,0.68,0,0
299,8963,17,1,2334,1,0,0,0,1,0,0,0,procedimiento,0,0.67,0,0
299,8964,4,2,3643,1,0,0,0,1,0,0,0,procedimiento,0,0.66,0,0
299,8965,11,3,5137,1,0,0,0,1,0,0,0,procedimiento,0,0.65,0,0
299,8966,5,1,2479,1,0,0,0,1,0,0,0,procedimiento,0,0.64,0,0
299,8967,10,4,6847,1,0,0,0,1,0,0,0,procedimiento,0,0.63,0,0
299,8968,4,3,3884,1,1,0,0,0,0,0,0,conceptual,0,0.52,1,0
299,8969,17,3,5140,3,0,0,0,0,0,0,1,procedimiento,1,0.42,2,0
299,8970,19,3,4460,1,1,2,0,1,0,0,0,procedimiento,0,0.61,0,0
300,8971,10,2,3177,2,0,0,0,0,0,0,0,conceptual,0,0.84,1,0
300,8972,10,3,4708,3,1,0,0,0,0,0,0,consigna,1,0.73,2,0
300,8973,10,4,4325,1,0,0,0,0,0,0,0,inatencion,1,0.4,3,0
300,8974,9,2,4235,2,0,0,0,0,0,0,1,aleatorio,1,0.4,4,0
300,8975,8,2,3618,2,0,0,0,0,0,0,1,inatencion,1,0.4,5,0
300,8976,12,3,5419,1,0,0,0,0,0,0,0,inatencion,1,0.29,6,0
300,8977,4,2,3054,1,0,0,0,1,0,0,0,procedimiento,0,0.88,0,0
300,8978,2,2,3400,1,0,0,0,0,0,0,0,procedimiento,0,0.77,1,0
300,8979,6,3,3646,1,0,0,0,0,0,0,0,inatencion,1,0.66,2,0
300,8980,5,2,3012,1,0,0,0,0,0,0,2,inatencion,1,0.4,3,0
300,8981,2,3,4638,1,0,0,0,0,0,0,0,aleatorio,1,0.4,4,0
300,8982,15,3,3874,1,1,3,0,1,0,0,0,procedimiento,0,0.83,0,0
300,8983,18,2,3137,1,1,0,0,0,0,0,0,conceptual,0,0.72,1,0
300,8984,8,3,5423,2,0,0,0,0,0,0,1,procedimiento,1,0.61,2,0
300,8985,9,1,2044,1,0,0,0,0,0,0,0,aleatorio,1,0.4,3,0
300,8986,5,2,2826,1,0,0,0,1,0,0,0,procedimiento,0,0.8,0,0
300,8987,11,1,2044,1,0,0,0,1,0,0,0,procedimiento,0,0.79,0,0
300,8988,15,4,5575,2,0,0,0,0,0,0,0,procedimiento,0,0.68,1,0
300,8989,10,1,2004,1,0,0,0,1,0,0,0,procedimiento,0,0.77,0,0
300,8990,13,1,2595,1,0,0,0,1,0,0,0,procedimiento,0,0.76,0,0
300,8991,18,4,6763,2,0,0,0,0,0,0,0,conceptual,0,0.65,1,0
300,8992,19,4,6206,1,0,0,0,1,0,0,0,procedimiento,0,0.74,0,0
300,8993,9,3,4983,2,1,0,0,0,0,0,0,conceptual,0,0.63,1,0
300,8994,2,2,5199,1,0,0,0,1,0,0,0,procedimiento,0,0.72,0,0
300,8995,17,1,2297,1,1,0,0,1,0,0,0,procedimiento,0,0.71,0,0
300,8996,6,2,3928,3,0,0,0,0,0,0,0,procedimiento,0,0.6,1,0
300,8997,4,2,3896,1,0,0,0,1,0,0,0,procedimiento,0,0.69,0,0
300,8998,7,3,4901,2,1,0,0,0,0,0,0,inatencion,0,0.58,1,0
300,8999,10,3,4597,1,0,0,0,0,0,0,0,procedimiento,1,0.47,2,0
300,9000,17,3,6356,2,0,0,0,0,0,0,0,aleatorio,1,0.36,3,0
301,9001,2,2,2455,1,0,0,0,0,0,0,0,procedimiento,0,0.7,1,0
301,9002,5,3,3399,2,0,0,0,0,0,0,0,conceptual,1,0.6,2,0
301,9003,4,2,3227,1,0,0,0,0,0,0,0,inatencion,1,0.4,3,0
301,9004,14,2,2475,1,0,0,0,0,0,0,1,inatencion,1,0.38,4,0
301,9005,10,2,3133,1,0,0,0,0,0,0,1,inatencion,1,0.27,5,0
301,9006,13,3,3437,1,0,0,0,0,0,0,0,inatencion,1,0.16,6,0
301,9007,7,3,2796,1,1,1,0,1,0,0,0,procedimiento,0,0.76,0,0
301,9008,18,1,1751,1,0,0,1,1,0,0,0,procedimiento,0,0.75,0,0
301,9009,16,3,3164,1,1,0,0,0,0,0,0,conceptual,0,0.64,1,0
301,9010,4,2,2941,2,1,1,0,0,0,0,0,procedimiento,1,0.53,2,0
301,9011,2,3,4074,1,0,0,0,1,0,0,0,procedimiento,0,0.72,0,0
301,9012,12,2,2673,2,0,0,0,0,0,0,0,inatencion,0,0.61,1,0
301,9013,7,4,3917,1,0,0,0,0,0,0,0,conceptual,1,0.51,2,0
301,9014,12,4,4060,3,1,0,0,0,0,0,2,inatencion,1,0.4,3,0
301,9015,13,1,1618,2,0,0,1,0,0,0,1,aleatorio,1,0.29,4,0
301,9016,2,1,1821,1,0,0,1,1,0,0,0,procedimiento,0,0.68,0,0
301,9017,16,2,3161,1,0,0,0,0,0,0,0,inatencion,0,0.57,1,0
301,9018,11,1,2100,2,0,0,0,0,0,0,0,inatencion,1,0.47,2,0
301,9019,3,3,3285,1,0,0,0,1,0,0,0,procedimiento,0,0.66,0,0
301,9020,13,3,4661,3,0,0,0,0,0,0,0,inatencion,0,0.55,1,0
301,9021,18,2,2246,3,0,0,0,0,0,0,1,inatencion,1,0.44,2,0
301,9022,2,1,1865,1,0,0,1,1,0,0,0,procedimiento,0,0.63,0,0
301,9023,16,3,3847,1,0,0,0,0,0,0,0,procedimiento,0,0.53,1,0
301,9024,5,2,4487,1,0,0,0,1,0,0,0,procedimiento,0,0.62,0,0
301,9025,1,2,4943,2,1,0,0,0,0,0,0,inatencion,0,0.51,1,0
301,9026,16,2,3879,1,1,0,0,0,0,0,1,consigna,1,0.4,2,0
301,9027,3,3,3757,1,1,0,0,0,2,0,1,aleatorio,1,0.29,3,0
301,9028,15,2,4286,1,1,0,0,0,1,0,0,inatencion,1,0.19,4,0
301,9029,13,4,5865,1,0,0,0,0,0,0,1,inatencion,1,0.15,5,0
301,9030,17,4,6099,3,0,0,0,0,1,0,0,aleatorio,1,0.15,6,0
302,9031,7,3,3303,1,0,0,0,1,0,0,0,procedimiento,0,0.68,0,0
302,9032,4,3,3355,3,0,0,0,0,0,0,0,procedimiento,0,0.57,1,0
302,9033,8,1,2386,1,1,0,0,1,0,0,0,procedimiento,0,0.67,0,0
302,9034,3,3,3227,1,0,0,0,1,0,0,0,procedimiento,0,0.66,0,0
302,9035,5,1,2642,1,0,0,0,0,0,0,0,conceptual,0,0.55,1,0
302,9036,17,3,3601,2,0,0,0,0,0,0,0,conceptual,1,0.45,2,0
302,9037,2,4,4399,2,1,0,0,0,0,0,2,aleatorio,1,0.34,3,0
302,9038,2,1,2826,1,0,0,0,0,0,0,1,aleatorio,1,0.23,4,0
302,9039,10,2,3726,1,0,0,0,1,0,0,0,procedimiento,0,0.62,0,0
302,9040,9,4,4033,2,1,1,0,0,0,0,0,inatencion,0,0.52,1,0
302,9041,12,4,6030,1,0,0,0,0,0,0,0,consigna,1,0.41,2,0
302,9042,11,1,1858,3,0,0,1,0,0,0,1,inatencion,1,0.3,3,0
302,9043,18,2,3663,3,1,0,0,0,2,0,1,inatencion,1,0.2,4,0
302,9044,16,3,3734,3,0,0,0,0,1,0,0,aleatorio,1,0.15,5,0
302,9045,6,2,3787,3,0,0,0,0,2,0,2,inatencion,1,0.15,6,0
302,9046,4,3,3173,1,0,0,0,0,2,0,1,inatencion,1,0.15,7,0
302,9047,15,2,3014,1,0,0,0,0,1,0,3,inatencion,1,0.15,8,0
302,9048,19,1,1787,1,1,1,1,0,2,0,1,inatencion,1,0.15,9,0
302,9049,19,1,2127,2,0,0,0,0,0,0,0,inatencion,1,0.15,10,0
302,9050,7,2,2844,1,1,0,0,0,0,0,1,inatencion,1,0.15,11,0
302,9051,14,3,4785,1,1,0,0,0,4,0,0,inatencion,1,0.15,12,0
302,9052,7,3,5140,1,0,0,0,0,1,0,2,inatencion,1,0.15,13,0
302,9053,12,2,4111,3,1,1,0,0,1,0,1,aleatorio,1,0.15,14,0
302,9054,6,4,5522,1,0,0,0,1,0,0,0,procedimiento,0,0.52,0,0
302,9055,11,3,3994,1,0,0,0,0,1,0,0,consigna,0,0.42,1,0
302,9056,7,3,6499,1,1,2,0,0,1,0,0,inatencion,1,0.31,2,0
302,9057,4,1,2988,1,1,2,0,1,0,0,0,procedimiento,0,0.5,0,0
302,9058,19,3,3389,3,1,0,0,0,2,185,0,conceptual,1,0.4,1,0
302,9059,12,3,4345,2,0,0,0,0,2,2,1,conceptual,1,0.29,2,0
302,9060,13,2,2798,2,0,0,0,0,0,222,2,inatencion,1,0.18,3,0
303,9061,9,1,2077,3,1,0,0,0,2,0,0,inatencion,0,0.42,1,0
303,9062,17,3,3498,1,1,2,0,0,2,0,1,procedimiento,1,0.32,2,0
303,9063,5,2,2884,1,0,0,0,0,1,0,2,inatencion,1,0.21,3,0
303,9064,12,1,1564,1,1,0,1,1,1,0,0,procedimiento,0,0.5,0,0
303,9065,15,2,2492,1,0,0,0,1,3,355,0,procedimiento,1,0.5,0,0
303,9066,18,2,2528,1,0,0,0,1,2,37,0,procedimiento,1,0.49,0,0
303,9067,12,2,2242,1,0,0,0,1,2,2,0,procedimiento,1,0.49,0,0
303,9068,10,1,1591,1,0,0,1,1,1,944,0,procedimiento,1,0.48,0,0
303,9069,17,4,3534,1,0,0,0,0,2,807,0,inatencion,1,0.38,1,0
303,9070,19,2,3022,1,0,0,0,0,3,514,1,conceptual,1,0.27,2,0
303,9071,10,3,2387,2,1,0,0,0,0,1011,0,inatencion,1,0.17,3,0
303,9072,19,3,3058,1,0,0,0,1,1,319,0,procedimiento,1,0.46,0,0
303,9073,16,3,4109,3,0,0,0,0,2,696,0,procedimiento,1,0.36,1,0
303,9074,18,2,2374,1,0,0,0,0,3,130,0,inatencion,1,0.25,2,0
303,9075,9,1,1794,1,0,0,1,1,1,1184,0,procedimiento,1,0.45,0,0
303,9076,10,2,2140,1,0,0,0,1,1,620,0,procedimiento,1,0.44,0,0
303,9077,11,4,4425,1,0,0,0,0,1,197,0,procedimiento,1,0.34,1,0
303,9078,6,3,3719,2,1,1,0,0,4,540,4,conceptual,1,0.23,2,0
303,9079,2,1,1870,1,0,0,1,1,1,222,0,procedimiento,1,0.43,0,0
303,9080,9,2,2000,1,0,0,0,0,4,212,0,procedimiento,1,0.32,1,0
303,9081,6,3,3266,3,0,0,0,0,5,176,0,inatencion,1,0.22,2,0
303,9082,13,2,3394,1,1,0,0,1,4,110,0,procedimiento,1,0.41,0,0
303,9083,4,2,3271,3,0,0,0,0,2,408,0,conceptual,1,0.31,1,0
303,9084,16,2,3815,1,0,0,0,1,0,1052,0,procedimiento,1,0.4,0,0
303,9085,18,2,2819,1,0,0,0,1,3,272,3,procedimiento,1,0.4,0,0
303,9086,11,1,2080,2,0,0,0,0,2,172,0,procedimiento,1,0.29,1,0
303,9087,12,3,4541,1,1,1,0,1,3,498,0,procedimiento,1,0.39,0,0
303,9088,14,4,4971,3,1,0,0,0,3,294,1,consigna,1,0.28,1,0
303,9089,13,2,4780,1,1,0,0,0,0,1103,1,inatencion,1,0.17,2,0
303,9090,3,4,4911,1,0,0,0,0,2,1379,1,aleatorio,1,0.15,3,0
304,9091,4,3,4378,1,0,0,0,1,0,0,0,procedimiento,0,0.96,0,0
304,9092,9,4,5179,1,0,0,0,1,0,0,0,procedimiento,0,0.95,0,0
304,9093,17,3,3671,3,0,0,0,0,0,0,0,procedimiento,0,0.84,1,0
304,9094,3,4,5442,1,0,0,0,1,0,0,0,procedimiento,0,0.93,0,0
304,9095,12,1,2082,1,0,0,0,1,0,0,0,procedimiento,0,0.92,0,0
304,9096,5,4,7002,1,0,0,0,1,0,0,0,procedimiento,0,0.91,0,0
304,9097,6,1,2935,1,0,0,0,0,0,0,0,inatencion,0,0.8,1,0
304,9098,19,4,5767,1,1,0,0,1,0,0,0,procedimiento,0,0.89,0,0
304,9099,19,3,5182,1,0,0,0,0,0,0,0,procedimiento,0,0.78,1,0
304,9100,4,1,1979,2,0,0,1,0,0,0,0,inatencion,1,0.68,2,0
304,9101,8,2,3420,1,1,0,0,0,0,0,0,aleatorio,1,0.4,3,0
304,9102,11,3,5496,1,0,0,0,1,0,0,0,procedimiento,0,0.86,0,0
304,9103,10,2,3988,1,0,0,0,1,0,0,0,procedimiento,0,0.85,0,0
304,9104,17,2,4087,1,0,0,0,1,0,0,0,procedimiento,0,0.84,0,0
304,9105,12,3,5011,1,1,0,0,1,0,0,0,procedimiento,0,0.83,0,0
304,9106,8,1,2090,1,0,0,0,1,0,0,0,procedimiento,0,0.82,0,0
304,9107,18,2,3901,1,1,0,0,1,0,0,0,procedimiento,0,0.81,0,0
304,9108,2,2,4340,1,1,0,0,0,0,0,0,consigna,0,0.7,1,0
304,9109,7,1,2473,1,0,0,0,1,0,0,0,procedimiento,0,0.79,0,0
304,9110,8,4,5096,1,0,0,0,1,0,0,0,procedimiento,0,0.78,0,0
304,9111,5,3,4053,2,0,0,0,0,0,0,0,procedimiento,0,0.67,1,0
304,9112,2,3,7032,1,0,0,0,0,0,0,2,inatencion,1,0.56,2,0
304,9113,5,4,6583,3,1,0,0,0,0,0,0,inatencion,1,0.4,3,0
304,9114,19,3,4951,1,1,0,0,1,0,0,0,procedimiento,0,0.74,0,0
304,9115,1,1,2928,1,0,0,0,1,0,0,0,procedimiento,0,0.73,0,0
304,9116,10,1,4380,2,1,1,0,0,0,0,0,procedimiento,0,0.62,1,0
304,9117,13,3,7174,1,0,0,0,0,0,0,1,inatencion,1,0.51,2,0
304,9118,4,2,3966,3,1,0,0,0,0,0,1,aleatorio,1,0.4,3,0
304,9119,15,2,3993,2,0,0,0,0,0,0,1,inatencion,1,0.29,4,0
304,9120,7,1,2846,1,1,0,0,0,0,0,0,inatencion,1,0.18,5,0
305,9121,13,3,2216,1,1,1,0,1,0,0,0,procedimiento,0,0.88,0,0
305,9122,9,1,1983,1,0,0,1,1,0,0,0,procedimiento,0,0.87,0,0
305,9123,7,2,2387,3,0,0,0,0,0,0,0,conceptual,0,0.76,1,0
305,9124,13,1,1968,1,0,0,1,1,0,0,0,procedimiento,0,0.85,0,0
305,9125,4,3,2397,2,1,0,0,0,0,0,0,conceptual,0,0.74,1,0
305,9126,2,3,3296,1,0,0,0,0,0,0,0,aleatorio,1,0.63,2,0
305,9127,2,2,1965,1,1,0,1,0,0,0,1,inatencion,1,0.4,3,0
305,9128,1,4,3644,1,1,0,0,1,0,0,0,procedimiento,0,0.82,0,0
305,9129,10,3,3302,1,0,0,0,1,0,0,0,procedimiento,0,0.81,0,0
305,9130,8,3,3098,1,0,0,0,0,0,0,0,conceptual,0,0.7,1,0
305,9131,1,4,3482,1,0,0,0,1,0,0,0,procedimiento,0,0.79,0,0
305,9132,14,2,1648,1,0,0,1,1,0,0,0,procedimiento,0,0.78,0,0
305,9133,18,3,2919,1,1,0,0,0,0,0,0,conceptual,0,0.67,1,0
305,9134,5,4,3016,1,0,0,0,0,0,0,1,conceptual,1,0.56,2,0
305,9135,2,3,2695,1,0,0,0,1,0,0,0,procedimiento,0,0.75,0,0
305,9136,14,1,1213,1,0,0,1,1,0,0,0,procedimiento,0,0.75,0,0
305,9137,19,3,3445,1,0,0,0,1,0,0,0,procedimiento,0,0.74,0,0
305,9138,2,3,3396,1,0,0,0,1,0,0,0,procedimiento,0,0.73,0,0
305,9139,1,3,2614,1,1,0,0,0,0,0,0,procedimiento,0,0.62,1,0
305,9140,12,3,2914,1,0,0,0,0,0,0,2,inatencion,1,0.51,2,0
305,9141,5,2,2637,1,0,0,0,1,0,0,0,procedimiento,0,0.7,0,0
305,9142,11,1,2401,1,0,0,0,0,0,0,0,conceptual,0,0.59,1,0
305,9143,14,1,2282,2,0,0,0,0,0,0,1,inatencion,1,0.48,2,0
305,9144,6,2,2869,1,0,0,0,1,0,0,0,procedimiento,0,0.68,0,0
305,9145,11,4,4342,2,0,0,0,0,0,0,0,inatencion,0,0.57,1,0
305,9146,18,3,3991,1,0,0,0,1,0,0,0,procedimiento,0,0.66,0,0
305,9147,9,3,4576,2,0,0,0,0,0,0,0,conceptual,0,0.55,1,0
305,9148,5,3,4064,1,0,0,0,0,0,0,2,procedimiento,1,0.44,2,0
305,9149,15,2,2690,2,0,0,0,0,0,0,0,aleatorio,1,0.33,3,0
305,9150,12,1,2409,3,0,0,0,0,0,0,0,aleatorio,1,0.22,4,0
306,9151,6,2,4029,1,0,0,0,1,0,0,0,procedimiento,0,0.76,0,0
306,9152,19,4,5963,2,1,1,0,0,0,0,0,inatencion,0,0.65,1,0
306,9153,1,1,2195,1,0,0,0,1,0,0,0,procedimiento,0,0.75,0,0
306,9154,10,2,3893,1,0,0,0,0,0,0,0,consigna,0,0.64,1,0
306,9155,2,1,2846,1,0,0,0,0,0,0,1,conceptual,1,0.53,2,0
306,9156,16,1,2947,1,0,0,0,0,0,0,2,inatencion,1,0.4,3,0
306,9157,6,4,6174,2,1,0,0,0,0,0,1,inatencion,1,0.32,4,0
306,9158,12,2,2755,2,0,0,0,0,0,0,0,aleatorio,1,0.21,5,0
306,9159,17,3,4640,1,0,0,0,0,0,0,2,aleatorio,1,0.15,6,0
306,9160,2,3,4949,1,1,1,0,0,0,0,2,inatencion,1,0.15,7,0
306,9161,9,2,3122,1,0,0,0,1,0,0,0,procedimiento,0,0.69,0,0
306,9162,12,1,2706,1,0,0,0,1,0,0,0,procedimiento,0,0.68,0,0
306,9163,18,2,2722,1,1,1,0,0,0,0,0,procedimiento,0,0.57,1,0
306,9164,19,1,2032,1,0,0,0,1,0,0,0,procedimiento,0,0.66,0,0
306,9165,7,1,2771,1,0,0,0,1,0,0,0,procedimiento,0,0.65,0,0
306,9166,11,1,2693,1,0,0,0,0,0,0,0,procedimiento,0,0.55,1,0
306,9167,1,1,2566,1,0,0,0,1,0,0,0,procedimiento,0,0.64,0,0
306,9168,6,3,3799,2,1,0,0,0,0,0,0,aleatorio,0,0.53,1,0
306,9169,1,2,4126,2,1,0,0,0,0,0,0,inatencion,1,0.42,2,0
306,9170,16,4,6643,1,1,0,0,0,0,0,0,aleatorio,1,0.32,3,0
306,9171,4,1,2799,1,0,0,0,1,0,0,0,procedimiento,0,0.61,0,0
306,9172,13,1,3543,1,0,0,0,1,0,0,0,procedimiento,0,0.6,0,0
306,9173,13,2,3883,1,1,0,0,1,0,0,0,procedimiento,0,0.59,0,0
306,9174,16,4,6978,1,1,0,0,1,0,0,0,procedimiento,0,0.59,0,0
306,9175,18,2,3259,1,1,2,0,0,0,0,0,inatencion,0,0.48,1,0
306,9176,9,3,5310,1,1,1,0,1,1,0,0,procedimiento,0,0.57,0,0
306,9177,15,2,4304,1,1,2,0,1,1,0,0,procedimiento,0,0.56,0,0
306,9178,3,1,2923,1,0,0,0,1,0,0,0,procedimiento,0,0.56,0,0
306,9179,3,3,5030,3,1,0,0,0,0,0,0,consigna,0,0.45,1,0
306,9180,12,1,3589,1,0,0,0,0,4,0,0,inatencion,1,0.34,2,0
307,9181,5,1,1798,1,0,0,1,1,0,0,0,procedimiento,0,0.96,0,0
307,9182,1,2,2624,1,0,0,0,1,0,0,0,procedimiento,0,0.95,0,0
307,9183,9,1,1642,1,1,0,1,1,0,0,0,procedimiento,0,0.94,0,0
307,9184,14,2,2596,1,1,0,0,1,0,0,0,procedimiento,0,0.93,0,0
307,9185,17,2,1790,1,0,0,1,1,0,0,0,procedimiento,0,0.92,0,0
307,9186,2,1,1839,1,0,0,1,1,0,0,0,procedimiento,0,0.91,0,0
307,9187,18,3,3124,1,0,0,0,0,0,0,0,conceptual,0,0.8,1,0
307,9188,7,3,3440,1,0,0,0,0,0,0,0,conceptual,1,0.69,2,0
307,9189,3,2,2232,2,0,0,0,0,0,0,2,inatencion,1,0.4,3,0
307,9190,1,2,1814,2,1,0,1,0,0,0,0,inatencion,1,0.4,4,0
307,9191,14,3,3456,1,1,1,0,0,0,0,2,inatencion,1,0.36,5,0
307,9192,3,2,2927,2,1,0,0,0,0,0,0,aleatorio,1,0.25,6,0
307,9193,9,2,2861,3,0,0,0,0,0,0,0,inatencion,1,0.15,7,0
307,9194,16,2,1954,1,0,0,1,0,0,0,0,aleatorio,1,0.15,8,0
307,9195,19,4,3202,1,0,0,0,0,0,0,2,aleatorio,1,0.15,9,0
307,9196,14,3,2387,1,0,0,0,1,0,0,0,procedimiento,0,0.81,0,0
307,9197,10,1,1850,3,0,0,1,0,0,0,0,aleatorio,0,0.7,1,0
307,9198,17,3,2325,1,1,1,0,0,0,0,0,procedimiento,1,0.6,2,0
307,9199,15,2,2100,2,0,0,0,0,0,0,1,aleatorio,1,0.4,3,0
307,9200,12,3,3070,2,0,0,0,0,0,0,1,inatencion,1,0.38,4,0
307,9201,2,2,1926,2,0,0,1,0,0,0,0,inatencion,1,0.27,5,0
307,9202,17,2,3055,1,1,0,0,0,0,0,0,aleatorio,1,0.16,6,0
307,9203,16,1,2189,2,0,0,0,0,0,0,0,aleatorio,1,0.15,7,0
307,9204,12,3,3506,2,0,0,0,0,0,0,0,inatencion,1,0.15,8,0
307,9205,3,3,4650,3,1,0,0,0,0,0,1,inatencion,1,0.15,9,0
307,9206,18,2,3525,3,0,0,0,0,0,0,0,aleatorio,1,0.15,10,0
307,9207,10,2,4180,2,1,1,0,0,0,0,0,inatencion,1,0.15,11,0
307,9208,17,2,3375,1,1,0,0,0,0,0,2,inatencion,1,0.15,12,0
307,9209,19,3,2790,1,0,0,0,0,0,0,0,inatencion,1,0.15,13,0
307,9210,11,2,3179,1,0,0,0,0,0,0,0,aleatorio,1,0.15,14,0
308,9211,17,3,5097,1,0,0,0,1,3,38,0,procedimiento,1,0.46,0,0
308,9212,2,3,4305,1,0,0,0,0,0,865,0,conceptual,1,0.36,1,0
308,9213,2,4,5777,3,0,0,0,0,0,7,1,procedimiento,1,0.26,2,0
308,9214,9,2,2715,2,0,0,0,0,3,210,0,aleatorio,1,0.15,3,0
308,9215,18,2,2627,2,0,0,0,0,0,430,0,inatencion,1,0.15,4,0
308,9216,3,2,2504,1,0,0,0,0,1,105,1,inatencion,1,0.15,5,0
308,9217,14,2,3289,1,1,1,0,1,3,51,0,procedimiento,1,0.44,0,0
308,9218,4,1,1869,1,0,0,1,1,2,286,0,procedimiento,1,0.43,0,0
308,9219,10,3,3045,1,0,0,0,1,2,72,0,procedimiento,1,0.43,0,0
308,9220,4,2,2713,1,0,0,0,1,1,139,0,procedimiento,1,0.42,0,0
308,9221,7,2,3381,1,0,0,0,0,2,79,0,inatencion,1,0.32,1,0
308,9222,3,4,6406,1,1,0,0,1,3,253,0,procedimiento,1,0.41,0,0
308,9223,7,2,2857,2,0,0,0,0,1,109,0,conceptual,1,0.31,1,0
308,9224,10,2,3571,1,0,0,0,1,2,489,0,procedimiento,1,0.4,0,0
308,9225,5,1,2011,1,0,0,0,0,1,26,4,conceptual,1,0.3,1,0
308,9226,15,4,4928,1,1,0,0,0,0,651,1,conceptual,1,0.19,2,0
308,9227,19,3,3257,2,1,0,0,0,5,377,1,inatencion,1,0.15,3,0
308,9228,15,2,3418,1,1,0,0,1,2,374,3,procedimiento,1,0.39,0,0
308,9229,4,3,3397,1,0,0,0,1,2,337,1,procedimiento,1,0.38,0,0
308,9230,7,2,2550,2,0,0,0,0,0,1561,2,procedimiento,1,0.28,1,0
308,9231,1,3,4475,1,0,0,0,0,1,207,3,inatencion,1,0.17,2,0
308,9232,3,2,2928,1,0,0,0,0,0,16,3,inatencion,1,0.15,3,0
308,9233,5,2,4976,1,0,0,0,0,1,189,0,inatencion,1,0.15,4,0
308,9234,18,3,4979,1,0,0,0,0,1,75,1,aleatorio,1,0.15,5,0
308,9235,17,1,2533,2,0,0,0,0,2,35,1,aleatorio,1,0.15,6,0
308,9236,12,3,4517,1,1,0,0,0,1,50,0,inatencion,1,0.15,7,0
308,9237,13,4,5234,3,1,0,0,0,1,2233,1,inatencion,1,0.15,8,0
308,9238,13,2,3868,1,0,0,0,1,1,409,1,procedimiento,1,0.34,0,0
308,9239,12,2,4690,2,0,0,0,0,1,548,3,inatencion,1,0.23,1,0
308,9240,18,1,3649,1,0,0,0,1,2,168,0,procedimiento,1,0.33,0,0
309,9241,10,1,2951,1,0,0,0,1,2,0,0,procedimiento,0,0.52,0,0
309,9242,3,4,6055,1,0,0,0,1,0,0,0,procedimiento,0,0.52,0,0
309,9243,12,4,6700,2,0,0,0,0,4,0,0,inatencion,0,0.41,1,0
309,9244,8,2,3299,1,1,0,0,1,1,0,0,procedimiento,0,0.51,0,0
309,9245,19,3,4528,1,0,0,0,0,2,0,0,inatencion,0,0.4,1,0
309,9246,8,2,4421,2,0,0,0,0,0,66,1,inatencion,1,0.3,2,0
309,9247,19,4,6175,1,1,2,0,0,0,50,0,aleatorio,1,0.19,3,0
309,9248,16,3,5107,1,1,0,0,0,3,393,2,inatencion,1,0.15,4,0
309,9249,18,2,4156,1,1,0,0,0,1,646,1,inatencion,1,0.15,5,0
309,9250,17,1,1956,1,0,0,1,1,1,207,0,procedimiento,1,0.48,0,0
309,9251,3,3,5291,2,0,0,0,0,2,142,0,procedimiento,1,0.37,1,0
309,9252,7,1,3001,1,0,0,0,1,6,499,0,procedimiento,1,0.47,0,0
309,9253,19,4,6389,1,0,0,0,0,1,77,0,inatencion,1,0.36,1,0
309,9254,2,2,4415,1,0,0,0,1,0,302,0,procedimiento,1,0.45,0,0
309,9255,18,3,3416,2,1,1,0,0,3,213,0,inatencion,1,0.35,1,0
309,9256,4,2,2927,1,0,0,0,0,1,333,0,inatencion,1,0.24,2,0
309,9257,6,4,5457,1,1,1,0,0,2,25,1,inatencion,1,0.15,3,0
309,9258,10,1,2841,2,0,0,0,0,1,482,1,inatencion,1,0.15,4,0
309,9259,8,2,3931,1,0,0,0,1,2,39,0,procedimiento,1,0.43,0,0
309,9260,15,4,5440,1,0,0,0,0,1,236,0,aleatorio,1,0.32,1,0
309,9261,16,3,4434,1,0,0,0,0,2,121,1,inatencion,1,0.22,2,0
309,9262,3,1,4546,1,0,0,0,0,0,247,2,inatencion,1,0.15,3,0
309,9263,13,3,3668,1,0,0,0,1,2,367,0,procedimiento,1,0.41,0,0
309,9264,4,3,4784,1,1,0,0,0,1,31,0,consigna,1,0.3,1,0
309,9265,4,3,5352,1,1,0,0,1,1,845,2,procedimiento,1,0.4,0,0
309,9266,11,1,2957,1,0,0,0,0,1,253,4,conceptual,1,0.29,1,0
309,9267,4,1,2480,1,0,0,0,0,4,846,1,conceptual,1,0.19,2,0
309,9268,16,3,6371,1,0,0,0,0,6,814,1,inatencion,1,0.15,3,0
309,9269,18,3,5938,3,0,0,0,0,1,96,1,aleatorio,1,0.15,4,0
309,9270,13,1,3126,1,0,0,0,1,2,753,1,procedimiento,1,0.37,0,0
310,9271,12,2,2644,1,0,0,0,1,0,0,0,procedimiento,0,0.77,0,0
310,9272,17,2,1663,1,0,0,1,1,0,0,0,procedimiento,0,0.77,0,0
310,9273,6,2,2473,1,0,0,0,1,0,0,0,procedimiento,0,0.76,0,0
310,9274,8,2,2220,1,0,0,0,0,0,0,0,inatencion,0,0.65,1,0
310,9275,16,1,1235,1,0,0,1,1,0,0,0,procedimiento,0,0.74,0,0
310,9276,15,3,2915,2,0,0,0,0,0,0,0,inatencion,0,0.64,1,0
310,9277,16,2,1947,1,0,0,1,1,0,0,0,procedimiento,0,0.73,0,0
310,9278,18,4,3452,1,1,0,0,0,0,0,0,aleatorio,0,0.62,1,0
310,9279,18,4,4226,1,0,0,0,1,0,0,0,procedimiento,0,0.71,0,0
310,9280,2,1,1619,1,0,0,1,1,0,0,0,procedimiento,0,0.7,0,0
310,9281,4,1,1779,3,0,0,1,0,0,0,0,aleatorio,0,0.6,1,0
310,9282,14,1,1293,1,0,0,1,0,0,0,3,aleatorio,1,0.49,2,0
310,9283,2,2,1676,1,0,0,1,1,0,0,0,procedimiento,0,0.68,0,0
310,9284,15,3,2570,1,1,3,0,0,0,0,0,conceptual,0,0.57,1,0
310,9285,14,2,1857,1,0,0,1,1,0,0,0,procedimiento,0,0.67,0,0
310,9286,16,1,1410,1,0,0,1,1,0,0,0,procedimiento,0,0.66,0,0
310,9287,15,3,3404,1,1,2,0,1,0,0,0,procedimiento,0,0.65,0,0
310,9288,4,2,1735,1,1,0,1,1,0,0,0,procedimiento,0,0.64,0,0
310,9289,10,4,4143,1,1,2,0,0,0,0,0,inatencion,0,0.54,1,0
310,9290,6,1,1239,1,0,0,1,1,0,0,0,procedimiento,0,0.63,0,0
310,9291,5,1,1193,2,1,0,1,0,0,0,0,aleatorio,0,0.52,1,0
310,9292,10,1,2064,1,0,0,0,1,0,0,0,procedimiento,0,0.61,0,0
310,9293,17,2,2200,1,0,0,0,1,0,0,0,procedimiento,0,0.6,0,0
310,9294,17,2,2545,2,1,0,0,0,2,0,0,consigna,0,0.5,1,0
310,9295,15,4,4083,1,0,0,0,1,1,0,0,procedimiento,0,0.59,0,0
310,9296,6,2,1924,1,1,0,1,1,2,0,0,procedimiento,0,0.58,0,0
310,9297,12,2,2410,1,0,0,0,1,1,0,0,procedimiento,0,0.57,0,0
310,9298,2,4,5639,1,1,0,0,1,3,0,0,procedimiento,0,0.57,0,0
310,9299,15,2,2311,1,0,0,0,1,0,0,0,procedimiento,0,0.56,0,0
310,9300,5,2,2729,1,0,0,0,1,2,0,0,procedimiento,0,0.55,0,0
311,9301,7,2,3614,1,1,1,0,0,0,0,0,procedimiento,0,0.73,1,0
311,9302,10,1,2752,1,0,0,0,1,0,0,0,procedimiento,0,0.83,0,0
311,9303,18,2,2619,1,1,1,0,1,0,0,0,procedimiento,0,0.82,0,0
311,9304,2,3,5249,1,0,0,0,1,0,0,0,procedimiento,0,0.81,0,0
311,9305,19,1,2692,1,0,0,0,1,0,0,0,procedimiento,0,0.8,0,0
311,9306,14,4,6158,1,0,0,0,1,0,0,0,procedimiento,0,0.79,0,0
311,9307,1,1,2201,1,0,0,0,1,0,0,0,procedimiento,0,0.78,0,0
311,9308,15,3,3184,1,1,0,0,1,0,0,0,procedimiento,0,0.78,0,0
311,9309,3,2,2651,3,0,0,0,0,0,0,0,conceptual,0,0.67,1,0
311,9310,2,2,2676,2,1,2,0,0,0,0,1,conceptual,1,0.56,2,0
311,9311,17,4,6952,1,0,0,0,0,0,0,1,aleatorio,1,0.4,3,0
311,9312,6,3,5306,1,0,0,0,1,0,0,0,procedimiento,0,0.74,0,0
311,9313,6,2,3473,1,0,0,0,1,0,0,0,procedimiento,0,0.73,0,0
311,9314,17,1,2824,1,0,0,0,1,0,0,0,procedimiento,0,0.73,0,0
311,9315,12,1,2595,2,1,1,0,0,0,0,0,procedimiento,0,0.62,1,0
311,9316,1,3,3818,1,1,0,0,1,0,0,0,procedimiento,0,0.71,0,0
311,9317,7,2,3926,1,0,0,0,1,0,0,0,procedimiento,0,0.7,0,0
311,9318,2,1,2315,1,0,0,0,1,0,0,0,procedimiento,0,0.69,0,0
311,9319,17,4,4499,1,0,0,0,1,0,0,0,procedimiento,0,0.68,0,0
311,9320,15,2,3178,1,1,1,0,1,0,0,0,procedimiento,0,0.68,0,0
311,9321,19,2,2997,1,1,1,0,1,0,0,0,procedimiento,0,0.67,0,0
311,9322,19,1,2947,1,0,0,0,1,0,0,0,procedimiento,0,0.66,0,0
311,9323,2,3,5600,1,1,0,0,1,0,0,0,procedimiento,0,0.65,0,0
311,9324,13,1,2772,2,0,0,0,0,0,0,0,consigna,0,0.54,1,0
311,9325,7,2,4573,1,0,0,0,0,0,0,0,conceptual,1,0.43,2,0
311,9326,1,2,4965,1,0,0,0,1,0,0,0,procedimiento,0,0.63,0,0
311,9327,18,2,4891,1,0,0,0,1,0,0,0,procedimiento,0,0.62,0,0
311,9328,8,3,6069,3,1,0,0,0,0,0,0,procedimiento,0,0.51,1,0
311,9329,19,1,3363,1,0,0,0,1,0,0,0,procedimiento,0,0.6,0,0
311,9330,1,4,7580,1,0,0,0,0,0,0,0,inatencion,0,0.49,1,0
312,9331,15,4,3542,2,1,2,0,0,0,0,0,conceptual,0,0.72,1,0
312,9332,4,2,1946,3,1,1,1,0,0,0,1,inatencion,1,0.61,2,0
312,9333,14,3,3139,2,0,0,0,0,0,0,1,aleatorio,1,0.4,3,0
312,9334,2,1,1658,1,0,0,1,1,0,0,0,procedimiento,0,0.8,0,0
312,9335,4,3,3668,1,0,0,0,0,0,0,0,inatencion,0,0.69,1,0
312,9336,2,3,2232,2,1,0,0,0,0,0,0,procedimiento,1,0.58,2,0
312,9337,3,3,2504,1,1,0,0,0,0,0,2,aleatorio,1,0.4,3,0
312,9338,2,2,2075,2,1,1,0,0,0,0,1,inatencion,1,0.36,4,0
312,9339,12,4,4377,1,1,0,0,0,0,0,0,aleatorio,1,0.25,5,0
312,9340,16,1,1401,1,0,0,1,0,0,0,0,inatencion,1,0.15,6,0
312,9341,12,3,3317,2,0,0,0,0,0,0,0,inatencion,1,0.15,7,0
312,9342,7,1,1634,1,0,0,1,0,0,0,0,inatencion,1,0.15,8,0
312,9343,13,2,2528,1,0,0,0,0,0,0,0,inatencion,1,0.15,9,0
312,9344,12,3,3430,1,1,0,0,0,0,0,0,inatencion,1,0.15,10,0
312,9345,11,4,4049,1,1,0,0,0,0,0,1,inatencion,1,0.15,11,0
312,9346,13,1,1275,1,0,0,1,1,0,0,0,procedimiento,0,0.7,0,0
312,9347,2,1,1418,1,0,0,1,1,0,0,0,procedimiento,0,0.69,0,0
312,9348,12,2,2696,2,0,0,0,0,0,0,0,inatencion,0,0.58,1,0
312,9349,1,3,3061,1,0,0,0,1,0,0,0,procedimiento,0,0.67,0,0
312,9350,4,2,2796,1,0,0,0,1,0,0,0,procedimiento,0,0.66,0,0
312,9351,13,3,3167,1,0,0,0,1,0,0,0,procedimiento,0,0.66,0,0
312,9352,15,3,2874,1,0,0,0,1,0,0,0,procedimiento,0,0.65,0,0
312,9353,18,1,2404,2,1,0,0,0,0,0,0,procedimiento,0,0.54,1,0
312,9354,5,3,3582,1,1,0,0,0,0,0,1,conceptual,1,0.43,2,0
312,9355,11,2,3369,2,1,0,0,0,0,0,1,inatencion,1,0.32,3,0
312,9356,17,1,1884,3,1,0,1,0,0,0,0,inatencion,1,0.22,4,0
312,9357,3,3,4521,1,1,3,0,0,0,0,2,inatencion,1,0.15,5,0
312,9358,19,3,3488,1,0,0,0,1,2,0,0,procedimiento,0,0.6,0,0
312,9359,5,1,2139,1,0,0,0,0,2,0,0,inatencion,0,0.49,1,0
312,9360,18,1,1721,1,1,0,1,0,1,0,1,aleatorio,1,0.38,2,0
313,9361,11,2,4026,1,0,0,0,1,0,0,0,procedimiento,0,0.81,0,0
313,9362,13,2,2618,1,0,0,0,1,0,0,0,procedimiento,0,0.8,0,0
313,9363,1,2,3614,1,0,0,0,1,0,0,0,procedimiento,0,0.8,0,0
313,9364,10,3,3481,2,0,0,0,0,0,0,0,conceptual,0,0.69,1,0
313,9365,9,2,3664,1,0,0,0,1,0,0,0,procedimiento,0,0.78,0,0
313,9366,4,3,4805,1,1,0,0,1,0,0,0,procedimiento,0,0.77,0,0
313,9367,17,4,5696,1,0,0,0,0,0,0,0,conceptual,0,0.66,1,0
313,9368,7,2,3036,2,1,0,0,0,0,0,0,aleatorio,1,0.56,2,0
313,9369,11,3,3666,2,1,0,0,0,0,0,0,aleatorio,1,0.4,3,0
313,9370,3,1,2044,1,0,0,0,0,0,0,1,inatencion,1,0.34,4,0
313,9371,7,3,4679,1,0,0,0,0,0,0,0,inatencion,1,0.23,5,0
313,9372,9,3,3401,1,0,0,0,0,0,0,1,inatencion,1,0.15,6,0
313,9373,19,3,3779,1,0,0,0,0,0,0,0,aleatorio,1,0.15,7,0
313,9374,7,3,5212,1,1,0,0,0,0,0,0,inatencion,1,0.15,8,0
313,9375,6,4,4990,1,1,0,0,0,0,0,0,inatencion,1,0.15,9,0
313,9376,2,3,4474,1,0,0,0,1,0,0,0,procedimiento,0,0.69,0,0
313,9377,3,2,2531,2,0,0,0,0,0,0,0,procedimiento,0,0.58,1,0
313,9378,14,1,2479,1,0,0,0,0,0,0,0,consigna,1,0.47,2,0
313,9379,6,3,3566,1,0,0,0,1,0,0,0,procedimiento,0,0.67,0,0
313,9380,13,3,3727,3,1,1,0,0,0,0,0,procedimiento,0,0.56,1,0
313,9381,12,4,4212,1,1,1,0,1,0,0,0,procedimiento,0,0.65,0,0
313,9382,6,1,2821,1,0,0,0,0,0,0,0,conceptual,0,0.54,1,0
313,9383,11,1,2754,1,0,0,0,1,0,0,0,procedimiento,0,0.63,0,0
313,9384,4,3,6476,1,1,0,0,1,0,0,0,procedimiento,0,0.63,0,0
313,9385,9,1,2293,1,0,0,0,1,0,0,0,procedimiento,0,0.62,0,0
313,9386,6,2,3203,1,1,0,0,1,0,0,0,procedimiento,0,0.61,0,0
313,9387,14,4,5739,1,0,0,0,1,0,0,0,procedimiento,0,0.6,0,0
313,9388,5,3,6214,2,1,1,0,0,0,0,0,procedimiento,0,0.49,1,0
313,9389,2,1,3198,1,0,0,0,1,1,0,0,procedimiento,0,0.59,0,0
313,9390,14,4,6618,1,1,0,0,1,2,0,0,procedimiento,0,0.58,0,0
314,9391,13,2,3687,1,0,0,0,0,0,0,0,conceptual,0,0.8,1,0
314,9392,5,2,2958,1,0,0,0,0,0,0,1,inatencion,1,0.69,2,0
314,9393,18,2,3316,1,0,0,0,0,0,0,1,inatencion,1,0.4,3,0
314,9394,1,3,3625,1,1,0,0,0,0,0,0,inatencion,1,0.4,4,0
314,9395,2,1,2192,1,0,0,0,1,0,0,0,procedimiento,0,0.86,0,0
314,9396,11,3,4145,1,0,0,0,1,0,0,0,procedimiento,0,0.86,0,0
314,9397,18,2,3036,2,0,0,0,0,0,0,0,inatencion,0,0.75,1,0
314,9398,19,2,2738,1,0,0,0,1,0,0,0,procedimiento,0,0.84,0,0
314,9399,19,3,3396,1,0,0,0,0,0,0,0,procedimiento,0,0.73,1,0
314,9400,3,1,1973,2,0,0,1,0,0,0,0,aleatorio,1,0.62,2,0
314,9401,15,4,4312,1,1,0,0,0,0,0,0,inatencion,1,0.4,3,0
314,9402,12,3,2932,3,1,0,0,0,0,0,0,inatencion,1,0.4,4,0
314,9403,12,2,3477,2,0,0,0,0,0,0,0,inatencion,1,0.29,5,0
314,9404,19,1,1694,1,0,0,1,1,0,0,0,procedimiento,0,0.78,0,0
314,9405,18,3,4160,1,1,1,0,1,0,0,0,procedimiento,0,0.77,0,0
314,9406,10,3,3849,2,0,0,0,0,0,0,0,procedimiento,0,0.67,1,0
314,9407,7,2,2787,1,0,0,0,1,0,0,0,procedimiento,0,0.76,0,0
314,9408,12,2,2456,1,0,0,0,0,0,0,0,inatencion,0,0.65,1,0
314,9409,16,3,3634,1,0,0,0,1,0,0,0,procedimiento,0,0.74,0,0
314,9410,6,3,2975,1,1,0,0,0,0,0,0,inatencion,0,0.63,1,0
314,9411,17,4,4757,1,1,0,0,0,0,0,1,conceptual,1,0.52,2,0
314,9412,9,3,4898,2,1,0,0,0,0,0,1,inatencion,1,0.4,3,0
314,9413,18,2,3402,2,0,0,0,0,0,0,0,aleatorio,1,0.3,4,0
314,9414,11,4,6282,1,1,0,0,0,0,0,0,inatencion,1,0.19,5,0
314,9415,4,2,4075,1,0,0,0,1,0,0,0,procedimiento,0,0.68,0,0
314,9416,15,1,2653,2,0,0,0,0,0,0,0,procedimiento,0,0.58,1,0
314,9417,19,3,4647,1,0,0,0,0,0,0,0,aleatorio,1,0.47,2,0
314,9418,12,4,5379,1,0,0,0,0,0,0,0,inatencion,1,0.36,3,0
314,9419,15,2,3837,1,0,0,0,1,0,0,0,procedimiento,0,0.65,0,0
314,9420,6,2,3074,1,1,2,0,1,0,0,0,procedimiento,0,0.64,0,0
315,9421,6,1,2048,2,1,1,0,0,0,0,0,conceptual,0,0.52,1,0
315,9422,11,3,3489,1,1,1,0,0,0,0,1,conceptual,1,0.41,2,0
315,9423,8,4,3863,2,1,0,0,0,0,0,1,inatencion,1,0.31,3,0
315,9424,5,3,4372,2,1,1,0,0,0,0,1,inatencion,1,0.2,4,0
315,9425,17,2,2434,1,0,0,0,0,0,0,0,inatencion,1,0.15,5,0
315,9426,13,2,3128,1,0,0,0,1,0,0,0,procedimiento,0,0.59,0,0
315,9427,16,2,2633,3,0,0,0,0,2,0,0,conceptual,0,0.48,1,0
315,9428,5,2,2501,1,0,0,0,0,2,0,1,consigna,1,0.38,2,0
315,9429,3,1,1481,1,0,0,1,1,0,0,0,procedimiento,0,0.57,0,0
315,9430,1,1,1714,1,0,0,1,1,1,0,0,procedimiento,0,0.56,0,0
315,9431,11,3,4250,1,1,0,0,0,1,0,0,inatencion,0,0.46,1,0
315,9432,10,2,2836,1,0,0,0,1,1,0,0,procedimiento,0,0.55,0,0
315,9433,15,3,3556,1,1,0,0,1,2,0,0,procedimiento,0,0.55,0,0
315,9434,3,3,3175,1,0,0,0,1,1,0,0,procedimiento,0,0.54,0,0
315,9435,2,2,3167,2,0,0,0,0,0,0,0,inatencion,0,0.43,1,0
315,9436,10,1,2112,2,0,0,0,0,0,0,3,procedimiento,1,0.33,2,0
315,9437,6,2,2161,2,1,2,0,0,0,0,0,inatencion,1,0.22,3,0
315,9438,1,3,3615,2,0,0,0,0,4,0,1,inatencion,1,0.15,4,0
315,9439,8,3,2861,3,0,0,0,0,1,0,1,inatencion,1,0.15,5,0
315,9440,11,4,3973,1,1,0,0,0,2,0,0,inatencion,1,0.15,6,0
315,9441,5,1,2420,2,0,0,0,0,3,260,0,inatencion,1,0.15,7,0
315,9442,1,2,3438,2,0,0,0,0,3,110,2,aleatorio,1,0.15,8,0
315,9443,14,1,3137,1,0,0,0,1,2,22,0,procedimiento,1,0.48,0,0
315,9444,11,2,3842,3,1,0,0,0,3,316,0,inatencion,1,0.38,1,0
315,9445,12,1,2739,3,0,0,0,0,1,45,5,procedimiento,1,0.27,2,0
315,9446,15,3,3847,1,0,0,0,0,3,1020,2,inatencion,1,0.17,3,0
315,9447,2,3,3507,2,1,1,0,0,0,141,3,aleatorio,1,0.15,4,0
315,9448,12,1,3089,1,0,0,0,1,1,244,0,procedimiento,1,0.45,0,0
315,9449,19,3,4205,3,1,0,0,0,1,199,0,inatencion,1,0.35,1,0
315,9450,13,3,3335,3,1,0,0,0,1,384,0,consigna,1,0.24,2,0
316,9451,19,4,6723,1,0,0,0,1,0,0,0,procedimiento,0,0.75,0,0
316,9452,2,1,2579,1,0,0,0,1,0,0,0,procedimiento,0,0.74,0,0
316,9453,13,2,2691,1,0,0,0,1,0,0,0,procedimiento,0,0.74,0,0
316,9454,3,2,2795,1,1,0,0,1,0,0,0,procedimiento,0,0.73,0,0
316,9455,2,2,4386,1,1,0,0,1,0,0,0,procedimiento,0,0.72,0,0
316,9456,1,2,4594,1,0,0,0,1,0,0,0,procedimiento,0,0.71,0,0
316,9457,7,2,4239,1,1,1,0,0,0,0,0,conceptual,0,0.61,1,0
316,9458,4,3,4277,1,0,0,0,1,0,0,0,procedimiento,0,0.7,0,0
316,9459,6,3,3893,2,0,0,0,0,0,0,0,procedimiento,0,0.59,1,0
316,9460,13,4,6649,1,0,0,0,1,0,0,0,procedimiento,0,0.68,0,0
316,9461,1,1,3142,1,0,0,0,1,0,0,0,procedimiento,0,0.68,0,0
316,9462,12,2,2655,1,0,0,0,1,0,0,0,procedimiento,0,0.67,0,0
316,9463,15,2,3523,1,1,0,0,1,0,0,0,procedimiento,0,0.66,0,0
316,9464,7,2,3892,1,1,2,0,1,0,0,0,procedimiento,0,0.65,0,0
316,9465,10,3,3922,1,0,0,0,0,0,0,0,consigna,0,0.55,1,0
316,9466,7,4,4962,1,0,0,0,1,0,0,0,procedimiento,0,0.64,0,0
316,9467,19,1,2560,1,0,0,0,1,0,0,0,procedimiento,0,0.63,0,0
316,9468,15,3,4674,1,0,0,0,0,0,0,0,inatencion,0,0.52,1,0
316,9469,10,3,4896,2,1,0,0,0,0,0,1,conceptual,1,0.42,2,0
316,9470,6,2,3579,2,1,0,0,0,0,0,0,inatencion,1,0.31,3,0
316,9471,10,2,3799,1,0,0,0,1,0,0,0,procedimiento,0,0.6,0,0
316,9472,14,3,5412,1,0,0,0,1,0,0,0,procedimiento,0,0.59,0,0
316,9473,14,2,4371,1,1,0,0,0,2,0,0,conceptual,0,0.49,1,0
316,9474,15,2,5424,1,0,0,0,1,2,0,0,procedimiento,0,0.58,0,0
316,9475,19,4,8316,1,0,0,0,0,0,0,0,inatencion,0,0.47,1,0
316,9476,1,3,4065,1,0,0,0,0,2,0,0,aleatorio,1,0.36,2,0
316,9477,5,3,7764,2,1,0,0,0,0,0,4,aleatorio,1,0.26,3,0
316,9478,9,3,6320,1,1,0,0,1,1,0,0,procedimiento,0,0.55,0,0
316,9479,15,1,3265,1,0,0,0,1,2,0,0,procedimiento,0,0.54,0,0
316,9480,14,4,6878,1,0,0,0,1,1,0,0,procedimiento,0,0.53,0,0
317,9481,2,1,1945,3,0,0,1,0,0,0,0,aleatorio,0,0.69,1,0
317,9482,16,4,3276,1,0,0,0,0,0,0,0,aleatorio,1,0.58,2,0
317,9483,3,2,2851,1,1,0,0,1,0,0,0,procedimiento,0,0.77,0,0
317,9484,5,3,2748,2,1,1,0,0,0,0,0,inatencion,0,0.66,1,0
317,9485,13,2,1907,1,0,0,1,0,0,0,0,inatencion,1,0.56,2,0
317,9486,13,2,1886,1,0,0,1,0,0,0,0,aleatorio,1,0.4,3,0
317,9487,4,2,2975,1,0,0,0,1,0,0,0,procedimiento,0,0.74,0,0
317,9488,5,3,3427,2,1,0,0,0,0,0,0,procedimiento,0,0.63,1,0
317,9489,4,3,3656,1,1,0,0,0,0,0,2,procedimiento,1,0.53,2,0
317,9490,12,4,3606,1,0,0,0,0,0,0,1,inatencion,1,0.4,3,0
317,9491,4,4,4512,1,0,0,0,1,0,0,0,procedimiento,0,0.71,0,0
317,9492,17,2,3021,1,0,0,0,1,0,0,0,procedimiento,0,0.7,0,0
317,9493,17,3,3624,2,1,0,0,0,0,0,0,procedimiento,0,0.59,1,0
317,9494,8,4,4209,1,0,0,0,1,0,0,0,procedimiento,0,0.69,0,0
317,9495,6,4,5009,1,0,0,0,1,0,0,0,procedimiento,0,0.68,0,0
317,9496,16,2,2247,3,0,0,0,0,0,0,0,inatencion,0,0.57,1,0
317,9497,3,2,2923,1,1,0,0,0,0,0,2,conceptual,1,0.46,2,0
317,9498,3,3,2996,2,0,0,0,0,0,0,0,inatencion,1,0.35,3,0
317,9499,14,3,2606,2,0,0,0,0,0,0,0,inatencion,1,0.25,4,0
317,9500,9,2,2877,1,1,0,0,1,0,0,0,procedimiento,0,0.64,0,0
317,9501,19,1,1852,1,1,0,1,1,0,0,0,procedimiento,0,0.63,0,0
317,9502,9,4,6241,1,1,0,0,1,0,0,0,procedimiento,0,0.62,0,0
317,9503,18,2,2630,1,0,0,0,1,0,0,0,procedimiento,0,0.61,0,0
317,9504,13,1,2095,1,0,0,0,1,0,0,0,procedimiento,0,0.61,0,0
317,9505,13,4,4630,1,1,0,0,0,1,0,0,consigna,0,0.5,1,0
317,9506,13,3,3638,1,0,0,0,1,0,0,0,procedimiento,0,0.59,0,0
317,9507,15,1,1872,1,0,0,1,1,0,0,0,procedimiento,0,0.58,0,0
317,9508,13,3,4439,2,0,0,0,0,1,0,0,procedimiento,0,0.48,1,0
317,9509,6,3,5291,1,0,0,0,1,2,0,0,procedimiento,0,0.57,0,0
317,9510,17,3,4645,1,1,0,0,1,4,0,0,procedimiento,0,0.56,0,0
318,9511,10,2,2046,1,0,0,0,0,0,0,0,inatencion,0,0.74,1,0
318,9512,2,2,2745,1,0,0,0,1,0,0,0,procedimiento,0,0.83,0,0
318,9513,18,3,3234,1,0,0,0,1,0,0,0,procedimiento,0,0.82,0,0
318,9514,3,3,2790,2,0,0,0,0,0,0,0,conceptual,0,0.72,1,0
318,9515,3,3,2667,1,1,1,0,0,0,0,1,consigna,1,0.61,2,0
318,9516,15,3,4148,1,1,0,0,0,0,0,0,aleatorio,1,0.4,3,0
318,9517,5,4,3525,1,0,0,0,1,0,0,0,procedimiento,0,0.79,0,0
318,9518,7,2,2859,2,1,0,0,0,0,0,0,inatencion,0,0.68,1,0
318,9519,9,1,1810,1,0,0,1,1,0,0,0,procedimiento,0,0.77,0,0
318,9520,5,4,5169,1,0,0,0,1,0,0,0,procedimiento,0,0.77,0,0
318,9521,14,2,3042,1,0,0,0,0,0,0,0,consigna,0,0.66,1,0
318,9522,11,2,3018,1,0,0,0,1,0,0,0,procedimiento,0,0.75,0,0
318,9523,11,4,4963,3,0,0,0,0,0,0,0,inatencion,0,0.64,1,0
318,9524,1,1,2069,1,0,0,0,1,0,0,0,procedimiento,0,0.73,0,0
318,9525,10,1,2051,1,0,0,0,1,0,0,0,procedimiento,0,0.72,0,0
318,9526,12,2,2837,2,1,1,0,0,0,0,0,conceptual,0,0.62,1,0
318,9527,7,2,2457,1,0,0,0,1,0,0,0,procedimiento,0,0.71,0,0
318,9528,7,3,4257,1,0,0,0,1,0,0,0,procedimiento,0,0.7,0,0
318,9529,2,1,1979,2,1,2,1,0,0,0,0,aleatorio,0,0.59,1,0
318,9530,9,1,1447,1,0,0,1,0,0,0,0,aleatorio,1,0.48,2,0
318,9531,9,3,3552,1,1,2,0,1,0,0,0,procedimiento,0,0.67,0,0
318,9532,16,3,4604,2,1,0,0,0,0,0,0,procedimiento,0,0.56,1,0
318,9533,18,3,4455,1,0,0,0,1,0,0,0,procedimiento,0,0.66,0,0
318,9534,7,4,6408,1,0,0,0,1,0,0,0,procedimiento,0,0.65,0,0
318,9535,3,4,4554,2,0,0,0,0,0,0,0,inatencion,0,0.54,1,0
318,9536,5,1,3425,1,1,1,0,0,0,0,1,conceptual,1,0.43,2,0
318,9537,7,4,3522,1,0,0,0,1,0,0,0,procedimiento,0,0.62,0,0
318,9538,13,3,5292,1,1,0,0,1,0,0,0,procedimiento,0,0.61,0,0
318,9539,17,2,2801,1,0,0,0,1,0,0,0,procedimiento,0,0.61,0,0
318,9540,18,1,2655,1,0,0,0,1,1,0,0,procedimiento,0,0.6,0,0
319,9541,2,4,6017,1,1,2,0,1,0,0,0,procedimiento,0,0.76,0,0
319,9542,3,2,2350,2,0,0,0,0,0,0,0,inatencion,0,0.66,1,0
319,9543,2,2,2669,1,1,0,0,0,0,0,0,inatencion,1,0.55,2,0
319,9544,3,1,2057,1,0,0,0,1,0,0,0,procedimiento,0,0.74,0,0
319,9545,10,4,4752,2,1,0,0,0,0,0,0,inatencion,0,0.63,1,0
319,9546,4,3,4211,1,1,0,0,0,0,0,1,inatencion,1,0.52,2,0
319,9547,15,1,2533,3,0,0,0,0,0,0,0,aleatorio,1,0.4,3,0
319,9548,7,2,2727,2,1,0,0,0,0,0,0,inatencion,1,0.31,4,0
319,9549,11,3,3008,3,1,0,0,0,0,0,0,inatencion,1,0.2,5,0
319,9550,5,2,2476,1,1,0,0,0,0,0,0,inatencion,1,0.15,6,0
319,9551,2,2,3004,3,1,0,0,0,0,0,0,inatencion,1,0.15,7,0
319,9552,15,4,5245,2,1,1,0,0,0,0,2,inatencion,1,0.15,8,0
319,9553,11,1,2035,2,0,0,0,0,0,0,0,inatencion,1,0.15,9,0
319,9554,12,3,4320,3,0,0,0,0,0,0,1,aleatorio,1,0.15,10,0
319,9555,19,1,2320,1,0,0,0,1,0,0,0,procedimiento,0,0.66,0,0
319,9556,7,3,4588,3,1,0,0,0,0,0,0,inatencion,0,0.55,1,0
319,9557,1,1,2413,1,0,0,0,1,0,0,0,procedimiento,0,0.64,0,0
319,9558,17,1,2616,3,0,0,0,0,0,0,0,procedimiento,0,0.53,1,0
319,9559,14,3,4155,3,0,0,0,0,0,0,2,consigna,1,0.43,2,0
319,9560,5,2,3762,1,0,0,0,1,0,0,0,procedimiento,0,0.62,0,0
319,9561,10,3,3168,1,1,0,0,0,0,0,0,consigna,0,0.51,1,0
319,9562,17,2,4301,2,0,0,0,0,0,0,1,consigna,1,0.4,2,0
319,9563,19,2,3862,1,0,0,0,0,1,0,0,inatencion,1,0.3,3,0
319,9564,18,4,5001,2,0,0,0,0,3,0,1,aleatorio,1,0.19,4,0
319,9565,13,3,4780,1,1,0,0,0,1,0,0,inatencion,1,0.15,5,0
319,9566,2,3,5080,1,1,0,0,1,3,0,0,procedimiento,0,0.57,0,0
319,9567,15,1,1882,1,1,1,1,1,4,0,0,procedimiento,0,0.56,0,0
319,9568,2,4,5975,1,0,0,0,0,1,0,0,consigna,0,0.46,1,0
319,9569,15,3,5529,3,1,2,0,0,2,0,0,conceptual,1,0.35,2,0
319,9570,13,2,3947,2,0,0,0,0,1,0,0,aleatorio,1,0.24,3,0
320,9571,6,1,2008,1,0,0,0,1,1,189,0,procedimiento,1,0.28,0,0
320,9572,6,3,4627,1,0,0,0,0,4,398,2,inatencion,1,0.18,1,0
320,9573,12,3,4097,2,0,0,0,0,0,540,1,inatencion,1,0.15,2,0
320,9574,10,1,2527,1,0,0,0,1,4,726,2,procedimiento,1,0.27,0,0
320,9575,7,2,3405,1,1,2,0,1,1,189,4,procedimiento,1,0.27,0,0
320,9576,9,1,2200,1,0,0,0,1,3,303,1,procedimiento,1,0.27,0,0
320,9577,4,2,3788,2,0,0,0,0,3,204,2,procedimiento,1,0.17,1,0
320,9578,2,1,2081,2,0,0,0,0,0,2214,2,consigna,1,0.15,2,0
320,9579,8,1,2202,1,0,0,0,1,3,686,0,procedimiento,1,0.26,0,0
320,9580,12,3,4026,1,0,0,0,0,0,561,0,conceptual,1,0.16,1,0
320,9581,12,1,3074,3,0,0,0,0,1,177,0,conceptual,1,0.15,2,0
320,9582,12,1,2922,1,0,0,0,1,2,1256,1,procedimiento,1,0.25,0,0
320,9583,15,2,2871,1,1,0,0,1,2,546,4,procedimiento,1,0.25,0,0
320,9584,19,1,2188,1,0,0,0,1,1,298,2,procedimiento,1,0.25,0,0
320,9585,1,3,3529,3,1,0,0,0,1,1155,1,aleatorio,1,0.15,1,0
320,9586,2,1,2644,2,0,0,0,0,1,382,3,inatencion,1,0.15,2,0
320,9587,5,2,2947,1,0,0,0,0,4,168,0,aleatorio,1,0.15,3,0
320,9588,2,3,5570,1,0,0,0,1,1,593,0,procedimiento,1,0.23,0,0
320,9589,2,4,5849,1,0,0,0,0,1,801,2,conceptual,1,0.15,1,0
320,9590,16,2,2749,3,1,0,0,0,6,136,0,inatencion,1,0.15,2,0
320,9591,17,2,3035,3,0,0,0,0,0,660,0,aleatorio,1,0.15,3,0
320,9592,12,3,6069,1,0,0,0,0,3,641,1,inatencion,1,0.15,4,0
320,9593,18,1,3163,1,0,0,0,0,4,27,0,inatencion,1,0.15,5,0
320,9594,15,2,4371,2,0,0,0,0,3,186,1,inatencion,1,0.15,6,0
320,9595,7,4,7324,1,0,0,0,1,6,650,2,procedimiento,1,0.21,0,0
320,9596,6,4,5479,2,0,0,0,0,2,1761,2,consigna,1,0.15,1,0
320,9597,18,2,4338,1,0,0,0,1,2,183,0,procedimiento,1,0.21,0,0
320,9598,4,3,4663,2,0,0,0,0,1,1360,3,procedimiento,1,0.15,1,0
320,9599,17,3,6552,2,0,0,0,0,2,32,1,conceptual,1,0.15,2,0
320,9600,6,3,3711,2,0,0,0,0,2,86,1,aleatorio,1,0.15,3,0
321,9601,12,1,2145,1,1,1,0,1,0,0,0,procedimiento,0,0.75,0,0
321,9602,6,3,2509,1,0,0,0,0,0,0,0,procedimiento,0,0.65,1,0
321,9603,6,1,2089,1,0,0,0,1,0,0,0,procedimiento,0,0.74,0,0
321,9604,18,2,1934,1,0,0,1,1,0,0,0,procedimiento,0,0.73,0,0
321,9605,19,3,4238,1,0,0,0,1,0,0,0,procedimiento,0,0.72,0,0
321,9606,17,2,2002,1,1,0,0,1,0,0,0,procedimiento,0,0.72,0,0
321,9607,9,2,2255,1,0,0,0,1,0,0,0,procedimiento,0,0.71,0,0
321,9608,12,2,2346,1,0,0,0,1,0,0,0,procedimiento,0,0.7,0,0
321,9609,3,3,2841,1,1,0,0,0,0,0,0,procedimiento,0,0.59,1,0
321,9610,15,3,3334,3,1,1,0,0,0,0,1,conceptual,1,0.49,2,0
321,9611,5,2,3091,1,0,0,0,0,0,0,1,aleatorio,1,0.38,3,0
321,9612,18,3,4055,1,0,0,0,1,0,0,0,procedimiento,0,0.67,0,0
321,9613,1,3,2979,2,1,0,0,0,0,0,0,inatencion,0,0.56,1,0
321,9614,12,2,2867,1,0,0,0,1,0,0,0,procedimiento,0,0.66,0,0
321,9615,10,2,2936,1,0,0,0,1,0,0,0,procedimiento,0,0.65,0,0
321,9616,5,4,3745,1,0,0,0,1,0,0,0,procedimiento,0,0.64,0,0
321,9617,14,1,2076,1,0,0,0,1,0,0,0,procedimiento,0,0.63,0,0
321,9618,18,3,3879,1,0,0,0,1,0,0,0,procedimiento,0,0.63,0,0
321,9619,9,3,3073,1,0,0,0,0,0,0,0,procedimiento,0,0.52,1,0
321,9620,9,2,3242,1,0,0,0,1,0,0,0,procedimiento,0,0.61,0,0
321,9621,5,3,3226,2,1,0,0,0,0,0,0,procedimiento,0,0.5,1,0
321,9622,10,2,3055,1,0,0,0,1,0,0,0,procedimiento,0,0.6,0,0
321,9623,15,4,5364,1,0,0,0,1,0,0,0,procedimiento,0,0.59,0,0
321,9624,2,4,5214,1,0,0,0,1,5,0,0,procedimiento,0,0.58,0,0
321,9625,8,3,3951,2,0,0,0,0,0,0,0,inatencion,0,0.47,1,0
321,9626,15,3,4075,1,1,1,0,1,2,0,0,procedimiento,0,0.57,0,0
321,9627,15,3,3154,1,0,0,0,1,1,0,0,procedimiento,0,0.56,0,0
321,9628,11,1,1671,1,0,0,1,1,0,0,0,procedimiento,0,0.55,0,0
321,9629,10,2,3133,1,1,0,0,0,3,0,0,procedimiento,0,0.44,1,0
321,9630,17,3,3801,1,0,0,0,1,0,0,0,procedimiento,0,0.54,0,0
322,9631,10,2,2078,1,1,0,0,0,0,0,0,procedimiento,0,0.67,1,0
322,9632,12,4,3278,1,1,0,0,1,0,0,0,procedimiento,0,0.77,0,0
322,9633,16,4,3105,1,0,0,0,0,0,0,0,inatencion,0,0.66,1,0
322,9634,3,1,1852,1,0,0,1,1,0,0,0,procedimiento,0,0.75,0,0
322,9635,4,3,3594,3,0,0,0,0,0,0,0,consigna,0,0.64,1,0
322,9636,8,2,1993,1,1,1,1,1,0,0,0,procedimiento,0,0.73,0,0
322,9637,2,1,2096,1,0,0,0,1,0,0,0,procedimiento,0,0.73,0,0
322,9638,9,3,3307,2,1,0,0,0,0,0,0,aleatorio,0,0.62,1,0
322,9639,14,3,3500,1,1,0,0,0,0,0,0,inatencion,1,0.51,2,0
322,9640,12,1,1905,1,0,0,1,1,0,0,0,procedimiento,0,0.7,0,0
322,9641,9,2,1721,3,1,1,1,0,0,0,0,inatencion,0,0.6,1,0
322,9642,17,1,1596,1,1,0,1,1,0,0,0,procedimiento,0,0.69,0,0
322,9643,5,1,1883,3,0,0,1,0,0,0,0,inatencion,0,0.58,1,0
322,9644,12,4,3590,1,0,0,0,1,0,0,0,procedimiento,0,0.67,0,0
322,9645,5,2,1851,3,0,0,1,0,0,0,0,inatencion,0,0.56,1,0
322,9646,18,2,1858,1,0,0,1,1,0,0,0,procedimiento,0,0.66,0,0
322,9647,10,2,2033,1,0,0,0,0,0,0,0,conceptual,0,0.55,1,0
322,9648,13,2,1769,1,0,0,1,1,0,0,0,procedimiento,0,0.64,0,0
322,9649,7,3,2786,2,1,0,0,0,0,0,0,procedimiento,0,0.53,1,0
322,9650,2,2,2687,2,1,2,0,0,0,0,2,consigna,1,0.43,2,0
322,9651,4,3,3053,1,0,0,0,1,0,0,0,procedimiento,0,0.62,0,0
322,9652,15,3,3776,1,0,0,0,0,0,0,0,inatencion,0,0.51,1,0
322,9653,4,2,2533,1,0,0,0,1,0,0,0,procedimiento,0,0.6,0,0
322,9654,8,3,3150,1,1,0,0,1,1,0,0,procedimiento,0,0.6,0,0
322,9655,15,3,4847,1,0,0,0,1,1,0,0,procedimiento,0,0.59,0,0
322,9656,3,2,4309,1,1,1,0,1,1,0,0,procedimiento,0,0.58,0,0
322,9657,10,2,3031,1,1,2,0,1,3,0,0,procedimiento,0,0.57,0,0
322,9658,6,1,2233,1,0,0,0,0,0,0,0,inatencion,0,0.46,1,0
322,9659,12,1,2499,2,0,0,0,0,1,0,0,consigna,1,0.36,2,0
322,9660,4,1,2083,1,0,0,0,0,0,0,1,aleatorio,1,0.25,3,0
323,9661,16,4,4937,1,0,0,0,1,0,0,0,procedimiento,0,0.72,0,0
323,9662,17,4,5063,1,1,2,0,1,0,0,0,procedimiento,0,0.72,0,0
323,9663,11,2,4401,2,1,0,0,0,0,0,0,procedimiento,0,0.61,1,0
323,9664,8,2,3705,1,1,0,0,1,0,0,0,procedimiento,0,0.7,0,0
323,9665,10,2,3326,3,0,0,0,0,0,0,0,inatencion,0,0.59,1,0
323,9666,3,4,6041,2,1,0,0,0,0,0,0,procedimiento,1,0.49,2,0
323,9667,10,3,5061,3,1,2,0,0,0,0,0,inatencion,1,0.38,3,0
323,9668,4,3,3759,1,1,2,0,0,0,0,0,inatencion,1,0.27,4,0
323,9669,1,2,4031,1,1,0,0,1,0,0,0,procedimiento,0,0.67,0,0
323,9670,19,3,4973,1,0,0,0,0,0,0,0,conceptual,0,0.56,1,0
323,9671,4,4,5781,2,0,0,0,0,0,0,1,procedimiento,1,0.45,2,0
323,9672,18,1,3043,2,0,0,0,0,0,0,0,inatencion,1,0.34,3,0
323,9673,4,1,3121,1,0,0,0,1,0,0,0,procedimiento,0,0.64,0,0
323,9674,9,2,3955,2,0,0,0,0,0,0,0,consigna,0,0.53,1,0
323,9675,12,4,5425,2,0,0,0,0,0,0,1,conceptual,1,0.42,2,0
323,9676,16,1,2790,1,0,0,0,1,0,0,0,procedimiento,0,0.62,0,0
323,9677,3,3,4482,1,1,0,0,1,0,0,0,procedimiento,0,0.61,0,0
323,9678,16,4,6869,1,1,0,0,1,0,0,0,procedimiento,0,0.6,0,0
323,9679,3,4,5648,1,1,0,0,1,1,0,0,procedimiento,0,0.59,0,0
323,9680,15,1,3110,1,0,0,0,1,1,0,0,procedimiento,0,0.59,0,0
323,9681,7,3,3673,1,0,0,0,0,0,0,0,procedimiento,0,0.48,1,0
323,9682,14,2,4283,3,0,0,0,0,1,0,2,inatencion,1,0.37,2,0
323,9683,11,3,4307,2,0,0,0,0,1,0,1,inatencion,1,0.26,3,0
323,9684,4,4,7827,3,0,0,0,0,1,0,0,inatencion,1,0.16,4,0
323,9685,5,2,3196,1,0,0,0,0,0,0,0,inatencion,1,0.15,5,0
323,9686,14,3,3678,3,0,0,0,0,0,0,0,aleatorio,1,0.15,6,0
323,9687,13,2,3628,3,0,0,0,0,0,0,0,inatencion,1,0.15,7,0
323,9688,11,4,7576,1,1,2,0,0,2,0,3,aleatorio,1,0.15,8,0
323,9689,5,2,3644,1,1,0,0,0,1,0,0,inatencion,1,0.15,9,0
323,9690,14,4,10964,2,1,0,0,0,4,0,1,inatencion,1,0.15,10,0
324,9691,1,2,2276,1,0,0,0,1,0,0,0,procedimiento,0,0.92,0,0
324,9692,17,2,1767,1,0,0,1,1,0,0,0,procedimiento,0,0.91,0,0
324,9693,4,3,3232,1,1,1,0,0,0,0,0,inatencion,0,0.8,1,0
324,9694,1,3,2030,1,0,0,0,0,0,0,0,conceptual,1,0.7,2,0
324,9695,12,2,2718,1,1,0,0,0,0,0,0,inatencion,1,0.4,3,0
324,9696,8,1,1867,1,0,0,1,1,0,0,0,procedimiento,0,0.88,0,0
324,9697,9,2,2587,1,0,0,0,1,0,0,0,procedimiento,0,0.87,0,0
324,9698,3,1,1548,3,0,0,1,0,0,0,0,aleatorio,0,0.76,1,0
324,9699,11,1,1772,1,0,0,1,1,0,0,0,procedimiento,0,0.85,0,0
324,9700,15,2,1960,3,1,0,1,0,0,0,0,aleatorio,0,0.74,1,0
324,9701,6,4,3268,2,1,0,0,0,0,0,0,inatencion,1,0.63,2,0
324,9702,4,2,1637,1,1,0,1,0,0,0,0,inatencion,1,0.4,3,0
324,9703,15,1,1574,1,0,0,1,1,0,0,0,procedimiento,0,0.81,0,0
324,9704,15,3,2308,1,1,2,0,0,0,0,0,inatencion,0,0.7,1,0
324,9705,2,3,2337,1,1,0,0,1,0,0,0,procedimiento,0,0.79,0,0
324,9706,1,4,2860,1,0,0,0,0,0,0,0,procedimiento,0,0.68,1,0
324,9707,12,3,2066,3,0,0,0,0,0,0,0,inatencion,1,0.58,2,0
324,9708,19,2,2175,2,1,2,0,0,0,0,0,inatencion,1,0.4,3,0
324,9709,9,3,2271,2,1,0,0,0,0,0,1,inatencion,1,0.36,4,0
324,9710,6,2,2545,1,0,0,0,1,0,0,0,procedimiento,0,0.75,0,0
324,9711,13,4,4142,1,0,0,0,1,0,0,0,procedimiento,0,0.74,0,0
324,9712,19,2,2192,1,0,0,0,1,0,0,0,procedimiento,0,0.73,0,0
324,9713,1,2,2422,1,0,0,0,1,0,0,0,procedimiento,0,0.72,0,0
324,9714,14,1,2216,1,0,0,0,1,0,0,0,procedimiento,0,0.71,0,0
324,9715,13,2,3284,1,0,0,0,0,0,0,0,inatencion,0,0.6,1,0
324,9716,9,1,1741,1,0,0,1,0,0,0,2,inatencion,1,0.49,2,0
324,9717,3,1,2291,1,0,0,0,1,0,0,0,procedimiento,0,0.68,0,0
324,9718,15,4,4281,2,1,1,0,0,0,0,0,conceptual,0,0.57,1,0
324,9719,3,3,2771,1,0,0,0,0,0,0,1,inatencion,1,0.46,2,0
324,9720,4,2,2381,1,1,0,0,1,0,0,0,procedimiento,0,0.66,0,0
325,9721,3,1,1729,1,0,0,1,0,2,0,0,aleatorio,0,0.48,1,0
325,9722,7,4,4160,1,1,1,0,1,2,0,0,procedimiento,0,0.57,0,0
325,9723,16,1,1545,1,0,0,1,1,0,0,0,procedimiento,0,0.56,0,0
325,9724,12,3,4272,1,0,0,0,1,3,0,0,procedimiento,0,0.56,0,0
325,9725,19,3,3800,1,1,0,0,0,1,0,0,inatencion,0,0.45,1,0
325,9726,16,2,2200,1,0,0,0,1,1,0,0,procedimiento,0,0.55,0,0
325,9727,3,1,1930,1,1,2,1,0,0,0,0,inatencion,0,0.44,1,0
325,9728,7,2,2475,1,0,0,0,1,1,0,0,procedimiento,0,0.54,0,0
325,9729,5,2,3248,1,1,0,0,0,0,0,0,inatencion,0,0.43,1,0
325,9730,5,1,2056,1,0,0,0,0,3,0,2,inatencion,1,0.32,2,0
325,9731,3,4,4778,2,0,0,0,0,1,0,1,inatencion,1,0.22,3,0
325,9732,1,3,4053,1,0,0,0,0,1,0,1,inatencion,1,0.15,4,0
325,9733,18,1,1500,1,0,0,1,0,0,0,0,inatencion,1,0.15,5,0
325,9734,9,1,1455,1,1,0,1,1,2,0,0,procedimiento,0,0.5,0,0
325,9735,10,2,2949,1,0,0,0,1,1,1465,0,procedimiento,1,0.49,0,0
325,9736,16,2,3270,1,0,0,0,0,1,820,0,conceptual,1,0.39,1,0
325,9737,10,2,2420,1,0,0,0,0,1,512,3,inatencion,1,0.28,2,0
325,9738,15,3,3234,1,1,1,0,0,1,1479,2,aleatorio,1,0.18,3,0
325,9739,5,1,2376,1,0,0,0,1,5,439,0,procedimiento,1,0.47,0,0
325,9740,2,1,1891,1,0,0,1,0,1,207,0,aleatorio,1,0.37,1,0
325,9741,7,2,1954,2,1,0,1,0,1,12,0,inatencion,1,0.26,2,0
325,9742,12,2,3745,1,1,3,0,0,6,414,3,inatencion,1,0.15,3,0
325,9743,12,4,4100,1,0,0,0,0,3,383,2,inatencion,1,0.15,4,0
325,9744,11,3,5676,2,1,0,0,0,2,500,2,aleatorio,1,0.15,5,0
325,9745,10,3,2904,1,0,0,0,1,2,352,0,procedimiento,1,0.44,0,0
325,9746,13,4,5319,1,1,1,0,1,2,206,0,procedimiento,1,0.43,0,0
325,9747,18,2,3262,1,0,0,0,0,1,363,0,procedimiento,1,0.33,1,0
325,9748,19,1,2389,1,0,0,0,1,2,1025,0,procedimiento,1,0.42,0,0
325,9749,6,4,5066,2,1,0,0,0,1,824,0,consigna,1,0.31,1,0
325,9750,4,4,5359,1,0,0,0,1,1,779,0,procedimiento,1,0.41,0,0
326,9751,10,3,5294,3,0,0,0,0,0,0,0,inatencion,0,0.63,1,0
326,9752,6,1,2100,2,1,0,0,0,0,0,0,procedimiento,1,0.52,2,0
326,9753,11,1,2873,1,0,0,0,1,0,0,0,procedimiento,0,0.71,0,0
326,9754,18,2,2958,2,1,0,0,0,0,0,0,consigna,0,0.61,1,0
326,9755,13,1,2736,1,0,0,0,1,0,0,0,procedimiento,0,0.7,0,0
326,9756,13,2,3084,1,0,0,0,1,0,0,0,procedimiento,0,0.69,0,0
326,9757,7,1,2682,1,0,0,0,1,0,0,0,procedimiento,0,0.69,0,0
326,9758,3,2,2461,3,0,0,0,0,0,0,0,procedimiento,0,0.58,1,0
326,9759,12,3,5515,3,1,1,0,0,0,0,1,inatencion,1,0.47,2,0
326,9760,18,2,2709,1,0,0,0,1,0,0,0,procedimiento,0,0.66,0,0
326,9761,3,2,3444,1,0,0,0,1,0,0,0,procedimiento,0,0.66,0,0
326,9762,19,1,2364,2,0,0,0,0,0,0,0,conceptual,0,0.55,1,0
326,9763,14,2,2583,3,0,0,0,0,0,0,0,conceptual,1,0.44,2,0
326,9764,19,4,4634,1,1,0,0,0,0,0,0,inatencion,1,0.33,3,0
326,9765,17,4,4311,1,0,0,0,1,0,0,0,procedimiento,0,0.63,0,0
326,9766,14,2,3260,2,0,0,0,0,0,0,0,procedimiento,0,0.52,1,0
326,9767,12,4,5806,1,0,0,0,1,0,0,0,procedimiento,0,0.61,0,0
326,9768,11,2,2894,1,0,0,0,1,0,0,0,procedimiento,0,0.6,0,0
326,9769,4,2,3074,1,0,0,0,1,2,0,0,procedimiento,0,0.6,0,0
326,9770,3,1,2224,1,0,0,0,1,1,0,0,procedimiento,0,0.59,0,0
326,9771,5,4,5043,1,0,0,0,1,3,0,0,procedimiento,0,0.58,0,0
326,9772,4,4,7529,1,0,0,0,1,0,0,0,procedimiento,0,0.58,0,0
326,9773,10,1,1942,1,0,0,1,1,3,0,0,procedimiento,0,0.57,0,0
326,9774,18,3,4902,2,0,0,0,0,0,0,0,conceptual,0,0.46,1,0
326,9775,12,1,3260,1,1,1,0,1,1,0,0,procedimiento,0,0.55,0,0
326,9776,11,1,3640,1,0,0,0,1,2,0,0,procedimiento,0,0.55,0,0
326,9777,17,4,4963,1,0,0,0,1,2,0,0,procedimiento,0,0.54,0,0
326,9778,4,2,5258,1,0,0,0,0,0,0,0,inatencion,0,0.43,1,0
326,9779,19,2,4041,1,0,0,0,1,0,0,0,procedimiento,0,0.52,0,0
326,9780,9,3,5226,1,1,0,0,0,0,0,0,consigna,0,0.42,1,0
327,9781,6,2,3189,1,1,1,0,1,0,0,0,procedimiento,0,0.63,0,0
327,9782,1,3,4429,1,0,0,0,1,0,0,0,procedimiento,0,0.63,0,0
327,9783,17,2,2836,1,0,0,0,1,0,0,0,procedimiento,0,0.62,0,0
327,9784,10,3,3901,1,1,0,0,1,0,0,0,procedimiento,0,0.61,0,0
327,9785,2,3,3463,1,0,0,0,1,0,0,0,procedimiento,0,0.61,0,0
327,9786,16,1,1721,1,0,0,1,1,0,0,0,procedimiento,0,0.6,0,0
327,9787,8,2,3052,1,0,0,0,1,1,0,0,procedimiento,0,0.59,0,0
327,9788,3,2,2530,1,0,0,0,1,1,0,0,procedimiento,0,0.59,0,0
327,9789,6,1,1923,2,0,0,1,0,2,0,0,aleatorio,0,0.48,1,0
327,9790,14,3,3046,1,0,0,0,1,2,0,0,procedimiento,0,0.58,0,0
327,9791,3,2,2177,1,0,0,0,1,3,0,0,procedimiento,0,0.57,0,0
327,9792,8,4,4345,1,0,0,0,1,3,0,0,procedimiento,0,0.56,0,0
327,9793,3,4,4737,1,0,0,0,1,1,0,0,procedimiento,0,0.56,0,0
327,9794,5,3,2652,1,0,0,0,1,1,0,0,procedimiento,0,0.55,0,0
327,9795,14,2,2451,1,0,0,0,0,0,0,0,conceptual,0,0.44,1,0
327,9796,13,1,2116,2,0,0,0,0,1,0,0,inatencion,1,0.34,2,0
327,9797,16,3,4505,1,0,0,0,0,0,0,3,inatencion,1,0.23,3,0
327,9798,12,2,2798,1,0,0,0,1,2,0,0,procedimiento,0,0.52,0,0
327,9799,18,2,2613,3,0,0,0,0,2,0,0,consigna,0,0.42,1,0
327,9800,3,3,4189,1,0,0,0,1,1,0,0,procedimiento,0,0.51,0,0
327,9801,11,2,2660,1,0,0,0,1,2,0,0,procedimiento,0,0.51,0,0
327,9802,13,2,3475,3,0,0,0,0,1,346,0,inatencion,1,0.4,1,0
327,9803,6,3,5364,1,0,0,0,1,2,1538,0,procedimiento,1,0.49,0,0
327,9804,16,2,4040,1,0,0,0,1,0,34,0,procedimiento,1,0.49,0,0
327,9805,11,3,3181,1,0,0,0,1,2,238,0,procedimiento,1,0.48,0,0
327,9806,15,2,4037,1,0,0,0,1,2,789,0,procedimiento,1,0.47,0,0
327,9807,19,2,3762,2,0,0,0,0,0,343,0,conceptual,1,0.37,1,0
327,9808,4,3,4546,1,0,0,0,1,1,208,0,procedimiento,1,0.46,0,0
327,9809,8,1,2218,1,0,0,0,1,1,593,0,procedimiento,1,0.46,0,0
327,9810,13,2,3174,2,0,0,0,0,1,883,0,procedimiento,1,0.35,1,0
328,9811,17,1,1978,1,0,0,1,1,0,0,0,procedimiento,0,0.72,0,0
328,9812,2,3,4826,1,1,0,0,1,0,0,0,procedimiento,0,0.71,0,0
328,9813,17,1,2574,1,0,0,0,1,0,0,0,procedimiento,0,0.71,0,0
328,9814,16,2,3916,1,0,0,0,1,0,0,0,procedimiento,0,0.7,0,0
328,9815,19,2,3623,1,0,0,0,1,0,0,0,procedimiento,0,0.69,0,0
328,9816,2,3,5209,1,0,0,0,1,0,0,0,procedimiento,0,0.69,0,0
328,9817,7,2,3507,1,0,0,0,1,0,0,0,procedimiento,0,0.68,0,0
328,9818,5,1,2322,1,0,0,0,0,0,0,0,inatencion,0,0.57,1,0
328,9819,2,2,2513,1,0,0,0,1,0,0,0,procedimiento,0,0.66,0,0
328,9820,18,3,3508,1,0,0,0,0,0,0,0,consigna,0,0.56,1,0
328,9821,11,2,3263,1,1,0,0,0,0,0,0,consigna,1,0.45,2,0
328,9822,10,2,2971,2,1,0,0,0,0,0,1,inatencion,1,0.34,3,0
328,9823,8,1,3065,1,0,0,0,0,0,0,0,inatencion,1,0.23,4,0
328,9824,1,3,5083,2,0,0,0,0,0,0,1,inatencion,1,0.15,5,0
328,9825,1,4,4762,3,1,0,0,0,0,0,0,inatencion,1,0.15,6,0
328,9826,3,1,2375,2,0,0,0,0,0,0,1,inatencion,1,0.15,7,0
328,9827,18,3,3553,1,1,0,0,1,0,0,0,procedimiento,0,0.61,0,0
328,9828,17,3,3916,1,0,0,0,0,1,0,0,consigna,0,0.5,1,0
328,9829,5,2,4262,2,1,0,0,0,1,0,3,conceptual,1,0.39,2,0
328,9830,11,1,2030,2,1,1,0,0,0,0,2,inatencion,1,0.28,3,0
328,9831,5,3,4440,1,0,0,0,0,0,0,1,aleatorio,1,0.18,4,0
328,9832,19,4,6461,3,1,0,0,0,0,0,0,inatencion,1,0.15,5,0
328,9833,5,3,5715,3,1,0,0,0,0,0,2,aleatorio,1,0.15,6,0
328,9834,18,1,4317,2,1,0,0,0,2,0,0,inatencion,1,0.15,7,0
328,9835,17,4,5833,1,0,0,0,0,2,0,3,inatencion,1,0.15,8,0
328,9836,2,1,2804,1,0,0,0,1,0,0,0,procedimiento,0,0.54,0,0
328,9837,8,3,5046,1,0,0,0,0,1,0,0,procedimiento,0,0.43,1,0
328,9838,1,4,8923,1,1,0,0,0,0,0,0,inatencion,1,0.33,2,0
328,9839,8,2,3836,2,1,1,0,0,0,0,0,inatencion,1,0.22,3,0
328,9840,8,4,8670,2,0,0,0,0,1,0,1,inatencion,1,0.15,4,0
329,9841,11,3,3409,1,0,0,0,0,0,0,0,consigna,0,0.83,1,0
329,9842,9,3,4901,1,0,0,0,1,0,0,0,procedimiento,0,0.92,0,0
329,9843,1,2,3924,1,1,0,0,0,0,0,0,consigna,0,0.81,1,0
329,9844,18,2,3425,1,0,0,0,1,0,0,0,procedimiento,0,0.91,0,0
329,9845,10,2,3123,1,1,1,0,0,0,0,0,inatencion,0,0.8,1,0
329,9846,10,2,2558,1,0,0,0,1,0,0,0,procedimiento,0,0.89,0,0
329,9847,14,1,2857,1,0,0,0,1,0,0,0,procedimiento,0,0.88,0,0
329,9848,15,3,3946,1,0,0,0,0,0,0,0,procedimiento,0,0.77,1,0
329,9849,8,4,4390,1,0,0,0,1,0,0,0,procedimiento,0,0.86,0,0
329,9850,17,3,4941,1,0,0,0,0,0,0,0,procedimiento,0,0.75,1,0
329,9851,9,1,2332,1,0,0,0,1,0,0,0,procedimiento,0,0.84,0,0
329,9852,7,3,4985,2,1,0,0,0,0,0,0,conceptual,0,0.73,1,0
329,9853,13,1,2179,1,0,0,0,1,0,0,0,procedimiento,0,0.82,0,0
329,9854,10,4,6230,1,1,1,0,1,0,0,0,procedimiento,0,0.81,0,0
329,9855,4,2,3710,1,1,0,0,1,0,0,0,procedimiento,0,0.8,0,0
329,9856,19,3,4928,1,1,1,0,0,0,0,0,inatencion,0,0.69,1,0
329,9857,12,2,2535,2,0,0,0,0,0,0,0,inatencion,1,0.58,2,0
329,9858,6,3,3077,1,0,0,0,0,0,0,0,aleatorio,1,0.4,3,0
329,9859,19,2,2588,1,0,0,0,0,0,0,0,inatencion,1,0.37,4,0
329,9860,15,3,3081,1,0,0,0,0,0,0,0,inatencion,1,0.26,5,0
329,9861,13,4,6737,1,1,0,0,0,0,0,0,aleatorio,1,0.15,6,0
329,9862,13,2,4012,1,0,0,0,1,0,0,0,procedimiento,0,0.74,0,0
329,9863,13,4,7900,3,0,0,0,0,0,0,0,consigna,0,0.63,1,0
329,9864,12,2,4099,2,1,1,0,0,0,0,0,inatencion,1,0.52,2,0
329,9865,4,3,5855,1,1,0,0,0,0,0,0,aleatorio,1,0.4,3,0
329,9866,4,4,8006,1,0,0,0,0,0,0,0,aleatorio,1,0.3,4,0
329,9867,4,3,3884,2,1,1,0,0,0,0,1,inatencion,1,0.19,5,0
329,9868,8,3,5685,1,0,0,0,0,0,0,0,inatencion,1,0.15,6,0
329,9869,19,2,6257,1,0,0,0,1,0,0,0,procedimiento,0,0.67,0,0
329,9870,14,3,3963,2,1,0,0,0,0,0,0,procedimiento,0,0.56,1,0
330,9871,1,2,2425,3,0,0,0,0,0,0,0,conceptual,0,0.7,1,0
330,9872,15,2,2909,1,0,0,0,0,0,0,0,procedimiento,1,0.6,2,0
330,9873,14,2,2428,1,0,0,0,0,0,0,0,aleatorio,1,0.4,3,0
330,9874,16,3,3633,1,0,0,0,0,0,0,0,inatencion,1,0.38,4,0
330,9875,9,2,2036,3,0,0,0,0,0,0,1,inatencion,1,0.27,5,0
330,9876,14,2,3025,2,1,0,0,0,0,0,1,aleatorio,1,0.16,6,0
330,9877,4,2,2947,1,0,0,0,1,0,0,0,procedimiento,0,0.76,0,0
330,9878,17,3,3601,1,1,0,0,1,0,0,0,procedimiento,0,0.75,0,0
330,9879,8,4,4644,1,1,0,0,0,0,0,0,procedimiento,0,0.64,1,0
330,9880,10,2,3489,1,0,0,0,1,0,0,0,procedimiento,0,0.73,0,0
330,9881,14,4,5348,1,1,1,0,1,0,0,0,procedimiento,0,0.72,0,0
330,9882,16,1,2298,2,0,0,0,0,0,0,0,inatencion,0,0.62,1,0
330,9883,2,3,3404,3,1,0,0,0,0,0,2,procedimiento,1,0.51,2,0
330,9884,17,1,2096,1,1,0,0,0,0,0,0,inatencion,1,0.4,3,0
330,9885,10,2,3485,2,0,0,0,0,0,0,2,inatencion,1,0.29,4,0
330,9886,13,4,4625,1,0,0,0,0,0,0,0,inatencion,1,0.18,5,0
330,9887,11,2,2051,1,1,0,0,1,0,0,0,procedimiento,0,0.68,0,0
330,9888,3,2,2584,2,1,0,0,0,0,0,0,procedimiento,0,0.57,1,0
330,9889,15,1,1983,1,0,0,1,1,0,0,0,procedimiento,0,0.66,0,0
330,9890,11,2,2284,1,0,0,0,0,0,0,0,inatencion,0,0.55,1,0
330,9891,4,2,2694,2,1,0,0,0,0,0,1,conceptual,1,0.44,2,0
330,9892,16,2,3883,2,0,0,0,0,0,0,2,aleatorio,1,0.34,3,0
330,9893,14,3,3216,1,0,0,0,1,0,0,0,procedimiento,0,0.63,0,0
330,9894,16,1,2069,1,0,0,0,1,0,0,0,procedimiento,0,0.62,0,0
330,9895,15,3,4949,2,0,0,0,0,0,0,0,inatencion,0,0.51,1,0
330,9896,16,2,3453,1,0,0,0,1,0,0,0,procedimiento,0,0.6,0,0
330,9897,8,1,2960,1,0,0,0,0,0,0,0,procedimiento,0,0.5,1,0
330,9898,15,1,1671,1,0,0,1,1,2,0,0,procedimiento,0,0.59,0,0
330,9899,12,3,5156,1,1,0,0,0,3,0,0,consigna,0,0.48,1,0
330,9900,5,2,3377,1,1,0,0,1,1,0,0,procedimiento,0,0.57,0,0
331,9901,14,2,2116,2,0,0,0,0,0,0,0,procedimiento,0,0.55,1,0
331,9902,4,4,3502,2,1,0,0,0,0,0,1,procedimiento,1,0.45,2,0
331,9903,9,2,2604,1,0,0,0,1,0,0,0,procedimiento,0,0.64,0,0
331,9904,12,2,1932,3,1,1,1,0,0,0,0,inatencion,0,0.53,1,0
331,9905,5,1,1923,1,0,0,1,1,0,0,0,procedimiento,0,0.63,0,0
331,9906,7,2,2611,1,0,0,0,0,0,0,0,conceptual,0,0.52,1,0
331,9907,11,3,2768,1,0,0,0,1,0,0,0,procedimiento,0,0.62,0,0
331,9908,12,4,2972,1,1,1,0,1,0,0,0,procedimiento,0,0.61,0,0
331,9909,16,1,1903,1,0,0,1,1,0,0,0,procedimiento,0,0.6,0,0
331,9910,19,1,1367,1,0,0,1,1,1,0,0,procedimiento,0,0.6,0,0
331,9911,14,3,3516,2,1,0,0,0,1,0,0,procedimiento,0,0.49,1,0
331,9912,7,4,3608,1,0,0,0,0,0,0,0,procedimiento,1,0.38,2,0
331,9913,19,2,2691,1,0,0,0,1,1,0,0,procedimiento,0,0.58,0,0
331,9914,3,3,2428,1,0,0,0,0,4,0,0,consigna,0,0.47,1,0
331,9915,3,3,2538,1,0,0,0,1,1,0,0,procedimiento,0,0.56,0,0
331,9916,13,2,2153,2,0,0,0,0,0,0,0,procedimiento,0,0.46,1,0
331,9917,14,3,3538,1,0,0,0,1,0,0,0,procedimiento,0,0.55,0,0
331,9918,6,3,2867,1,0,0,0,1,1,0,0,procedimiento,0,0.54,0,0
331,9919,10,4,3731,1,0,0,0,1,2,0,0,procedimiento,0,0.54,0,0
331,9920,16,2,2052,3,0,0,0,0,0,0,0,conceptual,0,0.43,1,0
331,9921,3,2,2161,1,0,0,0,0,2,0,0,procedimiento,1,0.32,2,0
331,9922,3,2,2180,1,0,0,0,1,4,0,0,procedimiento,0,0.52,0,0
331,9923,11,1,2282,1,0,0,0,1,0,0,0,procedimiento,0,0.51,0,0
331,9924,11,3,3250,1,1,0,0,1,1,0,0,procedimiento,0,0.5,0,0
331,9925,1,1,1587,1,0,0,1,1,2,113,0,procedimiento,1,0.5,0,0
331,9926,17,2,2385,1,0,0,0,1,4,88,0,procedimiento,1,0.49,0,0
331,9927,17,1,2391,1,0,0,0,1,6,118,0,procedimiento,1,0.48,0,0
331,9928,6,3,3501,1,1,1,0,0,2,115,0,procedimiento,1,0.38,1,0
331,9929,15,2,2626,1,0,0,0,1,3,655,0,procedimiento,1,0.47,0,0
331,9930,12,3,3279,1,1,0,0,1,1,368,0,procedimiento,1,0.46,0,0
332,9931,14,3,4119,1,0,0,0,0,0,0,0,conceptual,0,0.63,1,0
332,9932,15,3,3501,3,0,0,0,0,0,0,0,inatencion,1,0.52,2,0
332,9933,6,3,4167,1,1,0,0,1,0,0,0,procedimiento,0,0.71,0,0
332,9934,17,2,3767,1,0,0,0,1,0,0,0,procedimiento,0,0.7,0,0
332,9935,9,3,4455,1,0,0,0,1,0,0,0,procedimiento,0,0.7,0,0
332,9936,19,2,3502,1,0,0,0,0,0,0,0,inatencion,0,0.59,1,0
332,9937,13,1,2451,1,0,0,0,1,0,0,0,procedimiento,0,0.68,0,0
332,9938,7,1,2908,1,0,0,0,1,0,0,0,procedimiento,0,0.68,0,0
332,9939,14,2,3386,3,1,0,0,0,0,0,0,inatencion,0,0.57,1,0
332,9940,14,4,6824,1,0,0,0,1,0,0,0,procedimiento,0,0.66,0,0
332,9941,4,2,2859,1,1,0,0,0,0,0,0,procedimiento,0,0.55,1,0
332,9942,1,2,4567,1,0,0,0,1,0,0,0,procedimiento,0,0.65,0,0
332,9943,14,4,6359,1,0,0,0,0,0,0,0,inatencion,0,0.54,1,0
332,9944,14,1,2513,1,0,0,0,1,0,0,0,procedimiento,0,0.63,0,0
332,9945,7,2,4497,1,0,0,0,1,0,0,0,procedimiento,0,0.62,0,0
332,9946,11,3,5170,1,0,0,0,0,0,0,0,procedimiento,0,0.52,1,0
332,9947,3,3,5378,1,0,0,0,1,0,0,0,procedimiento,0,0.61,0,0
332,9948,8,4,7339,1,0,0,0,0,0,0,0,consigna,0,0.5,1,0
332,9949,11,2,3830,1,1,0,0,0,3,0,1,procedimiento,1,0.4,2,0
332,9950,18,1,2799,2,0,0,0,0,0,0,1,inatencion,1,0.29,3,0
332,9951,18,4,7300,2,1,1,0,0,1,0,0,inatencion,1,0.18,4,0
332,9952,15,2,3631,1,0,0,0,0,1,0,1,inatencion,1,0.15,5,0
332,9953,11,2,4469,2,1,0,0,0,1,0,0,aleatorio,1,0.15,6,0
332,9954,6,3,7218,1,0,0,0,1,1,0,0,procedimiento,0,0.56,0,0
332,9955,3,3,6652,1,1,0,0,1,3,0,0,procedimiento,0,0.55,0,0
332,9956,12,2,3896,1,0,0,0,0,3,0,0,consigna,0,0.44,1,0
332,9957,9,2,4943,2,0,0,0,0,1,0,2,conceptual,1,0.34,2,0
332,9958,15,2,4279,2,0,0,0,0,0,0,1,inatencion,1,0.23,3,0
332,9959,13,2,4966,2,1,0,0,0,2,0,1,aleatorio,1,0.15,4,0
332,9960,10,2,4060,2,0,0,0,0,3,0,0,inatencion,1,0.15,5,0
333,9961,2,3,4397,1,0,0,0,1,0,0,0,procedimiento,0,0.91,0,0
333,9962,15,2,4194,1,0,0,0,1,0,0,0,procedimiento,0,0.91,0,0
333,9963,10,3,6068,1,0,0,0,0,0,0,0,inatencion,0,0.8,1,0
333,9964,1,2,3136,2,1,0,0,0,0,0,0,conceptual,1,0.69,2,0
333,9965,2,4,7187,1,0,0,0,1,0,0,0,procedimiento,0,0.88,0,0
333,9966,13,3,4856,2,1,0,0,0,0,0,0,inatencion,0,0.77,1,0
333,9967,7,2,4527,1,0,0,0,1,0,0,0,procedimiento,0,0.86,0,0
333,9968,15,2,4514,2,1,0,0,0,0,0,0,consigna,0,0.75,1,0
333,9969,5,2,3098,2,0,0,0,0,0,0,0,inatencion,1,0.64,2,0
333,9970,16,2,4065,1,0,0,0,0,0,0,0,aleatorio,1,0.4,3,0
333,9971,7,2,3119,1,0,0,0,0,0,0,2,inatencion,1,0.4,4,0
333,9972,16,3,5347,2,0,0,0,0,0,0,0,inatencion,1,0.31,5,0
333,9973,7,2,4306,1,1,0,0,0,0,0,0,inatencion,1,0.2,6,0
333,9974,1,1,2733,2,0,0,0,0,0,0,1,inatencion,1,0.15,7,0
333,9975,15,3,3998,3,0,0,0,0,0,0,0,inatencion,1,0.15,8,0
333,9976,2,1,2684,1,0,0,0,1,0,0,0,procedimiento,0,0.78,0,0
333,9977,12,2,3468,2,1,0,0,0,0,0,0,procedimiento,0,0.67,1,0
333,9978,8,2,3613,1,0,0,0,1,0,0,0,procedimiento,0,0.76,0,0
333,9979,4,2,3800,1,1,0,0,1,0,0,0,procedimiento,0,0.75,0,0
333,9980,5,3,4373,1,0,0,0,1,0,0,0,procedimiento,0,0.74,0,0
333,9981,15,4,5591,1,0,0,0,1,0,0,0,procedimiento,0,0.73,0,0
333,9982,9,2,4919,1,0,0,0,1,0,0,0,procedimiento,0,0.72,0,0
333,9983,19,4,9434,1,1,0,0,1,0,0,0,procedimiento,0,0.71,0,0
333,9984,17,4,5105,2,1,0,0,0,0,0,0,conceptual,0,0.6,1,0
333,9985,5,3,4228,2,1,0,0,0,0,0,1,conceptual,1,0.5,2,0
333,9986,4,3,7822,1,1,0,0,1,0,0,0,procedimiento,0,0.69,0,0
333,9987,4,2,5450,3,0,0,0,0,0,0,0,procedimiento,0,0.58,1,0
333,9988,7,4,9098,2,0,0,0,0,0,0,0,conceptual,1,0.47,2,0
333,9989,9,3,5400,1,1,1,0,0,0,0,1,inatencion,1,0.36,3,0
333,9990,18,3,3673,2,1,2,0,0,0,0,0,inatencion,1,0.25,4,0
334,9991,12,4,5260,1,1,0,0,0,0,0,0,conceptual,0,0.57,1,0
334,9992,6,3,4246,1,0,0,0,1,0,0,0,procedimiento,0,0.66,0,0
334,9993,1,4,5485,1,1,0,0,1,0,0,0,procedimiento,0,0.66,0,0
334,9994,13,1,2442,3,0,0,0,0,0,0,0,aleatorio,0,0.55,1,0
334,9995,14,2,3599,1,0,0,0,0,0,0,1,inatencion,1,0.44,2,0
334,9996,3,2,3641,1,0,0,0,1,0,0,0,procedimiento,0,0.64,0,0
334,9997,1,1,2467,1,0,0,0,1,0,0,0,procedimiento,0,0.63,0,0
334,9998,14,2,2917,1,0,0,0,1,0,0,0,procedimiento,0,0.62,0,0
334,9999,17,1,2348,1,0,0,0,1,0,0,0,procedimiento,0,0.62,0,0
334,10000,12,1,2131,1,0,0,0,1,0,0,0,procedimiento,0,0.61,0,0
334,10001,2,2,4724,1,1,0,0,1,0,0,0,procedimiento,0,0.6,0,0
334,10002,2,3,5485,1,0,0,0,1,1,0,0,procedimiento,0,0.6,0,0
334,10003,2,3,4722,1,0,0,0,0,1,0,0,inatencion,0,0.49,1,0
334,10004,10,3,4525,1,0,0,0,1,1,0,0,procedimiento,0,0.58,0,0
334,10005,9,1,2901,3,0,0,0,0,4,0,0,consigna,0,0.48,1,0
334,10006,18,2,3672,3,0,0,0,0,4,0,1,consigna,1,0.37,2,0
334,10007,1,3,5115,1,0,0,0,0,0,0,0,aleatorio,1,0.26,3,0
334,10008,7,3,3884,2,1,2,0,0,2,0,1,inatencion,1,0.16,4,0
334,10009,7,2,4573,2,0,0,0,0,0,0,1,inatencion,1,0.15,5,0
334,10010,10,1,3040,1,0,0,0,1,1,0,0,procedimiento,0,0.54,0,0
334,10011,3,3,4680,1,1,0,0,1,0,0,0,procedimiento,0,0.54,0,0
334,10012,8,2,4512,1,0,0,0,1,2,0,0,procedimiento,0,0.53,0,0
334,10013,7,1,3048,1,0,0,0,1,1,0,0,procedimiento,0,0.52,0,0
334,10014,1,3,7686,1,0,0,0,1,4,0,0,procedimiento,0,0.52,0,0
334,10015,18,1,3513,1,0,0,0,1,0,0,0,procedimiento,0,0.51,0,0
334,10016,1,2,5942,1,1,0,0,0,1,0,0,conceptual,0,0.4,1,0
334,10017,18,4,7344,1,1,0,0,1,2,285,0,procedimiento,1,0.5,0,0
334,10018,9,4,7223,1,0,0,0,1,1,924,0,procedimiento,1,0.49,0,0
334,10019,7,2,4299,1,0,0,0,1,3,357,0,procedimiento,1,0.48,0,0
334,10020,5,2,6487,1,0,0,0,1,1,741,0,procedimiento,1,0.48,0,0
335,10021,13,1,1875,1,1,0,1,1,0,0,0,procedimiento,0,0.91,0,0
335,10022,19,4,4213,2,1,0,0,0,0,0,0,consigna,0,0.8,1,0
335,10023,16,2,1770,1,0,0,1,1,0,0,0,procedimiento,0,0.9,0,0
335,10024,11,1,1455,1,0,0,1,1,0,0,0,procedimiento,0,0.89,0,0
335,10025,12,1,1864,1,0,0,1,1,0,0,0,procedimiento,0,0.88,0,0
335,10026,14,1,1910,1,0,0,1,1,0,0,0,procedimiento,0,0.87,0,0
335,10027,17,3,2684,1,0,0,0,1,0,0,0,procedimiento,0,0.86,0,0
335,10028,13,4,2767,2,0,0,0,0,0,0,0,procedimiento,0,0.75,1,0
335,10029,10,1,1643,1,1,0,1,1,0,0,0,procedimiento,0,0.84,0,0
335,10030,8,3,2297,3,1,0,0,0,0,0,0,conceptual,0,0.73,1,0
335,10031,3,3,2554,1,0,0,0,1,0,0,0,procedimiento,0,0.82,0,0
335,10032,4,2,2426,1,0,0,0,0,0,0,0,procedimiento,0,0.71,1,0
335,10033,8,3,3273,1,0,0,0,1,0,0,0,procedimiento,0,0.8,0,0
335,10034,17,4,2862,1,0,0,0,1,0,0,0,procedimiento,0,0.79,0,0
335,10035,15,4,2834,1,0,0,0,1,0,0,0,procedimiento,0,0.79,0,0
335,10036,12,1,1709,1,0,0,1,1,0,0,0,procedimiento,0,0.78,0,0
335,10037,19,3,2167,3,1,0,0,0,0,0,0,inatencion,0,0.67,1,0
335,10038,19,2,2025,1,0,0,0,0,0,0,0,consigna,1,0.56,2,0
335,10039,9,2,2235,1,1,1,0,1,0,0,0,procedimiento,0,0.75,0,0
335,10040,10,2,2593,1,0,0,0,1,0,0,0,procedimiento,0,0.74,0,0
335,10041,8,1,1905,1,0,0,1,1,0,0,0,procedimiento,0,0.73,0,0
335,10042,9,2,2563,1,0,0,0,1,0,0,0,procedimiento,0,0.72,0,0
335,10043,11,2,2489,1,0,0,0,1,0,0,0,procedimiento,0,0.71,0,0
335,10044,11,3,3112,1,1,0,0,0,0,0,0,conceptual,0,0.6,1,0
335,10045,19,1,2283,2,0,0,0,0,0,0,0,conceptual,1,0.49,2,0
335,10046,18,2,2241,1,0,0,0,1,0,0,0,procedimiento,0,0.69,0,0
335,10047,6,2,1974,2,0,0,1,0,0,0,0,aleatorio,0,0.58,1,0
335,10048,10,3,2618,1,0,0,0,0,0,0,1,inatencion,1,0.47,2,0
335,10049,12,1,1637,1,0,0,1,1,0,0,0,procedimiento,0,0.66,0,0
335,10050,5,2,2150,1,0,0,0,0,0,0,0,inatencion,0,0.55,1,0
336,10051,2,1,1687,2,1,1,1,0,2,881,0,aleatorio,1,0.36,1,0
336,10052,7,4,4551,2,0,0,0,0,0,354,4,inatencion,1,0.25,2,0
336,10053,18,3,2688,2,0,0,0,0,1,1204,3,inatencion,1,0.15,3,0
336,10054,2,2,2844,1,0,0,0,1,2,405,0,procedimiento,1,0.44,0,0
336,10055,19,2,2195,1,0,0,0,1,1,903,0,procedimiento,1,0.44,0,0
336,10056,15,2,3042,2,0,0,0,0,4,535,0,conceptual,1,0.33,1,0
336,10057,7,3,3685,1,0,0,0,0,1,20,0,conceptual,1,0.23,2,0
336,10058,10,3,3860,1,1,0,0,1,1,265,0,procedimiento,1,0.43,0,0
336,10059,18,3,3067,2,0,0,0,0,3,16,0,procedimiento,1,0.32,1,0
336,10060,16,1,1795,1,1,0,1,1,0,147,0,procedimiento,1,0.42,0,0
336,10061,4,3,3765,1,1,0,0,1,4,274,0,procedimiento,1,0.41,0,0
336,10062,3,3,2597,1,0,0,0,0,3,896,0,conceptual,1,0.31,1,0
336,10063,7,4,5144,1,0,0,0,1,4,1184,0,procedimiento,1,0.4,0,0
336,10064,18,2,2063,1,0,0,0,1,1,732,1,procedimiento,1,0.4,0,0
336,10065,8,4,3702,2,0,0,0,0,1,109,1,consigna,1,0.29,1,0
336,10066,12,2,1993,1,0,0,1,0,0,117,2,inatencion,1,0.19,2,0
336,10067,7,2,2660,2,0,0,0,0,1,929,1,inatencion,1,0.15,3,0
336,10068,13,4,3905,3,1,0,0,0,1,1049,4,inatencion,1,0.15,4,0
336,10069,8,4,4015,2,1,2,0,0,1,239,3,inatencion,1,0.15,5,0
336,10070,6,1,2030,1,0,0,0,1,1,1091,0,procedimiento,1,0.37,0,0
336,10071,8,3,3574,2,0,0,0,0,1,9,2,inatencion,1,0.27,1,0
336,10072,11,3,5091,2,0,0,0,0,1,104,0,procedimiento,1,0.16,2,0
336,10073,4,4,7011,1,1,0,0,0,3,726,1,inatencion,1,0.15,3,0
336,10074,9,1,2641,1,0,0,0,0,4,1474,3,inatencion,1,0.15,4,0
336,10075,4,4,4958,2,0,0,0,0,4,189,2,inatencion,1,0.15,5,0
336,10076,15,2,3755,1,0,0,0,1,2,465,3,procedimiento,1,0.34,0,0
336,10077,6,4,3795,1,1,0,0,0,1,114,3,consigna,1,0.24,1,0
336,10078,2,4,5069,1,1,0,0,0,1,526,1,conceptual,1,0.15,2,0
336,10079,10,2,2786,2,0,0,0,0,3,1051,1,inatencion,1,0.15,3,0
336,10080,7,3,4425,1,1,0,0,0,2,51,2,inatencion,1,0.15,4,0
337,10081,12,2,2417,2,1,0,0,0,0,0,0,aleatorio,0,0.86,1,0
337,10082,5,2,2260,2,0,0,0,0,0,0,0,procedimiento,1,0.75,2,0
337,10083,12,1,1634,1,0,0,1,0,0,0,0,inatencion,1,0.4,3,0
337,10084,10,4,3452,1,0,0,0,1,0,0,0,procedimiento,0,0.93,0,0
337,10085,17,4,3560,3,0,0,0,0,0,0,0,inatencion,0,0.82,1,0
337,10086,5,2,2585,1,0,0,0,0,0,0,0,conceptual,1,0.71,2,0
337,10087,13,2,2177,1,0,0,0,1,0,0,0,procedimiento,0,0.9,0,0
337,10088,18,2,2411,1,0,0,0,1,0,0,0,procedimiento,0,0.89,0,0
337,10089,19,3,1906,1,1,0,1,0,0,0,0,inatencion,0,0.79,1,0
337,10090,10,1,1702,1,0,0,1,0,0,0,0,inatencion,1,0.68,2,0
337,10091,18,3,2306,1,0,0,0,1,0,0,0,procedimiento,0,0.87,0,0
337,10092,8,2,1644,1,0,0,1,0,0,0,0,aleatorio,0,0.76,1,0
337,10093,5,2,2030,1,0,0,0,1,0,0,0,procedimiento,0,0.85,0,0
337,10094,19,2,1881,2,0,0,1,0,0,0,0,aleatorio,0,0.74,1,0
337,10095,19,2,2032,1,0,0,0,0,0,0,0,inatencion,1,0.63,2,0
337,10096,12,3,2892,1,1,0,0,1,0,0,0,procedimiento,0,0.82,0,0
337,10097,14,3,3054,2,1,1,0,0,0,0,0,procedimiento,0,0.71,1,0
337,10098,1,3,2201,1,1,0,0,1,0,0,0,procedimiento,0,0.8,0,0
337,10099,3,2,2025,2,0,0,0,0,0,0,0,procedimiento,0,0.69,1,0
337,10100,16,3,2697,2,1,1,0,0,0,0,0,procedimiento,1,0.58,2,0
337,10101,12,3,3286,1,0,0,0,0,0,0,0,aleatorio,1,0.4,3,0
337,10102,10,2,2098,1,1,2,0,0,0,0,2,aleatorio,1,0.36,4,0
337,10103,2,2,2265,1,1,0,0,1,0,0,0,procedimiento,0,0.75,0,0
337,10104,17,4,4604,2,0,0,0,0,0,0,0,procedimiento,0,0.64,1,0
337,10105,15,1,2345,1,0,0,0,1,0,0,0,procedimiento,0,0.73,0,0
337,10106,6,2,3062,1,0,0,0,1,0,0,0,procedimiento,0,0.72,0,0
337,10107,8,3,2395,2,1,1,0,0,0,0,0,aleatorio,0,0.61,1,0
337,10108,16,4,3170,1,1,0,0,1,0,0,0,procedimiento,0,0.7,0,0
337,10109,7,3,3614,1,0,0,0,0,0,0,0,procedimiento,0,0.59,1,0
337,10110,14,2,2653,1,1,1,0,0,0,0,1,inatencion,1,0.48,2,0
338,10111,5,2,1870,1,0,0,1,1,0,0,0,procedimiento,0,0.85,0,0
338,10112,12,4,3876,1,1,2,0,0,0,0,0,conceptual,0,0.74,1,0
338,10113,2,2,2033,1,0,0,0,1,0,0,0,procedimiento,0,0.83,0,0
338,10114,1,4,4610,3,1,0,0,0,0,0,0,inatencion,0,0.72,1,0
338,10115,7,3,3588,1,0,0,0,1,0,0,0,procedimiento,0,0.81,0,0
338,10116,12,4,5076,1,0,0,0,1,0,0,0,procedimiento,0,0.8,0,0
338,10117,16,3,4159,1,1,0,0,1,0,0,0,procedimiento,0,0.8,0,0
338,10118,8,2,2871,1,1,0,0,1,0,0,0,procedimiento,0,0.79,0,0
338,10119,16,2,2119,1,1,0,0,1,0,0,0,procedimiento,0,0.78,0,0
338,10120,7,1,1684,1,1,0,1,1,0,0,0,procedimiento,0,0.77,0,0
338,10121,5,3,3772,1,0,0,0,0,0,0,0,inatencion,0,0.66,1,0
338,10122,17,4,4967,1,0,0,0,1,0,0,0,procedimiento,0,0.75,0,0
338,10123,12,3,3052,1,1,0,0,0,0,0,0,consigna,0,0.65,1,0
338,10124,15,2,2224,1,0,0,0,1,0,0,0,procedimiento,0,0.74,0,0
338,10125,13,3,3371,1,0,0,0,1,0,0,0,procedimiento,0,0.73,0,0
338,10126,3,4,3364,1,1,0,0,1,0,0,0,procedimiento,0,0.72,0,0
338,10127,9,3,3541,1,1,0,0,0,0,0,0,conceptual,0,0.61,1,0
338,10128,11,3,2645,1,0,0,0,1,0,0,0,procedimiento,0,0.7,0,0
338,10129,17,2,2005,1,1,0,0,1,0,0,0,procedimiento,0,0.69,0,0
338,10130,4,1,1619,1,0,0,1,1,0,0,0,procedimiento,0,0.69,0,0
338,10131,13,4,4778,1,1,0,0,1,0,0,0,procedimiento,0,0.68,0,0
338,10132,3,1,1861,1,1,0,1,0,0,0,0,aleatorio,0,0.57,1,0
338,10133,6,3,3906,3,0,0,0,0,0,0,2,inatencion,1,0.46,2,0
338,10134,8,4,3868,1,0,0,0,1,0,0,0,procedimiento,0,0.65,0,0
338,10135,15,3,5046,1,1,0,0,1,0,0,0,procedimiento,0,0.64,0,0
338,10136,4,2,2356,1,0,0,0,1,0,0,0,procedimiento,0,0.64,0,0
338,10137,16,2,4655,1,0,0,0,1,0,0,0,procedimiento,0,0.63,0,0
338,10138,15,3,2847,1,0,0,0,0,0,0,0,procedimiento,0,0.52,1,0
338,10139,15,2,3604,1,0,0,0,1,0,0,0,procedimiento,0,0.61,0,0
338,10140,18,4,4824,1,0,0,0,1,0,0,0,procedimiento,0,0.6,0,0
339,10141,10,2,4516,3,0,0,0,0,0,0,0,procedimiento,0,0.57,1,0
339,10142,5,3,3623,1,1,1,0,0,0,0,0,conceptual,1,0.46,2,0
339,10143,9,2,3803,2,1,0,0,0,0,0,0,aleatorio,1,0.35,3,0
339,10144,4,2,4144,1,0,0,0,1,0,0,0,procedimiento,0,0.65,0,0
339,10145,13,4,6036,1,0,0,0,1,0,0,0,procedimiento,0,0.64,0,0
339,10146,14,2,2913,1,1,0,0,1,0,0,0,procedimiento,0,0.63,0,0
339,10147,3,2,4473,1,1,1,0,0,0,0,0,conceptual,0,0.53,1,0
339,10148,5,2,3315,1,1,1,0,1,0,0,0,procedimiento,0,0.62,0,0
339,10149,11,3,5013,1,0,0,0,1,0,0,0,procedimiento,0,0.61,0,0
339,10150,15,1,2781,1,1,0,0,0,0,0,0,procedimiento,0,0.51,1,0
339,10151,6,3,5223,1,0,0,0,1,1,0,0,procedimiento,0,0.6,0,0
339,10152,11,2,3577,3,0,0,0,0,1,0,0,inatencion,0,0.49,1,0
339,10153,18,3,5805,2,0,0,0,0,0,0,1,procedimiento,1,0.39,2,0
339,10154,17,4,6218,3,0,0,0,0,0,0,0,inatencion,1,0.28,3,0
339,10155,18,3,5043,2,0,0,0,0,1,0,1,inatencion,1,0.17,4,0
339,10156,6,2,3497,1,0,0,0,1,2,0,0,procedimiento,0,0.57,0,0
339,10157,5,2,3525,1,0,0,0,1,2,0,0,procedimiento,0,0.56,0,0
339,10158,3,2,4393,1,0,0,0,1,2,0,0,procedimiento,0,0.55,0,0
339,10159,7,3,5072,3,0,0,0,0,1,0,0,conceptual,0,0.45,1,0
339,10160,12,3,4636,1,0,0,0,1,4,0,0,procedimiento,0,0.54,0,0
339,10161,15,4,5017,1,0,0,0,1,0,0,0,procedimiento,0,0.53,0,0
339,10162,3,2,6249,1,0,0,0,0,3,0,0,conceptual,0,0.43,1,0
339,10163,9,3,4536,1,0,0,0,0,1,0,0,conceptual,1,0.32,2,0
339,10164,7,3,5084,1,1,0,0,1,1,0,0,procedimiento,0,0.51,0,0
339,10165,18,1,2738,1,0,0,0,1,3,0,0,procedimiento,0,0.51,0,0
339,10166,3,2,6593,1,0,0,0,1,2,1106,0,procedimiento,1,0.5,0,0
339,10167,8,2,5075,1,0,0,0,1,0,632,0,procedimiento,1,0.49,0,0
339,10168,9,4,7564,1,1,1,0,1,0,251,0,procedimiento,1,0.49,0,0
339,10169,2,2,3593,1,0,0,0,1,1,125,0,procedimiento,1,0.48,0,0
339,10170,6,4,9513,3,1,0,0,0,1,184,0,procedimiento,1,0.37,1,0
340,10171,7,1,1657,1,0,0,1,1,3,0,0,procedimiento,0,0.54,0,0
340,10172,12,4,3361,1,0,0,0,0,1,0,0,inatencion,0,0.43,1,0
340,10173,17,3,3133,1,0,0,0,1,2,0,0,procedimiento,0,0.53,0,0
340,10174,6,3,2071,1,1,0,0,0,0,0,0,procedimiento,0,0.42,1,0
340,10175,14,4,4023,2,0,0,0,0,1,0,1,procedimiento,1,0.32,2,0
340,10176,1,3,2227,2,1,0,0,0,0,0,0,inatencion,1,0.21,3,0
340,10177,12,3,2842,2,1,0,0,0,0,0,1,inatencion,1,0.15,4,0
340,10178,15,3,3499,2,0,0,0,0,1,0,3,inatencion,1,0.15,5,0
340,10179,3,3,2424,2,0,0,0,0,2,80,2,inatencion,1,0.15,6,0
340,10180,2,2,1872,1,0,0,1,0,2,204,0,inatencion,1,0.15,7,0
340,10181,4,4,2998,2,0,0,0,0,6,93,0,inatencion,1,0.15,8,0
340,10182,8,3,2255,1,1,0,0,0,2,43,1,inatencion,1,0.15,9,0
340,10183,3,3,3092,1,1,1,0,0,2,724,0,inatencion,1,0.15,10,0
340,10184,5,3,3237,1,0,0,0,1,2,422,0,procedimiento,1,0.47,0,0
340,10185,14,4,2801,1,0,0,0,0,1,623,0,consigna,1,0.36,1,0
340,10186,1,1,1471,1,0,0,1,0,0,367,0,aleatorio,1,0.26,2,0
340,10187,16,3,3273,1,0,0,0,1,1,443,0,procedimiento,1,0.45,0,0
340,10188,3,3,3072,1,0,0,0,1,4,483,0,procedimiento,1,0.45,0,0
340,10189,16,3,2935,1,0,0,0,0,2,16,0,inatencion,1,0.34,1,0
340,10190,5,3,3317,1,0,0,0,1,1,203,0,procedimiento,1,0.44,0,0
340,10191,4,2,2399,1,0,0,0,1,1,769,0,procedimiento,1,0.43,0,0
340,10192,16,2,2414,2,0,0,0,0,1,54,0,conceptual,1,0.33,1,0
340,10193,7,3,4137,2,1,0,0,0,3,962,2,aleatorio,1,0.22,2,0
340,10194,10,3,3025,1,1,0,0,0,2,377,0,aleatorio,1,0.15,3,0
340,10195,5,2,2271,1,1,0,0,0,3,433,2,inatencion,1,0.15,4,0
340,10196,2,1,1484,1,1,0,1,0,0,249,5,inatencion,1,0.15,5,0
340,10197,3,2,3143,3,0,0,0,0,2,3394,3,inatencion,1,0.15,6,0
340,10198,13,3,3637,1,0,0,0,1,1,63,1,procedimiento,1,0.39,0,0
340,10199,13,4,5204,1,1,0,0,0,2,571,1,conceptual,1,0.29,1,0
340,10200,6,1,2583,2,0,0,0,0,0,116,2,conceptual,1,0.18,2,0
341,10201,7,3,3873,1,0,0,0,1,0,0,0,procedimiento,0,0.7,0,0
341,10202,13,2,2811,1,0,0,0,1,0,0,0,procedimiento,0,0.7,0,0
341,10203,8,1,2371,1,1,1,0,0,0,0,0,consigna,0,0.59,1,0
341,10204,17,2,2163,1,0,0,0,0,0,0,0,consigna,1,0.48,2,0
341,10205,17,1,2390,1,0,0,0,1,0,0,0,procedimiento,0,0.67,0,0
341,10206,13,2,2232,2,0,0,0,0,0,0,0,consigna,0,0.57,1,0
341,10207,5,2,2781,2,1,0,0,0,0,0,0,conceptual,1,0.46,2,0
341,10208,16,2,2430,1,0,0,0,1,0,0,0,procedimiento,0,0.65,0,0
341,10209,3,1,1967,1,0,0,1,1,0,0,0,procedimiento,0,0.65,0,0
341,10210,12,1,1995,1,0,0,1,1,0,0,0,procedimiento,0,0.64,0,0
341,10211,11,2,2631,1,0,0,0,1,0,0,0,procedimiento,0,0.63,0,0
341,10212,12,2,1983,1,0,0,1,0,0,0,0,aleatorio,0,0.53,1,0
341,10213,1,1,2184,1,0,0,0,0,0,0,0,conceptual,1,0.42,2,0
341,10214,4,2,2636,1,1,0,0,0,0,0,0,inatencion,1,0.31,3,0
341,10215,12,2,2219,1,0,0,0,1,0,0,0,procedimiento,0,0.6,0,0
341,10216,5,3,3412,1,0,0,0,1,1,0,0,procedimiento,0,0.6,0,0
341,10217,8,4,3572,1,0,0,0,0,1,0,0,inatencion,0,0.49,1,0
341,10218,3,3,2604,1,0,0,0,1,0,0,0,procedimiento,0,0.58,0,0
341,10219,3,2,2382,1,0,0,0,1,4,0,0,procedimiento,0,0.58,0,0
341,10220,14,2,3176,1,0,0,0,1,0,0,0,procedimiento,0,0.57,0,0
341,10221,16,3,3684,1,1,0,0,0,1,0,0,conceptual,0,0.46,1,0
341,10222,4,1,1531,1,1,0,1,1,1,0,0,procedimiento,0,0.55,0,0
341,10223,3,2,2121,2,1,0,0,0,1,0,0,conceptual,0,0.45,1,0
341,10224,16,1,2392,1,0,0,0,1,0,0,0,procedimiento,0,0.54,0,0
341,10225,12,3,4166,1,1,1,0,1,1,0,0,procedimiento,0,0.53,0,0
341,10226,17,2,3024,2,0,0,0,0,3,0,0,inatencion,0,0.43,1,0
341,10227,5,2,3229,1,0,0,0,0,1,0,0,conceptual,1,0.32,2,0
341,10228,6,4,4283,2,1,0,0,0,1,0,0,inatencion,1,0.21,3,0
341,10229,5,3,3584,2,1,0,0,0,0,0,1,inatencion,1,0.15,4,0
341,10230,2,3,5011,1,1,0,0,0,4,81,1,inatencion,1,0.15,5,0
342,10231,10,3,4291,1,1,1,0,0,0,0,0,procedimiento,0,0.59,1,0
342,10232,5,1,2334,1,0,0,0,0,0,0,2,inatencion,1,0.49,2,0
342,10233,15,3,4574,3,0,0,0,0,0,0,0,inatencion,1,0.38,3,0
342,10234,4,2,3543,1,0,0,0,1,0,0,0,procedimiento,0,0.67,0,0
342,10235,15,3,5863,1,1,0,0,0,0,0,0,procedimiento,0,0.57,1,0
342,10236,3,2,2727,2,0,0,0,0,0,0,0,inatencion,1,0.46,2,0
342,10237,8,2,2801,1,1,0,0,1,0,0,0,procedimiento,0,0.65,0,0
342,10238,10,3,4464,2,1,0,0,0,0,0,0,procedimiento,0,0.54,1,0
342,10239,8,2,4681,2,1,0,0,0,0,0,2,inatencion,1,0.44,2,0
342,10240,11,3,4599,3,1,0,0,0,0,0,0,inatencion,1,0.33,3,0
342,10241,12,2,3868,1,1,1,0,1,0,0,0,procedimiento,0,0.62,0,0
342,10242,14,1,2246,1,1,1,0,0,0,0,0,consigna,0,0.52,1,0
342,10243,16,2,3958,1,1,1,0,1,0,0,0,procedimiento,0,0.61,0,0
342,10244,13,2,2738,1,0,0,0,1,0,0,0,procedimiento,0,0.6,0,0
342,10245,5,2,3655,1,1,0,0,0,0,0,0,procedimiento,0,0.5,1,0
342,10246,7,3,3765,2,0,0,0,0,2,0,1,procedimiento,1,0.39,2,0
342,10247,18,1,2045,1,0,0,0,1,1,0,0,procedimiento,0,0.58,0,0
342,10248,17,3,3364,1,0,0,0,1,2,0,0,procedimiento,0,0.58,0,0
342,10249,12,2,3947,1,1,0,0,0,2,0,0,aleatorio,0,0.47,1,0
342,10250,14,4,6267,1,0,0,0,1,1,0,0,procedimiento,0,0.56,0,0
342,10251,19,3,4256,2,0,0,0,0,2,0,0,conceptual,0,0.45,1,0
342,10252,5,2,3929,1,0,0,0,1,0,0,0,procedimiento,0,0.55,0,0
342,10253,12,3,5684,1,1,0,0,1,5,0,0,procedimiento,0,0.54,0,0
342,10254,9,3,4358,3,0,0,0,0,2,0,0,conceptual,0,0.43,1,0
342,10255,3,3,7971,1,1,0,0,0,1,0,0,conceptual,1,0.33,2,0
342,10256,12,2,4133,1,0,0,0,1,1,0,0,procedimiento,0,0.52,0,0
342,10257,18,3,6911,2,1,1,0,0,0,0,0,procedimiento,0,0.41,1,0
342,10258,6,3,5764,3,0,0,0,0,3,0,1,inatencion,1,0.31,2,0
342,10259,1,1,4448,2,0,0,0,0,1,776,2,inatencion,1,0.2,3,0
342,10260,15,4,6510,1,1,0,0,1,1,42,0,procedimiento,1,0.49,0,0
343,10261,4,3,2725,1,1,0,0,1,1,695,0,procedimiento,1,0.42,0,0
343,10262,13,3,2991,1,0,0,0,0,1,101,0,inatencion,1,0.32,1,0
343,10263,19,2,1749,1,1,0,1,0,1,278,1,inatencion,1,0.22,2,0
343,10264,5,1,1589,1,0,0,1,0,3,118,1,inatencion,1,0.15,3,0
343,10265,2,2,1805,2,1,0,1,0,2,5,0,inatencion,1,0.15,4,0
343,10266,13,2,2586,1,0,0,0,0,3,961,0,aleatorio,1,0.15,5,0
343,10267,2,4,3351,1,1,2,0,1,3,15,0,procedimiento,1,0.4,0,0
343,10268,14,2,2040,1,0,0,0,0,0,41,1,conceptual,1,0.3,1,0
343,10269,11,2,2234,3,0,0,0,0,2,251,1,consigna,1,0.19,2,0
343,10270,7,4,3589,1,1,0,0,0,0,259,0,aleatorio,1,0.15,3,0
343,10271,5,4,3703,1,1,0,0,0,0,213,1,aleatorio,1,0.15,4,0
343,10272,12,2,2532,2,0,0,0,0,3,828,1,aleatorio,1,0.15,5,0
343,10273,19,2,2406,1,1,1,0,0,1,307,1,inatencion,1,0.15,6,0
343,10274,6,3,3458,1,1,0,0,1,2,1558,0,procedimiento,1,0.37,0,0
343,10275,18,2,2030,1,1,2,0,1,3,222,1,procedimiento,1,0.37,0,0
343,10276,18,2,2922,1,0,0,0,0,3,76,3,conceptual,1,0.26,1,0
343,10277,7,4,4466,2,1,1,0,0,1,106,2,conceptual,1,0.16,2,0
343,10278,9,4,4535,1,0,0,0,1,6,321,1,procedimiento,1,0.35,0,0
343,10279,10,4,3714,1,1,0,0,1,2,180,2,procedimiento,1,0.35,0,0
343,10280,1,2,2508,1,0,0,0,1,2,487,0,procedimiento,1,0.34,0,0
343,10281,9,3,3124,3,0,0,0,0,2,9,1,consigna,1,0.24,1,0
343,10282,12,4,6165,1,1,1,0,0,3,149,0,aleatorio,1,0.15,2,0
343,10283,18,2,2342,3,0,0,0,0,2,1340,2,inatencion,1,0.15,3,0
343,10284,4,3,4153,3,1,1,0,0,3,332,2,aleatorio,1,0.15,4,0
343,10285,5,2,3445,1,0,0,0,1,0,67,0,procedimiento,1,0.32,0,0
343,10286,10,3,4312,2,1,0,0,0,3,289,4,inatencion,1,0.22,1,0
343,10287,16,1,2346,1,0,0,0,1,3,221,2,procedimiento,1,0.31,0,0
343,10288,9,2,3204,2,0,0,0,0,0,666,1,procedimiento,1,0.21,1,0
343,10289,5,3,3291,1,0,0,0,0,0,1132,2,consigna,1,0.15,2,0
343,10290,12,2,2659,3,0,0,0,0,3,111,1,inatencion,1,0.15,3,0
344,10291,2,3,3068,1,0,0,0,1,0,0,0,procedimiento,0,0.74,0,0
344,10292,13,2,2175,1,1,0,0,1,0,0,0,procedimiento,0,0.73,0,0
344,10293,13,3,3084,1,1,0,0,1,0,0,0,procedimiento,0,0.72,0,0
344,10294,1,3,3164,1,1,0,0,1,0,0,0,procedimiento,0,0.71,0,0
344,10295,3,1,2246,1,0,0,0,1,0,0,0,procedimiento,0,0.71,0,0
344,10296,3,1,1649,1,0,0,1,1,0,0,0,procedimiento,0,0.7,0,0
344,10297,18,1,1496,1,0,0,1,1,0,0,0,procedimiento,0,0.69,0,0
344,10298,19,4,3342,3,0,0,0,0,0,0,0,inatencion,0,0.58,1,0
344,10299,5,3,3018,1,0,0,0,0,0,0,0,procedimiento,1,0.48,2,0
344,10300,4,3,3519,1,0,0,0,1,0,0,0,procedimiento,0,0.67,0,0
344,10301,8,3,3041,2,0,0,0,0,0,0,0,consigna,0,0.56,1,0
344,10302,16,1,1702,1,1,0,1,1,0,0,0,procedimiento,0,0.65,0,0
344,10303,11,2,2987,1,1,0,0,1,0,0,0,procedimiento,0,0.65,0,0
344,10304,18,3,3741,1,1,0,0,1,0,0,0,procedimiento,0,0.64,0,0
344,10305,5,2,2539,1,0,0,0,1,0,0,0,procedimiento,0,0.63,0,0
344,10306,6,3,2984,1,0,0,0,0,0,0,0,aleatorio,0,0.53,1,0
344,10307,16,3,2987,1,0,0,0,1,0,0,0,procedimiento,0,0.62,0,0
344,10308,18,2,2146,1,0,0,0,1,0,0,0,procedimiento,0,0.61,0,0
344,10309,9,1,1508,1,0,0,1,1,0,0,0,procedimiento,0,0.6,0,0
344,10310,13,2,3080,1,0,0,0,1,1,0,0,procedimiento,0,0.6,0,0
344,10311,8,1,1760,1,0,0,1,1,1,0,0,procedimiento,0,0.59,0,0
344,10312,2,3,5968,1,0,0,0,1,1,0,0,procedimiento,0,0.58,0,0
344,10313,17,1,2859,1,0,0,0,1,1,0,0,procedimiento,0,0.57,0,0
344,10314,15,2,3677,1,0,0,0,1,2,0,0,procedimiento,0,0.57,0,0
344,10315,9,1,1761,1,0,0,1,1,2,0,0,procedimiento,0,0.56,0,0
344,10316,8,4,5595,1,1,0,0,1,1,0,0,procedimiento,0,0.55,0,0
344,10317,14,2,3382,1,0,0,0,1,1,0,0,procedimiento,0,0.54,0,0
344,10318,5,4,6494,2,0,0,0,0,1,0,0,inatencion,0,0.44,1,0
344,10319,10,3,4028,2,0,0,0,0,1,0,1,inatencion,1,0.33,2,0
344,10320,6,1,2336,1,0,0,0,0,2,0,0,inatencion,1,0.22,3,0
345,10321,12,4,3614,1,0,0,0,1,0,0,0,procedimiento,0,0.78,0,0
345,10322,18,3,3540,1,1,2,0,1,0,0,0,procedimiento,0,0.77,0,0
345,10323,6,2,2887,1,0,0,0,0,0,0,0,inatencion,0,0.66,1,0
345,10324,18,4,3242,1,0,0,0,1,0,0,0,procedimiento,0,0.75,0,0
345,10325,15,1,1600,1,0,0,1,1,0,0,0,procedimiento,0,0.75,0,0
345,10326,19,2,2581,1,0,0,0,1,0,0,0,procedimiento,0,0.74,0,0
345,10327,16,4,3658,1,1,0,0,1,0,0,0,procedimiento,0,0.73,0,0
345,10328,12,3,3838,1,0,0,0,0,0,0,0,procedimiento,0,0.62,1,0
345,10329,14,2,2140,1,0,0,0,0,0,0,0,procedimiento,1,0.52,2,0
345,10330,16,1,1506,1,0,0,1,1,0,0,0,procedimiento,0,0.71,0,0
345,10331,1,3,3651,2,0,0,0,0,0,0,0,inatencion,0,0.6,1,0
345,10332,5,4,3093,1,1,0,0,1,0,0,0,procedimiento,0,0.69,0,0
345,10333,19,1,1840,1,0,0,1,1,0,0,0,procedimiento,0,0.68,0,0
345,10334,9,3,2203,1,1,0,0,1,0,0,0,procedimiento,0,0.68,0,0
345,10335,18,2,2437,1,0,0,0,1,0,0,0,procedimiento,0,0.67,0,0
345,10336,18,2,2327,1,0,0,0,1,0,0,0,procedimiento,0,0.66,0,0
345,10337,17,2,2232,2,0,0,0,0,0,0,0,procedimiento,0,0.55,1,0
345,10338,7,3,3837,1,0,0,0,0,0,0,1,aleatorio,1,0.45,2,0
345,10339,1,1,1416,1,0,0,1,1,0,0,0,procedimiento,0,0.64,0,0
345,10340,5,1,2017,1,0,0,0,1,0,0,0,procedimiento,0,0.63,0,0
345,10341,9,3,3552,3,0,0,0,0,0,0,0,conceptual,0,0.52,1,0
345,10342,15,1,1892,1,0,0,1,1,0,0,0,procedimiento,0,0.61,0,0
345,10343,10,3,3852,2,0,0,0,0,0,0,0,inatencion,0,0.51,1,0
345,10344,3,2,3571,1,0,0,0,1,3,0,0,procedimiento,0,0.6,0,0
345,10345,11,1,2392,1,0,0,0,1,0,0,0,procedimiento,0,0.59,0,0
345,10346,18,1,2710,1,0,0,0,1,0,0,0,procedimiento,0,0.58,0,0
345,10347,9,2,2921,1,0,0,0,1,2,0,0,procedimiento,0,0.58,0,0
345,10348,1,1,2493,1,0,0,0,1,1,0,0,procedimiento,0,0.57,0,0
345,10349,14,3,3905,1,0,0,0,0,0,0,0,inatencion,0,0.46,1,0
345,10350,12,2,3161,1,0,0,0,1,1,0,0,procedimiento,0,0.55,0,0
346,10351,2,1,2920,1,0,0,0,1,2,68,0,procedimiento,1,0.43,0,0
346,10352,17,1,2139,1,0,0,0,1,1,364,0,procedimiento,1,0.42,0,0
346,10353,12,1,1985,2,0,0,1,0,2,52,0,inatencion,1,0.32,1,0
346,10354,12,2,4448,3,0,0,0,0,3,213,2,conceptual,1,0.22,2,0
346,10355,7,4,5687,1,1,0,0,1,1,232,0,procedimiento,1,0.41,0,0
346,10356,4,3,3638,1,1,0,0,1,0,219,0,procedimiento,1,0.41,0,0
346,10357,9,3,5217,1,0,0,0,1,3,1406,0,procedimiento,1,0.4,0,0
346,10358,13,2,3734,1,0,0,0,1,0,614,1,procedimiento,1,0.4,0,0
346,10359,2,2,4320,1,1,0,0,1,1,20,1,procedimiento,1,0.39,0,0
346,10360,6,3,4062,1,1,1,0,1,5,462,1,procedimiento,1,0.39,0,0
346,10361,18,3,4738,1,0,0,0,1,0,62,0,procedimiento,1,0.39,0,0
346,10362,15,2,4066,1,0,0,0,0,0,719,1,conceptual,1,0.28,1,0
346,10363,1,1,2440,1,0,0,0,0,5,304,3,procedimiento,1,0.18,2,0
346,10364,4,2,4153,1,0,0,0,1,1,362,0,procedimiento,1,0.37,0,0
346,10365,14,4,5673,1,1,0,0,1,2,41,6,procedimiento,1,0.37,0,0
346,10366,11,1,2669,1,0,0,0,1,1,922,0,procedimiento,1,0.36,0,0
346,10367,6,3,3908,3,1,1,0,0,1,102,2,conceptual,1,0.26,1,0
346,10368,10,2,3576,1,0,0,0,1,3,63,0,procedimiento,1,0.36,0,0
346,10369,4,1,2879,1,0,0,0,1,2,208,0,procedimiento,1,0.35,0,0
346,10370,19,3,3676,1,0,0,0,1,1,519,0,procedimiento,1,0.35,0,0
346,10371,3,1,2417,1,0,0,0,1,1,516,1,procedimiento,1,0.34,0,0
346,10372,7,2,3649,1,1,0,0,1,1,86,4,procedimiento,1,0.34,0,0
346,10373,15,4,8089,1,0,0,0,1,1,145,0,procedimiento,1,0.33,0,0
346,10374,1,3,4012,1,0,0,0,1,4,1150,1,procedimiento,1,0.33,0,0
346,10375,13,2,5035,1,1,0,0,0,1,157,0,procedimiento,1,0.23,1,0
346,10376,3,2,4033,2,0,0,0,0,1,1470,2,procedimiento,1,0.15,2,0
346,10377,5,3,5930,3,1,0,0,0,2,582,2,aleatorio,1,0.15,3,0
346,10378,16,4,8697,3,1,0,0,0,1,1032,1,aleatorio,1,0.15,4,0
346,10379,13,3,6542,1,0,0,0,1,3,59,1,procedimiento,1,0.31,0,0
346,10380,12,4,9126,1,0,0,0,0,2,86,0,inatencion,1,0.2,1,0
347,10381,15,4,5659,1,1,0,0,0,0,0,0,inatencion,0,0.57,1,0
347,10382,10,3,4917,2,1,2,0,0,0,0,1,procedimiento,1,0.46,2,0
347,10383,11,3,3890,1,0,0,0,1,0,0,0,procedimiento,0,0.65,0,0
347,10384,10,1,2729,1,0,0,0,0,0,0,0,inatencion,0,0.55,1,0
347,10385,5,4,5842,1,1,0,0,1,0,0,0,procedimiento,0,0.64,0,0
347,10386,7,2,3314,1,0,0,0,1,0,0,0,procedimiento,0,0.63,0,0
347,10387,14,2,2240,1,0,0,0,1,0,0,0,procedimiento,0,0.63,0,0
347,10388,14,1,1791,1,1,2,1,1,0,0,0,procedimiento,0,0.62,0,0
347,10389,18,2,3290,1,1,0,0,0,0,0,0,conceptual,0,0.51,1,0
347,10390,14,2,2977,1,0,0,0,1,0,0,0,procedimiento,0,0.61,0,0
347,10391,12,2,3402,3,1,2,0,0,0,0,0,inatencion,0,0.5,1,0
347,10392,10,3,3606,1,0,0,0,0,2,0,0,procedimiento,1,0.39,2,0
347,10393,19,4,4576,1,0,0,0,0,2,0,0,inatencion,1,0.29,3,0
347,10394,16,4,4912,1,0,0,0,1,0,0,0,procedimiento,0,0.58,0,0
347,10395,8,2,2779,1,0,0,0,1,1,0,0,procedimiento,0,0.57,0,0
347,10396,5,1,2631,2,1,0,0,0,1,0,0,inatencion,0,0.47,1,0
347,10397,19,2,2956,1,0,0,0,1,2,0,0,procedimiento,0,0.56,0,0
347,10398,19,3,3213,2,0,0,0,0,1,0,0,consigna,0,0.45,1,0
347,10399,18,2,2956,1,1,0,0,0,0,0,1,procedimiento,1,0.35,2,0
347,10400,5,4,4892,2,0,0,0,0,2,0,3,inatencion,1,0.24,3,0
347,10401,7,2,3331,2,1,0,0,0,1,0,0,inatencion,1,0.15,4,0
347,10402,7,3,4694,1,0,0,0,1,0,0,0,procedimiento,0,0.53,0,0
347,10403,9,2,3484,1,0,0,0,1,1,0,0,procedimiento,0,0.52,0,0
347,10404,5,1,2309,2,1,0,0,0,1,0,0,procedimiento,0,0.41,1,0
347,10405,19,3,3339,1,1,0,0,0,3,0,1,inatencion,1,0.31,2,0
347,10406,1,3,5530,1,1,0,0,0,0,708,2,aleatorio,1,0.2,3,0
347,10407,19,2,4387,1,0,0,0,1,2,586,0,procedimiento,1,0.49,0,0
347,10408,11,4,5590,1,0,0,0,0,0,88,0,inatencion,1,0.39,1,0
347,10409,1,1,3598,3,0,0,0,0,1,492,2,inatencion,1,0.28,2,0
347,10410,5,3,4712,2,0,0,0,0,4,1267,3,inatencion,1,0.17,3,0
348,10411,5,1,1746,1,0,0,1,1,0,0,0,procedimiento,0,0.96,0,0
348,10412,16,3,3742,3,0,0,0,0,0,0,0,inatencion,0,0.85,1,0
348,10413,16,3,2759,1,0,0,0,1,0,0,0,procedimiento,0,0.95,0,0
348,10414,15,3,3129,1,1,0,0,1,0,0,0,procedimiento,0,0.94,0,0
348,10415,1,3,3811,1,1,0,0,0,0,0,0,inatencion,0,0.83,1,0
348,10416,1,2,3021,1,0,0,0,1,0,0,0,procedimiento,0,0.92,0,0
348,10417,10,3,2908,1,1,1,0,0,0,0,0,procedimiento,0,0.81,1,0
348,10418,9,3,3538,1,1,0,0,0,0,0,0,consigna,1,0.7,2,0
348,10419,8,4,3703,1,0,0,0,1,0,0,0,procedimiento,0,0.89,0,0
348,10420,10,2,2658,1,0,0,0,1,0,0,0,procedimiento,0,0.88,0,0
348,10421,10,3,2540,1,1,1,0,1,0,0,0,procedimiento,0,0.87,0,0
348,10422,18,4,3820,1,1,0,0,1,0,0,0,procedimiento,0,0.86,0,0
348,10423,8,3,2554,1,0,0,0,1,0,0,0,procedimiento,0,0.85,0,0
348,10424,2,1,1449,1,0,0,1,0,0,0,0,aleatorio,0,0.74,1,0
348,10425,19,4,4757,1,0,0,0,0,0,0,1,consigna,1,0.63,2,0
348,10426,7,3,2739,1,1,0,0,1,0,0,0,procedimiento,0,0.82,0,0
348,10427,11,1,1408,1,0,0,1,1,0,0,0,procedimiento,0,0.81,0,0
348,10428,13,3,3740,1,0,0,0,0,0,0,0,consigna,0,0.7,1,0
348,10429,17,2,3091,1,0,0,0,1,0,0,0,procedimiento,0,0.79,0,0
348,10430,11,2,2022,1,0,0,0,1,0,0,0,procedimiento,0,0.78,0,0
348,10431,9,2,2156,2,1,2,0,0,0,0,0,conceptual,0,0.67,1,0
348,10432,14,2,2344,1,0,0,0,0,0,0,1,conceptual,1,0.56,2,0
348,10433,3,2,3254,1,0,0,0,0,0,0,0,inatencion,1,0.4,3,0
348,10434,16,4,4968,2,0,0,0,0,0,0,0,inatencion,1,0.34,4,0
348,10435,4,3,4259,1,1,1,0,0,0,0,1,inatencion,1,0.23,5,0
348,10436,7,2,2854,2,0,0,0,0,0,0,1,inatencion,1,0.15,6,0
348,10437,12,3,3039,1,0,0,0,0,0,0,1,inatencion,1,0.15,7,0
348,10438,4,2,3621,1,1,1,0,0,0,0,1,inatencion,1,0.15,8,0
348,10439,4,3,5046,1,1,0,0,0,0,0,0,aleatorio,1,0.15,9,0
348,10440,19,3,3398,1,0,0,0,0,0,0,3,inatencion,1,0.15,10,0
349,10441,8,3,5707,1,0,0,0,1,0,0,0,procedimiento,0,0.63,0,0
349,10442,16,1,2355,1,0,0,0,1,0,0,0,procedimiento,0,0.62,0,0
349,10443,2,2,3365,1,1,0,0,0,0,0,0,consigna,0,0.52,1,0
349,10444,9,3,4124,1,0,0,0,1,0,0,0,procedimiento,0,0.61,0,0
349,10445,17,3,4932,1,0,0,0,1,0,0,0,procedimiento,0,0.61,0,0
349,10446,17,3,3531,1,0,0,0,1,1,0,0,procedimiento,0,0.6,0,0
349,10447,8,2,3367,1,0,0,0,1,3,0,0,procedimiento,0,0.59,0,0
349,10448,2,2,3500,2,1,0,0,0,0,0,0,consigna,0,0.49,1,0
349,10449,3,4,6511,1,0,0,0,1,0,0,0,procedimiento,0,0.58,0,0
349,10450,8,4,5318,1,0,0,0,1,1,0,0,procedimiento,0,0.57,0,0
349,10451,7,3,5160,1,1,1,0,1,2,0,0,procedimiento,0,0.57,0,0
349,10452,1,2,4026,1,0,0,0,1,2,0,0,procedimiento,0,0.56,0,0
349,10453,10,4,4816,1,1,0,0,0,0,0,0,conceptual,0,0.45,1,0
349,10454,19,1,2372,1,0,0,0,0,3,0,0,aleatorio,1,0.35,2,0
349,10455,11,3,5859,2,1,0,0,0,1,0,1,aleatorio,1,0.24,3,0
349,10456,17,3,5140,2,1,0,0,0,3,0,1,aleatorio,1,0.15,4,0
349,10457,15,2,3923,2,1,2,0,0,1,0,0,inatencion,1,0.15,5,0
349,10458,18,1,2623,1,1,0,0,1,2,0,0,procedimiento,0,0.52,0,0
349,10459,14,1,1981,2,0,0,1,0,2,0,0,aleatorio,0,0.42,1,0
349,10460,5,1,2505,2,0,0,0,0,0,0,0,conceptual,1,0.31,2,0
349,10461,1,2,3574,1,1,1,0,0,0,0,0,aleatorio,1,0.2,3,0
349,10462,11,1,3821,1,0,0,0,1,2,41,0,procedimiento,1,0.5,0,0
349,10463,5,4,10620,1,0,0,0,1,3,966,0,procedimiento,1,0.45,0,1
349,10464,6,2,4711,1,0,0,0,1,4,308,0,procedimiento,1,0.49,0,0
349,10465,19,3,6579,3,0,0,0,0,2,351,0,inatencion,1,0.38,1,0
349,10466,1,2,3680,1,0,0,0,1,1,229,0,procedimiento,1,0.47,0,0
349,10467,4,3,5577,2,0,0,0,0,2,199,0,inatencion,1,0.37,1,0
349,10468,13,1,3006,1,0,0,0,1,1,472,0,procedimiento,1,0.46,0,0
349,10469,19,2,4862,1,0,0,0,0,0,5,0,procedimiento,1,0.35,1,0
349,10470,9,2,3795,1,0,0,0,0,0,189,1,procedimiento,1,0.25,2,0
350,10471,11,3,4342,1,1,0,0,0,2,0,0,aleatorio,0,0.4,1,0
350,10472,4,3,3189,1,0,0,0,0,1,113,0,consigna,1,0.3,2,0
350,10473,1,1,2530,1,0,0,0,0,3,231,4,aleatorio,1,0.19,3,0
350,10474,12,2,3812,1,1,1,0,0,0,113,0,inatencion,1,0.15,4,0
350,10475,16,2,3866,1,1,1,0,0,2,344,1,aleatorio,1,0.15,5,0
350,10476,10,3,3422,1,1,2,0,0,1,437,0,inatencion,1,0.15,6,0
350,10477,12,3,3015,1,1,0,0,1,4,1,0,procedimiento,1,0.47,0,0
350,10478,1,4,6036,2,0,0,0,0,3,283,0,inatencion,1,0.37,1,0
350,10479,18,4,4094,1,0,0,0,1,3,9,0,procedimiento,1,0.46,0,0
350,10480,3,2,3768,1,1,0,0,0,3,167,0,inatencion,1,0.36,1,0
350,10481,6,4,5850,1,1,0,0,0,3,531,0,consigna,1,0.25,2,0
350,10482,7,1,1940,1,0,0,1,1,0,437,0,procedimiento,1,0.45,0,0
350,10483,15,1,2741,1,0,0,0,1,2,87,0,procedimiento,1,0.44,0,0
350,10484,13,2,3373,1,0,0,0,0,1,416,0,conceptual,1,0.34,1,0
350,10485,8,4,4145,1,0,0,0,0,0,1520,0,conceptual,1,0.23,2,0
350,10486,7,3,4127,1,0,0,0,0,0,1337,0,inatencion,1,0.15,3,0
350,10487,11,2,3542,2,0,0,0,0,3,226,2,inatencion,1,0.15,4,0
350,10488,11,1,1935,1,0,0,1,1,0,272,0,procedimiento,1,0.42,0,0
350,10489,16,1,2668,3,0,0,0,0,1,269,0,conceptual,1,0.31,1,0
350,10490,1,4,4386,1,1,0,0,0,4,582,0,procedimiento,1,0.21,2,0
350,10491,4,4,4683,1,0,0,0,0,3,401,1,inatencion,1,0.15,3,0
350,10492,6,1,3394,2,0,0,0,0,1,137,0,aleatorio,1,0.15,4,0
350,10493,10,3,4498,3,1,0,0,0,0,882,0,inatencion,1,0.15,5,0
350,10494,10,2,3603,1,1,0,0,1,4,531,0,procedimiento,1,0.39,0,0
350,10495,13,1,2631,1,0,0,0,0,6,9,1,inatencion,1,0.28,1,0
350,10496,5,1,2237,2,0,0,0,0,5,192,0,procedimiento,1,0.18,2,0
350,10497,16,3,3644,2,1,2,0,0,2,24,1,aleatorio,1,0.15,3,0
350,10498,12,4,6862,1,0,0,0,1,4,432,2,procedimiento,1,0.37,0,0
350,10499,3,2,5229,1,1,0,0,0,1,85,0,conceptual,1,0.26,1,0
350,10500,17,1,2208,1,0,0,0,0,1,1686,4,aleatorio,1,0.16,2,0
351,10501,9,2,3298,1,1,0,0,1,0,0,0,procedimiento,0,0.86,0,0
351,10502,19,2,3564,1,0,0,0,1,0,0,0,procedimiento,0,0.85,0,0
351,10503,6,1,1866,1,0,0,1,0,0,0,0,aleatorio,0,0.74,1,0
351,10504,12,2,2652,1,0,0,0,0,0,0,0,procedimiento,1,0.64,2,0
351,10505,2,2,3175,1,0,0,0,1,0,0,0,procedimiento,0,0.83,0,0
351,10506,7,2,3448,2,0,0,0,0,0,0,0,procedimiento,0,0.72,1,0
351,10507,18,2,2947,1,0,0,0,1,0,0,0,procedimiento,0,0.81,0,0
351,10508,19,2,3512,2,0,0,0,0,0,0,0,conceptual,0,0.7,1,0
351,10509,6,3,4593,1,1,0,0,1,0,0,0,procedimiento,0,0.79,0,0
351,10510,4,3,5399,2,1,0,0,0,0,0,0,procedimiento,0,0.68,1,0
351,10511,3,2,3562,1,1,0,0,1,0,0,0,procedimiento,0,0.78,0,0
351,10512,7,1,2193,3,0,0,0,0,0,0,0,aleatorio,0,0.67,1,0
351,10513,3,2,3545,1,0,0,0,1,0,0,0,procedimiento,0,0.76,0,0
351,10514,6,3,4013,2,0,0,0,0,0,0,0,inatencion,0,0.65,1,0
351,10515,16,2,4215,1,0,0,0,1,0,0,0,procedimiento,0,0.74,0,0
351,10516,5,3,3108,1,0,0,0,0,0,0,0,procedimiento,0,0.63,1,0
351,10517,14,2,4047,1,0,0,0,0,0,0,1,consigna,1,0.52,2,0
351,10518,11,4,5119,1,0,0,0,0,0,0,1,inatencion,1,0.4,3,0
351,10519,13,1,1955,2,0,0,1,0,0,0,0,aleatorio,1,0.31,4,0
351,10520,17,1,2355,1,0,0,0,1,0,0,0,procedimiento,0,0.7,0,0
351,10521,3,3,5577,2,0,0,0,0,0,0,0,conceptual,0,0.59,1,0
351,10522,2,1,2772,3,0,0,0,0,0,0,0,procedimiento,1,0.48,2,0
351,10523,15,3,6580,1,0,0,0,0,0,0,0,aleatorio,1,0.37,3,0
351,10524,15,3,3968,1,1,1,0,0,0,0,0,aleatorio,1,0.26,4,0
351,10525,7,2,4844,2,0,0,0,0,0,0,1,aleatorio,1,0.16,5,0
351,10526,13,3,6872,1,0,0,0,1,0,0,0,procedimiento,0,0.65,0,0
351,10527,10,4,8569,1,0,0,0,0,0,0,0,conceptual,0,0.54,1,0
351,10528,6,2,4161,1,0,0,0,1,0,0,0,procedimiento,0,0.63,0,0
351,10529,15,3,5173,2,0,0,0,0,0,0,0,procedimiento,0,0.52,1,0
351,10530,8,2,5841,1,0,0,0,1,0,0,0,procedimiento,0,0.61,0,0
352,10531,16,3,4217,1,0,0,0,0,0,0,0,procedimiento,0,0.69,1,0
352,10532,14,1,1804,1,0,0,1,0,0,0,0,aleatorio,1,0.58,2,0
352,10533,1,2,2933,1,1,0,0,1,0,0,0,procedimiento,0,0.77,0,0
352,10534,18,3,3345,1,0,0,0,1,0,0,0,procedimiento,0,0.76,0,0
352,10535,8,2,3484,1,0,0,0,1,0,0,0,procedimiento,0,0.76,0,0
352,10536,3,3,3325,1,0,0,0,1,0,0,0,procedimiento,0,0.75,0,0
352,10537,11,2,3985,1,0,0,0,1,0,0,0,procedimiento,0,0.74,0,0
352,10538,5,3,4988,1,1,0,0,1,0,0,0,procedimiento,0,0.73,0,0
352,10539,5,3,5023,1,0,0,0,1,0,0,0,procedimiento,0,0.73,0,0
352,10540,1,1,1968,1,0,0,1,1,0,0,0,procedimiento,0,0.72,0,0
352,10541,11,1,2830,1,1,2,0,1,0,0,0,procedimiento,0,0.71,0,0
352,10542,17,1,2901,1,0,0,0,1,0,0,0,procedimiento,0,0.7,0,0
352,10543,8,3,4094,1,0,0,0,1,0,0,0,procedimiento,0,0.69,0,0
352,10544,17,2,3493,1,0,0,0,1,0,0,0,procedimiento,0,0.69,0,0
352,10545,11,2,3474,1,0,0,0,1,0,0,0,procedimiento,0,0.68,0,0
352,10546,5,1,2125,1,0,0,0,1,0,0,0,procedimiento,0,0.67,0,0
352,10547,15,4,5332,1,1,2,0,1,0,0,0,procedimiento,0,0.66,0,0
352,10548,3,2,2775,1,1,0,0,1,0,0,0,procedimiento,0,0.65,0,0
352,10549,14,2,3272,3,1,0,0,0,0,0,0,inatencion,0,0.55,1,0
352,10550,15,3,5122,1,1,0,0,0,0,0,2,inatencion,1,0.44,2,0
352,10551,4,2,3154,1,0,0,0,1,0,0,0,procedimiento,0,0.63,0,0
352,10552,9,4,4317,1,0,0,0,1,0,0,0,procedimiento,0,0.62,0,0
352,10553,7,2,2710,1,1,1,0,1,0,0,0,procedimiento,0,0.61,0,0
352,10554,2,2,4105,2,0,0,0,0,0,0,0,procedimiento,0,0.51,1,0
352,10555,10,2,3118,1,0,0,0,1,0,0,0,procedimiento,0,0.6,0,0
352,10556,14,1,2723,2,0,0,0,0,2,0,0,inatencion,0,0.49,1,0
352,10557,14,2,3085,2,0,0,0,0,1,0,0,conceptual,1,0.38,2,0
352,10558,1,4,7064,1,0,0,0,1,0,0,0,procedimiento,0,0.58,0,0
352,10559,13,3,4782,1,0,0,0,1,1,0,0,procedimiento,0,0.57,0,0
352,10560,8,3,5556,2,1,0,0,0,2,0,0,consigna,0,0.46,1,0
353,10561,16,3,3335,1,1,0,0,0,0,0,0,conceptual,0,0.63,1,0
353,10562,13,2,2903,2,0,0,0,0,0,0,0,procedimiento,1,0.52,2,0
353,10563,14,2,2843,1,0,0,0,0,0,0,0,inatencion,1,0.4,3,0
353,10564,14,3,2219,1,1,0,0,0,0,0,1,inatencion,1,0.3,4,0
353,10565,7,2,2289,3,1,0,0,0,0,0,0,inatencion,1,0.2,5,0
353,10566,8,2,2707,2,0,0,0,0,0,0,0,aleatorio,1,0.15,6,0
353,10567,4,2,2335,1,0,0,0,0,0,0,0,aleatorio,1,0.15,7,0
353,10568,7,1,1963,1,0,0,1,1,0,0,0,procedimiento,0,0.67,0,0
353,10569,14,4,3346,1,0,0,0,0,0,0,0,procedimiento,0,0.57,1,0
353,10570,13,2,2695,1,0,0,0,1,0,0,0,procedimiento,0,0.66,0,0
353,10571,6,1,1651,1,0,0,1,0,0,0,0,aleatorio,0,0.55,1,0
353,10572,4,1,1463,1,1,1,1,1,0,0,0,procedimiento,0,0.65,0,0
353,10573,10,1,1252,2,0,0,1,0,0,0,0,inatencion,0,0.54,1,0
353,10574,16,3,2780,2,1,2,0,0,0,0,0,procedimiento,1,0.43,2,0
353,10575,14,3,3596,1,1,0,0,0,0,0,0,inatencion,1,0.32,3,0
353,10576,4,3,2706,1,0,0,0,1,0,0,0,procedimiento,0,0.62,0,0
353,10577,2,3,2316,2,0,0,0,0,0,0,0,inatencion,0,0.51,1,0
353,10578,3,2,1916,2,1,0,1,0,0,0,0,aleatorio,1,0.4,2,0
353,10579,18,1,1727,1,0,0,1,1,1,0,0,procedimiento,0,0.59,0,0
353,10580,17,1,1299,1,0,0,1,1,2,0,0,procedimiento,0,0.59,0,0
353,10581,3,2,2865,1,0,0,0,0,3,0,0,consigna,0,0.48,1,0
353,10582,9,3,3286,1,0,0,0,1,0,0,0,procedimiento,0,0.57,0,0
353,10583,8,3,3678,1,0,0,0,1,1,0,0,procedimiento,0,0.57,0,0
353,10584,11,3,4567,2,0,0,0,0,1,0,0,conceptual,0,0.46,1,0
353,10585,4,2,2611,1,0,0,0,0,3,0,1,consigna,1,0.35,2,0
353,10586,14,1,2566,1,0,0,0,0,1,0,1,aleatorio,1,0.24,3,0
353,10587,18,2,2771,1,1,0,0,0,2,0,2,inatencion,1,0.15,4,0
353,10588,3,2,2209,1,1,0,0,0,0,0,1,inatencion,1,0.15,5,0
353,10589,12,2,2225,1,0,0,0,1,1,0,0,procedimiento,0,0.52,0,0
353,10590,16,3,4803,1,0,0,0,1,0,0,0,procedimiento,0,0.51,0,0
354,10591,16,2,2143,1,0,0,0,0,0,0,0,inatencion,0,0.63,1,0
354,10592,6,4,3957,1,1,0,0,1,0,0,0,procedimiento,0,0.73,0,0
354,10593,6,2,2915,3,0,0,0,0,0,0,0,consigna,0,0.62,1,0
354,10594,17,3,3054,1,0,0,0,1,0,0,0,procedimiento,0,0.71,0,0
354,10595,2,1,1541,2,0,0,1,0,0,0,0,aleatorio,0,0.6,1,0
354,10596,9,4,3713,1,1,0,0,1,0,0,0,procedimiento,0,0.7,0,0
354,10597,14,3,4060,2,0,0,0,0,0,0,0,procedimiento,0,0.59,1,0
354,10598,3,1,1820,1,0,0,1,1,0,0,0,procedimiento,0,0.68,0,0
354,10599,9,3,3854,1,0,0,0,1,0,0,0,procedimiento,0,0.68,0,0
354,10600,12,2,2324,3,0,0,0,0,0,0,0,procedimiento,0,0.57,1,0
354,10601,8,2,3069,1,0,0,0,0,0,0,0,procedimiento,1,0.46,2,0
354,10602,2,3,4088,2,0,0,0,0,0,0,0,inatencion,1,0.35,3,0
354,10603,6,3,4442,1,0,0,0,1,0,0,0,procedimiento,0,0.65,0,0
354,10604,17,2,3261,1,0,0,0,1,0,0,0,procedimiento,0,0.64,0,0
354,10605,19,3,3106,1,1,0,0,0,0,0,0,inatencion,0,0.53,1,0
354,10606,9,1,1961,1,0,0,1,0,0,0,1,inatencion,1,0.42,2,0
354,10607,12,2,2435,1,1,0,0,0,0,0,0,aleatorio,1,0.32,3,0
354,10608,19,3,3363,1,1,0,0,0,0,0,1,inatencion,1,0.21,4,0
354,10609,3,1,1517,1,1,1,1,0,0,0,1,aleatorio,1,0.15,5,0
354,10610,1,1,2086,1,0,0,0,1,0,0,0,procedimiento,0,0.59,0,0
354,10611,3,1,2005,1,0,0,0,1,1,0,0,procedimiento,0,0.59,0,0
354,10612,9,2,3318,1,0,0,0,1,3,0,0,procedimiento,0,0.58,0,0
354,10613,7,2,3121,1,1,0,0,1,2,0,0,procedimiento,0,0.57,0,0
354,10614,10,2,3868,1,0,0,0,1,2,0,0,procedimiento,0,0.57,0,0
354,10615,3,4,3814,1,1,0,0,1,0,0,0,procedimiento,0,0.56,0,0
354,10616,4,3,4517,1,1,0,0,0,0,0,0,inatencion,0,0.45,1,0
354,10617,15,1,2199,1,0,0,0,1,1,0,0,procedimiento,0,0.54,0,0
354,10618,19,2,4709,1,1,0,0,1,0,0,0,procedimiento,0,0.54,0,0
354,10619,11,3,4216,2,0,0,0,0,0,0,0,conceptual,0,0.43,1,0
354,10620,3,4,7433,1,1,1,0,1,1,0,0,procedimiento,0,0.52,0,0
355,10621,16,3,2937,1,0,0,0,1,0,0,0,procedimiento,0,0.7,0,0
355,10622,10,2,2535,1,1,0,0,1,0,0,0,procedimiento,0,0.7,0,0
355,10623,14,2,1951,3,1,0,1,0,0,0,0,inatencion,0,0.59,1,0
355,10624,1,1,1264,1,0,0,1,1,0,0,0,procedimiento,0,0.68,0,0
355,10625,10,2,2219,1,1,0,0,0,0,0,0,conceptual,0,0.58,1,0
355,10626,18,1,1245,1,0,0,1,1,0,0,0,procedimiento,0,0.67,0,0
355,10627,18,2,2501,1,0,0,0,0,0,0,0,consigna,0,0.56,1,0
355,10628,18,3,2552,1,0,0,0,1,0,0,0,procedimiento,0,0.66,0,0
355,10629,19,3,3508,1,0,0,0,0,0,0,0,conceptual,0,0.55,1,0
355,10630,16,4,4071,1,0,0,0,0,0,0,2,conceptual,1,0.44,2,0
355,10631,14,1,1686,1,0,0,1,1,0,0,0,procedimiento,0,0.63,0,0
355,10632,7,4,3770,1,0,0,0,0,0,0,0,conceptual,0,0.53,1,0
355,10633,9,3,2776,1,1,1,0,0,0,0,0,procedimiento,1,0.42,2,0
355,10634,4,3,3376,2,1,0,0,0,0,0,0,aleatorio,1,0.31,3,0
355,10635,14,3,3668,1,0,0,0,0,0,0,0,inatencion,1,0.21,4,0
355,10636,7,3,3167,1,0,0,0,0,1,0,2,inatencion,1,0.15,5,0
355,10637,13,1,1281,1,1,1,1,0,0,0,0,inatencion,1,0.15,6,0
355,10638,7,2,2196,3,1,1,0,0,1,0,0,inatencion,1,0.15,7,0
355,10639,6,3,2446,2,1,0,0,0,1,0,0,inatencion,1,0.15,8,0
355,10640,19,4,2872,2,0,0,0,0,0,0,4,aleatorio,1,0.15,9,0
355,10641,9,2,2370,1,0,0,0,0,0,0,1,inatencion,1,0.15,10,0
355,10642,6,3,4122,2,1,0,0,0,2,0,3,inatencion,1,0.15,11,0
355,10643,15,3,3869,2,1,0,0,0,2,0,1,aleatorio,1,0.15,12,0
355,10644,13,2,2631,1,0,0,0,0,0,0,0,aleatorio,1,0.15,13,0
355,10645,3,2,3590,1,0,0,0,0,0,0,0,inatencion,1,0.15,14,0
355,10646,19,2,2179,2,1,3,0,0,1,0,1,inatencion,1,0.15,15,0
355,10647,16,2,2960,2,1,2,0,0,2,0,1,inatencion,1,0.15,16,0
355,10648,19,2,2758,2,0,0,0,0,4,0,2,aleatorio,1,0.15,17,0
355,10649,18,3,4732,1,1,0,0,0,3,0,1,inatencion,1,0.15,18,0
355,10650,7,1,1474,1,0,0,1,0,1,0,1,aleatorio,1,0.15,19,0
356,10651,5,1,3010,1,1,0,0,1,0,0,0,procedimiento,0,0.87,0,0
356,10652,14,3,4921,2,1,1,0,0,0,0,0,conceptual,0,0.76,1,0
356,10653,1,1,2436,1,0,0,0,1,0,0,0,procedimiento,0,0.85,0,0
356,10654,15,2,3913,1,1,2,0,0,0,0,0,procedimiento,0,0.74,1,0
356,10655,9,4,7156,1,1,0,0,0,0,0,0,aleatorio,1,0.63,2,0
356,10656,8,2,4381,1,0,0,0,1,0,0,0,procedimiento,0,0.82,0,0
356,10657,3,3,4666,1,0,0,0,1,0,0,0,procedimiento,0,0.82,0,0
356,10658,3,2,2743,2,0,0,0,0,0,0,0,conceptual,0,0.71,1,0
356,10659,15,3,3609,3,0,0,0,0,0,0,1,inatencion,1,0.6,2,0
356,10660,9,2,4003,1,0,0,0,1,0,0,0,procedimiento,0,0.79,0,0
356,10661,3,2,2803,1,0,0,0,1,0,0,0,procedimiento,0,0.78,0,0
356,10662,6,3,3952,1,0,0,0,1,0,0,0,procedimiento,0,0.77,0,0
356,10663,19,3,5494,1,0,0,0,1,0,0,0,procedimiento,0,0.76,0,0
356,10664,2,2,2974,2,0,0,0,0,0,0,0,inatencion,0,0.65,1,0
356,10665,9,3,5622,1,0,0,0,1,0,0,0,procedimiento,0,0.75,0,0
356,10666,15,2,3945,1,0,0,0,1,0,0,0,procedimiento,0,0.74,0,0
356,10667,12,2,3155,1,1,1,0,1,0,0,0,procedimiento,0,0.73,0,0
356,10668,10,3,4130,2,1,0,0,0,0,0,0,conceptual,0,0.62,1,0
356,10669,19,3,3940,1,0,0,0,1,0,0,0,procedimiento,0,0.71,0,0
356,10670,9,3,5528,3,0,0,0,0,0,0,0,procedimiento,0,0.6,1,0
356,10671,12,3,3863,1,1,0,0,0,0,0,0,procedimiento,1,0.49,2,0
356,10672,10,4,5324,1,1,0,0,1,0,0,0,procedimiento,0,0.69,0,0
356,10673,6,2,4417,2,0,0,0,0,0,0,0,inatencion,0,0.58,1,0
356,10674,6,4,7648,1,0,0,0,1,0,0,0,procedimiento,0,0.67,0,0
356,10675,11,3,7047,1,1,0,0,0,0,0,0,inatencion,0,0.56,1,0
356,10676,13,1,2997,1,0,0,0,1,0,0,0,procedimiento,0,0.65,0,0
356,10677,1,1,3162,1,1,0,0,0,0,0,0,inatencion,0,0.54,1,0
356,10678,6,4,9488,1,0,0,0,0,0,0,1,procedimiento,1,0.43,2,0
356,10679,19,3,5350,1,0,0,0,1,0,0,0,procedimiento,0,0.62,0,0
356,10680,11,3,6077,3,0,0,0,0,0,0,0,consigna,0,0.52,1,0
357,10681,5,1,2721,1,1,0,0,1,0,0,0,procedimiento,0,0.98,0,0
357,10682,9,3,4503,1,0,0,0,1,0,0,0,procedimiento,0,0.98,0,0
357,10683,7,3,3158,1,0,0,0,0,0,0,0,consigna,0,0.87,1,0
357,10684,17,1,2303,3,0,0,0,0,0,0,0,procedimiento,1,0.76,2,0
357,10685,5,1,2553,1,0,0,0,1,0,0,0,procedimiento,0,0.95,0,0
357,10686,13,2,3319,1,0,0,0,1,0,0,0,procedimiento,0,0.94,0,0
357,10687,12,3,4620,1,1,0,0,1,0,0,0,procedimiento,0,0.93,0,0
357,10688,7,3,4337,1,0,0,0,1,0,0,0,procedimiento,0,0.92,0,0
357,10689,3,3,4822,1,0,0,0,1,0,0,0,procedimiento,0,0.91,0,0
357,10690,18,2,3978,2,1,0,0,0,0,0,0,conceptual,0,0.8,1,0
357,10691,7,2,2685,1,0,0,0,1,0,0,0,procedimiento,0,0.89,0,0
357,10692,15,2,4015,1,0,0,0,1,0,0,0,procedimiento,0,0.88,0,0
357,10693,11,2,3117,3,0,0,0,0,0,0,0,inatencion,0,0.77,1,0
357,10694,10,2,2529,1,0,0,0,0,0,0,0,conceptual,1,0.66,2,0
357,10695,19,3,4545,3,1,0,0,0,0,0,1,aleatorio,1,0.4,3,0
357,10696,7,3,4711,1,1,0,0,0,0,0,1,inatencion,1,0.4,4,0
357,10697,19,3,4162,1,1,1,0,1,0,0,0,procedimiento,0,0.83,0,0
357,10698,8,3,3669,2,0,0,0,0,0,0,0,inatencion,0,0.72,1,0
357,10699,10,4,6264,1,0,0,0,1,0,0,0,procedimiento,0,0.81,0,0
357,10700,2,1,3003,1,0,0,0,1,0,0,0,procedimiento,0,0.8,0,0
357,10701,5,2,3208,1,0,0,0,0,0,0,0,procedimiento,0,0.69,1,0
357,10702,18,3,4069,1,1,0,0,0,0,0,0,procedimiento,1,0.58,2,0
357,10703,7,3,6789,1,0,0,0,1,0,0,0,procedimiento,0,0.77,0,0
357,10704,4,2,3908,1,0,0,0,1,0,0,0,procedimiento,0,0.76,0,0
357,10705,16,3,5829,1,0,0,0,0,0,0,0,conceptual,0,0.65,1,0
357,10706,1,3,6404,1,0,0,0,1,0,0,0,procedimiento,0,0.74,0,0
357,10707,8,1,3219,1,0,0,0,0,0,0,0,consigna,0,0.63,1,0
357,10708,9,4,5664,1,0,0,0,1,0,0,0,procedimiento,0,0.72,0,0
357,10709,7,1,4196,3,0,0,0,0,0,0,0,procedimiento,0,0.61,1,0
357,10710,6,3,5186,1,0,0,0,1,0,0,0,procedimiento,0,0.7,0,0
358,10711,13,2,3794,1,0,0,0,1,0,0,0,procedimiento,0,0.6,0,0
358,10712,14,1,2500,1,0,0,0,1,0,0,0,procedimiento,0,0.59,0,0
358,10713,11,3,4438,1,0,0,0,1,4,0,0,procedimiento,0,0.59,0,0
358,10714,8,2,2846,1,1,0,0,1,1,0,0,procedimiento,0,0.58,0,0
358,10715,8,4,5918,1,0,0,0,1,0,0,0,procedimiento,0,0.58,0,0
358,10716,5,2,3426,1,0,0,0,1,1,0,0,procedimiento,0,0.57,0,0
358,10717,1,2,3783,1,0,0,0,1,2,0,0,procedimiento,0,0.56,0,0
358,10718,4,3,4084,1,0,0,0,0,1,0,0,procedimiento,0,0.46,1,0
358,10719,18,2,3233,1,0,0,0,0,3,0,0,conceptual,1,0.35,2,0
358,10720,6,2,4315,2,1,0,0,0,0,0,0,inatencion,1,0.25,3,0
358,10721,17,3,3463,1,0,0,0,1,0,0,0,procedimiento,0,0.54,0,0
358,10722,15,3,5060,3,1,1,0,0,1,0,0,inatencion,0,0.43,1,0
358,10723,17,3,5539,2,0,0,0,0,0,0,2,conceptual,1,0.33,2,0
358,10724,10,4,5872,1,0,0,0,1,0,0,0,procedimiento,0,0.52,0,0
358,10725,11,2,3480,2,0,0,0,0,0,0,0,consigna,0,0.42,1,0
358,10726,10,2,3718,1,0,0,0,0,4,0,0,inatencion,1,0.31,2,0
358,10727,4,2,3476,1,1,0,0,1,0,0,0,procedimiento,0,0.5,0,0
358,10728,14,4,6317,2,0,0,0,0,0,499,0,procedimiento,1,0.4,1,0
358,10729,10,4,4854,1,0,0,0,1,1,401,0,procedimiento,1,0.49,0,0
358,10730,5,4,5372,3,1,0,0,0,0,30,0,inatencion,1,0.39,1,0
358,10731,13,2,3932,1,0,0,0,0,1,1069,1,procedimiento,1,0.28,2,0
358,10732,17,1,4139,1,0,0,0,1,1,47,0,procedimiento,1,0.47,0,0
358,10733,15,1,3990,1,0,0,0,1,1,24,0,procedimiento,1,0.47,0,0
358,10734,8,3,5615,1,1,2,0,1,0,63,0,procedimiento,1,0.46,0,0
358,10735,5,1,3278,1,0,0,0,1,0,868,0,procedimiento,1,0.46,0,0
358,10736,19,2,2883,1,0,0,0,1,2,731,0,procedimiento,1,0.45,0,0
358,10737,12,4,9770,2,0,0,0,0,3,886,0,procedimiento,1,0.34,1,0
358,10738,11,2,2867,1,1,0,0,0,2,154,2,consigna,1,0.24,2,0
358,10739,10,3,3694,2,0,0,0,0,1,51,0,aleatorio,1,0.15,3,0
358,10740,3,1,4054,1,0,0,0,1,1,24,0,procedimiento,1,0.43,0,0
359,10741,16,4,3556,3,1,1,0,0,0,0,0,conceptual,0,0.62,1,0
359,10742,4,2,1917,1,1,1,1,1,0,0,0,procedimiento,0,0.71,0,0
359,10743,2,3,2383,1,0,0,0,0,0,0,0,conceptual,0,0.6,1,0
359,10744,17,4,3256,2,0,0,0,0,0,0,1,aleatorio,1,0.5,2,0
359,10745,16,3,3071,1,0,0,0,0,0,0,1,aleatorio,1,0.39,3,0
359,10746,19,3,1873,1,1,0,1,0,0,0,0,aleatorio,1,0.28,4,0
359,10747,6,3,1844,2,0,0,1,0,0,0,2,inatencion,1,0.18,5,0
359,10748,13,1,1413,1,0,0,1,1,0,0,0,procedimiento,0,0.67,0,0
359,10749,4,2,1846,1,0,0,1,0,0,0,0,aleatorio,0,0.56,1,0
359,10750,8,2,2385,1,0,0,0,0,0,0,1,conceptual,1,0.45,2,0
359,10751,8,4,2664,1,0,0,0,1,0,0,0,procedimiento,0,0.65,0,0
359,10752,14,4,3252,1,1,2,0,0,0,0,0,inatencion,0,0.54,1,0
359,10753,13,1,1559,1,0,0,1,1,0,0,0,procedimiento,0,0.63,0,0
359,10754,9,2,2476,1,0,0,0,0,0,0,0,procedimiento,0,0.53,1,0
359,10755,17,4,2715,1,1,0,0,1,0,0,0,procedimiento,0,0.62,0,0
359,10756,4,3,2021,1,1,0,0,1,0,0,0,procedimiento,0,0.61,0,0
359,10757,11,2,1647,1,0,0,1,1,0,0,0,procedimiento,0,0.6,0,0
359,10758,7,3,1928,1,1,3,1,0,1,0,0,aleatorio,0,0.5,1,0
359,10759,13,4,2767,1,1,0,0,0,0,0,0,conceptual,1,0.39,2,0
359,10760,4,2,1603,2,0,0,1,0,2,0,2,inatencion,1,0.28,3,0
359,10761,12,4,3686,1,1,0,0,0,3,0,0,inatencion,1,0.18,4,0
359,10762,15,3,2809,1,1,0,0,0,3,0,1,aleatorio,1,0.15,5,0
359,10763,19,3,2615,2,1,0,0,0,2,0,0,inatencion,1,0.15,6,0
359,10764,5,3,4542,1,1,0,0,1,2,0,0,procedimiento,0,0.55,0,0
359,10765,13,4,4133,1,0,0,0,1,2,0,0,procedimiento,0,0.55,0,0
359,10766,6,1,1780,1,1,2,1,1,2,0,0,procedimiento,0,0.54,0,0
359,10767,2,2,2183,3,1,1,0,0,1,0,0,procedimiento,0,0.43,1,0
359,10768,2,1,1958,1,0,0,1,1,3,0,0,procedimiento,0,0.52,0,0
359,10769,2,2,2482,1,1,0,0,1,1,0,0,procedimiento,0,0.52,0,0
359,10770,7,2,2280,1,0,0,0,1,2,0,0,procedimiento,0,0.51,0,0
360,10771,16,3,3259,1,0,0,0,1,1,0,0,procedimiento,0,0.55,0,0
360,10772,9,1,1440,1,0,0,1,1,2,0,0,procedimiento,0,0.55,0,0
360,10773,12,3,3472,1,0,0,0,0,3,0,0,inatencion,0,0.44,1,0
360,10774,5,3,3446,2,0,0,0,0,0,0,2,consigna,1,0.34,2,0
360,10775,8,2,2555,1,0,0,0,1,1,0,0,procedimiento,0,0.53,0,0
360,10776,1,1,1916,1,0,0,1,1,1,0,0,procedimiento,0,0.52,0,0
360,10777,12,4,4258,1,0,0,0,1,0,0,0,procedimiento,0,0.52,0,0
360,10778,7,4,3786,1,0,0,0,0,0,0,0,aleatorio,0,0.41,1,0
360,10779,2,1,1527,1,0,0,1,1,0,0,0,procedimiento,0,0.51,0,0
360,10780,7,2,2155,1,0,0,0,1,1,0,0,procedimiento,0,0.5,0,0
360,10781,10,3,2612,1,1,0,0,0,0,648,0,conceptual,1,0.4,1,0
360,10782,3,2,2675,1,0,0,0,0,1,392,0,conceptual,1,0.29,2,0
360,10783,13,3,2128,1,0,0,0,1,1,87,0,procedimiento,1,0.49,0,0
360,10784,4,3,3407,1,1,0,0,1,4,0,0,procedimiento,1,0.48,0,0
360,10785,5,2,1795,1,0,0,1,1,2,16,0,procedimiento,1,0.48,0,0
360,10786,6,4,3065,3,0,0,0,0,1,119,0,procedimiento,1,0.37,1,0
360,10787,13,2,2062,2,1,2,0,0,0,1348,1,procedimiento,1,0.26,2,0
360,10788,10,3,3699,2,0,0,0,0,2,210,0,inatencion,1,0.16,3,0
360,10789,5,3,2994,3,0,0,0,0,0,479,0,inatencion,1,0.15,4,0
360,10790,10,2,1829,3,0,0,1,0,2,227,1,aleatorio,1,0.15,5,0
360,10791,16,4,3420,3,1,0,0,0,1,823,0,inatencion,1,0.15,6,0
360,10792,9,2,2759,1,0,0,0,1,3,733,0,procedimiento,1,0.44,0,0
360,10793,19,1,1758,1,0,0,1,1,2,168,0,procedimiento,1,0.43,0,0
360,10794,16,3,3299,1,1,0,0,0,2,765,0,conceptual,1,0.33,1,0
360,10795,9,2,3203,1,0,0,0,0,1,159,0,inatencion,1,0.22,2,0
360,10796,7,2,2718,1,1,0,0,1,2,450,0,procedimiento,1,0.41,0,0
360,10797,12,2,3249,1,1,0,0,1,1,189,0,procedimiento,1,0.41,0,0
360,10798,2,2,2508,3,1,0,0,0,1,544,0,conceptual,1,0.3,1,0
360,10799,15,1,2731,3,0,0,0,0,4,121,0,inatencion,1,0.2,2,0
360,10800,17,2,3175,3,1,0,0,0,1,46,2,aleatorio,1,0.15,3,0
361,10801,14,3,1923,3,1,0,1,0,0,0,0,inatencion,0,0.68,1,0
361,10802,18,2,1511,1,0,0,1,0,0,0,0,inatencion,1,0.57,2,0
361,10803,6,3,2969,1,0,0,0,0,0,0,1,inatencion,1,0.4,3,0
361,10804,2,2,1743,1,1,0,1,0,0,0,0,inatencion,1,0.36,4,0
361,10805,1,2,1819,1,0,0,1,1,0,0,0,procedimiento,0,0.75,0,0
361,10806,7,2,1962,1,1,0,1,0,0,0,0,inatencion,0,0.64,1,0
361,10807,12,3,3111,2,0,0,0,0,0,0,1,consigna,1,0.53,2,0
361,10808,8,3,2416,1,1,0,0,0,0,0,1,inatencion,1,0.4,3,0
361,10809,12,4,2736,1,1,1,0,0,0,0,1,inatencion,1,0.32,4,0
361,10810,8,3,2519,1,1,0,0,0,0,0,0,inatencion,1,0.21,5,0
361,10811,4,3,2517,1,1,0,0,1,0,0,0,procedimiento,0,0.7,0,0
361,10812,3,1,1150,1,0,0,1,1,0,0,0,procedimiento,0,0.7,0,0
361,10813,10,2,1530,1,1,0,1,0,0,0,0,aleatorio,0,0.59,1,0
361,10814,13,4,3197,1,1,0,0,0,0,0,1,conceptual,1,0.48,2,0
361,10815,3,3,1944,1,1,0,1,0,0,0,0,inatencion,1,0.37,3,0
361,10816,3,1,1451,1,0,0,1,0,0,0,1,inatencion,1,0.26,4,0
361,10817,18,3,2161,1,0,0,0,0,0,0,1,inatencion,1,0.16,5,0
361,10818,12,2,2236,1,0,0,0,1,0,0,0,procedimiento,0,0.65,0,0
361,10819,8,3,2058,2,1,3,0,0,0,0,0,inatencion,0,0.54,1,0
361,10820,12,1,1108,3,1,0,1,0,0,0,0,inatencion,1,0.43,2,0
361,10821,10,4,3273,1,1,0,0,1,0,0,0,procedimiento,0,0.62,0,0
361,10822,11,3,2573,1,0,0,0,0,0,0,0,conceptual,0,0.52,1,0
361,10823,11,3,3934,1,0,0,0,1,0,0,0,procedimiento,0,0.61,0,0
361,10824,19,2,2196,1,0,0,0,0,0,0,0,conceptual,0,0.5,1,0
361,10825,18,2,2629,1,0,0,0,1,3,0,0,procedimiento,0,0.59,0,0
361,10826,18,1,1496,1,0,0,1,1,0,0,0,procedimiento,0,0.59,0,0
361,10827,16,4,4873,1,1,0,0,0,0,0,0,conceptual,0,0.48,1,0
361,10828,7,2,2650,2,1,3,0,0,0,0,0,inatencion,1,0.37,2,0
361,10829,14,2,2734,1,0,0,0,0,0,0,2,inatencion,1,0.26,3,0
361,10830,18,4,4169,1,0,0,0,0,1,0,2,inatencion,1,0.15,4,0
362,10831,15,1,1560,1,1,2,1,1,0,0,0,procedimiento,0,0.67,0,0
362,10832,14,2,1640,1,0,0,1,0,0,0,0,aleatorio,0,0.56,1,0
362,10833,13,1,1587,3,0,0,1,0,0,0,0,aleatorio,1,0.45,2,0
362,10834,17,1,1603,1,1,0,1,0,0,0,1,inatencion,1,0.35,3,0
362,10835,8,3,2723,2,1,0,0,0,0,0,1,inatencion,1,0.24,4,0
362,10836,13,2,2627,1,0,0,0,1,0,0,0,procedimiento,0,0.63,0,0
362,10837,4,2,1975,1,1,1,1,1,0,0,0,procedimiento,0,0.63,0,0
362,10838,16,3,3080,1,1,0,0,1,0,0,0,procedimiento,0,0.62,0,0
362,10839,15,1,1499,1,0,0,1,1,0,0,0,procedimiento,0,0.61,0,0
362,10840,4,3,3111,1,1,0,0,0,0,0,0,procedimiento,0,0.51,1,0
362,10841,1,2,2486,1,0,0,0,0,1,0,0,consigna,1,0.4,2,0
362,10842,8,3,2604,1,1,0,0,0,1,0,1,inatencion,1,0.29,3,0
362,10843,13,4,3093,1,1,0,0,0,1,0,1,aleatorio,1,0.19,4,0
362,10844,8,4,3224,1,0,0,0,1,0,0,0,procedimiento,0,0.58,0,0
362,10845,2,4,4195,2,1,0,0,0,1,0,0,inatencion,0,0.47,1,0
362,10846,14,3,3525,2,1,0,0,0,1,0,2,conceptual,1,0.37,2,0
362,10847,16,1,1496,1,0,0,1,1,1,0,0,procedimiento,0,0.56,0,0
362,10848,3,2,1695,1,0,0,1,0,1,0,0,aleatorio,0,0.45,1,0
362,10849,3,2,1784,1,0,0,1,0,1,0,0,aleatorio,1,0.35,2,0
362,10850,10,2,2291,1,0,0,0,1,2,0,0,procedimiento,0,0.54,0,0
362,10851,19,1,1424,1,0,0,1,1,0,0,0,procedimiento,0,0.53,0,0
362,10852,5,4,5650,1,0,0,0,0,2,0,0,inatencion,0,0.43,1,1
362,10853,14,4,4313,3,1,0,0,0,1,0,1,inatencion,1,0.32,2,0
362,10854,7,2,2017,1,0,0,0,1,1,0,0,procedimiento,0,0.51,0,0
362,10855,9,1,1781,1,1,0,1,1,1,0,0,procedimiento,0,0.51,0,0
362,10856,11,2,2463,1,0,0,0,0,2,568,0,aleatorio,1,0.4,1,0
362,10857,4,3,2597,3,1,1,0,0,4,1330,1,procedimiento,1,0.29,2,0
362,10858,16,3,3142,2,0,0,0,0,2,70,0,inatencion,1,0.19,3,0
362,10859,4,1,2612,2,0,0,0,0,2,226,0,inatencion,1,0.15,4,0
362,10860,6,2,2364,2,0,0,0,0,1,104,2,inatencion,1,0.15,5,0
363,10861,3,3,4938,1,0,0,0,1,0,0,0,procedimiento,0,0.91,0,0
363,10862,3,2,3307,1,1,1,0,1,0,0,0,procedimiento,0,0.9,0,0
363,10863,15,3,4540,1,0,0,0,1,0,0,0,procedimiento,0,0.89,0,0
363,10864,13,2,2984,1,1,0,0,1,0,0,0,procedimiento,0,0.89,0,0
363,10865,19,3,5241,1,1,2,0,1,0,0,0,procedimiento,0,0.88,0,0
363,10866,9,2,3668,1,0,0,0,0,0,0,0,inatencion,0,0.77,1,0
363,10867,2,3,4161,1,0,0,0,1,0,0,0,procedimiento,0,0.86,0,0
363,10868,10,4,7130,3,0,0,0,0,0,0,0,inatencion,0,0.75,1,0
363,10869,5,1,3202,3,0,0,0,0,0,0,0,conceptual,1,0.64,2,0
363,10870,2,1,2846,1,0,0,0,1,0,0,0,procedimiento,0,0.83,0,0
363,10871,16,2,3827,1,1,0,0,0,0,0,0,consigna,0,0.72,1,0
363,10872,16,2,4613,2,1,2,0,0,0,0,0,conceptual,1,0.61,2,0
363,10873,7,2,4201,1,0,0,0,0,0,0,0,inatencion,1,0.4,3,0
363,10874,13,2,4034,1,0,0,0,0,0,0,0,inatencion,1,0.39,4,0
363,10875,13,3,4947,2,1,0,0,0,0,0,0,inatencion,1,0.28,5,0
363,10876,6,3,5036,1,0,0,0,1,0,0,0,procedimiento,0,0.78,0,0
363,10877,18,3,5257,1,0,0,0,0,0,0,0,conceptual,0,0.67,1,0
363,10878,10,1,2126,3,0,0,0,0,0,0,0,consigna,1,0.56,2,0
363,10879,13,2,3471,3,0,0,0,0,0,0,0,inatencion,1,0.4,3,0
363,10880,5,3,5168,1,1,1,0,0,0,0,0,aleatorio,1,0.34,4,0
363,10881,10,2,4308,1,0,0,0,0,0,0,1,aleatorio,1,0.23,5,0
363,10882,17,2,4579,1,0,0,0,0,0,0,0,inatencion,1,0.15,6,0
363,10883,11,1,4604,1,0,0,0,1,0,0,0,procedimiento,0,0.71,0,0
363,10884,11,4,6709,2,0,0,0,0,0,0,0,aleatorio,0,0.6,1,0
363,10885,14,4,7247,1,1,0,0,0,0,0,0,aleatorio,1,0.49,2,0
363,10886,14,4,7041,1,1,0,0,0,0,0,0,inatencion,1,0.38,3,0
363,10887,9,3,6445,3,0,0,0,0,0,0,0,inatencion,1,0.28,4,0
363,10888,11,1,2621,1,0,0,0,1,0,0,0,procedimiento,0,0.67,0,0
363,10889,14,2,5709,1,0,0,0,1,0,0,0,procedimiento,0,0.66,0,0
363,10890,16,1,3845,1,0,0,0,1,0,0,0,procedimiento,0,0.65,0,0
364,10891,2,2,2072,1,1,0,0,0,0,0,0,inatencion,0,0.54,1,0
364,10892,16,2,2725,1,0,0,0,1,0,0,0,procedimiento,0,0.64,0,0
364,10893,14,4,3177,1,0,0,0,1,0,0,0,procedimiento,0,0.63,0,0
364,10894,11,3,2469,1,0,0,0,1,0,0,0,procedimiento,0,0.62,0,0
364,10895,11,1,1404,1,0,0,1,1,0,0,0,procedimiento,0,0.62,0,0
364,10896,4,4,3354,1,0,0,0,1,0,0,0,procedimiento,0,0.61,0,0
364,10897,16,1,1227,1,0,0,1,1,0,0,0,procedimiento,0,0.6,0,0
364,10898,9,1,1724,1,0,0,1,0,2,0,0,inatencion,0,0.5,1,0
364,10899,3,2,1773,1,0,0,1,1,1,0,0,procedimiento,0,0.59,0,0
364,10900,4,1,1891,1,0,0,1,1,3,0,0,procedimiento,0,0.58,0,0
364,10901,9,2,2750,1,0,0,0,1,2,0,0,procedimiento,0,0.58,0,0
364,10902,16,1,1342,1,0,0,1,1,2,0,0,procedimiento,0,0.57,0,0
364,10903,12,1,1451,3,1,0,1,0,2,0,0,inatencion,0,0.46,1,0
364,10904,3,2,2758,1,1,0,0,1,2,0,0,procedimiento,0,0.56,0,0
364,10905,9,2,2594,1,1,0,0,1,1,0,0,procedimiento,0,0.55,0,0
364,10906,9,2,2267,1,0,0,0,1,4,0,0,procedimiento,0,0.55,0,0
364,10907,1,2,2439,1,0,0,0,1,1,0,0,procedimiento,0,0.54,0,0
364,10908,2,4,4296,1,0,0,0,0,1,0,0,consigna,0,0.43,1,0
364,10909,17,2,2232,3,1,1,0,0,2,0,0,conceptual,1,0.33,2,0
364,10910,17,2,2631,1,0,0,0,1,0,0,0,procedimiento,0,0.52,0,0
364,10911,7,4,3924,1,0,0,0,1,1,0,0,procedimiento,0,0.51,0,0
364,10912,5,3,2422,1,0,0,0,0,0,0,0,procedimiento,0,0.41,1,0
364,10913,19,3,3276,1,1,1,0,1,0,0,0,procedimiento,0,0.5,0,0
364,10914,3,3,4984,3,1,0,0,0,1,516,0,conceptual,1,0.39,1,0
364,10915,19,1,2757,1,0,0,0,0,3,49,1,inatencion,1,0.29,2,0
364,10916,3,4,5556,2,1,1,0,0,2,905,0,inatencion,1,0.18,3,0
364,10917,5,2,2601,1,0,0,0,1,3,177,0,procedimiento,1,0.47,0,0
364,10918,17,1,1733,1,0,0,1,1,0,473,0,procedimiento,1,0.47,0,0
364,10919,3,2,2433,2,0,0,0,0,1,49,0,inatencion,1,0.36,1,0
364,10920,7,4,4665,1,1,1,0,1,1,208,0,procedimiento,1,0.46,0,0
365,10921,17,4,6731,1,1,0,0,0,2,0,0,procedimiento,0,0.44,1,0
365,10922,19,1,2113,1,0,0,0,1,2,0,0,procedimiento,0,0.53,0,0
365,10923,14,1,2844,1,0,0,0,1,2,0,0,procedimiento,0,0.53,0,0
365,10924,8,4,7287,1,1,0,0,1,0,0,0,procedimiento,0,0.52,0,0
365,10925,6,2,4349,2,1,1,0,0,3,0,0,consigna,0,0.42,1,0
365,10926,2,2,3878,1,1,1,0,0,2,0,2,inatencion,1,0.31,2,0
365,10927,17,4,6813,1,1,0,0,1,0,0,0,procedimiento,0,0.51,0,0
365,10928,9,1,2631,1,0,0,0,0,0,0,0,inatencion,0,0.4,1,0
365,10929,18,1,3032,2,0,0,0,0,2,161,0,aleatorio,1,0.3,2,0
365,10930,11,3,4018,1,1,2,0,1,0,1130,0,procedimiento,1,0.49,0,0
365,10931,5,2,4452,1,0,0,0,1,3,1387,0,procedimiento,1,0.49,0,0
365,10932,10,2,4100,1,0,0,0,0,3,328,0,procedimiento,1,0.38,1,0
365,10933,3,2,2793,1,0,0,0,0,1,26,2,inatencion,1,0.27,2,0
365,10934,9,1,2470,1,0,0,0,0,2,148,1,aleatorio,1,0.17,3,0
365,10935,7,3,4899,2,0,0,0,0,0,553,1,inatencion,1,0.15,4,0
365,10936,17,1,2053,1,0,0,0,0,0,120,1,inatencion,1,0.15,5,0
365,10937,9,1,2717,1,0,0,0,0,2,319,1,inatencion,1,0.15,6,0
365,10938,18,3,3919,2,1,0,0,0,1,325,2,aleatorio,1,0.15,7,0
365,10939,8,1,2467,2,0,0,0,0,3,147,0,inatencion,1,0.15,8,0
365,10940,16,3,4823,1,1,0,0,1,1,6,0,procedimiento,1,0.44,0,0
365,10941,13,3,4435,1,1,2,0,1,1,139,0,procedimiento,1,0.43,0,0
365,10942,9,2,4085,2,1,3,0,0,4,479,0,procedimiento,1,0.33,1,0
365,10943,17,1,2668,1,0,0,0,0,2,757,0,procedimiento,1,0.22,2,0
365,10944,16,2,3430,1,0,0,0,1,1,496,0,procedimiento,1,0.42,0,0
365,10945,6,2,4005,1,0,0,0,1,2,168,0,procedimiento,1,0.41,0,0
365,10946,8,1,3153,1,1,1,0,0,2,37,0,aleatorio,1,0.3,1,0
365,10947,6,3,8292,1,1,0,0,1,3,1105,2,procedimiento,1,0.4,0,0
365,10948,16,1,3442,2,1,2,0,0,0,225,2,conceptual,1,0.29,1,0
365,10949,19,1,2225,2,0,0,0,0,1,59,1,inatencion,1,0.19,2,0
365,10950,6,2,5373,2,0,0,0,0,1,498,1,inatencion,1,0.15,3,0
366,10951,8,3,3295,1,0,0,0,0,0,0,0,conceptual,0,0.42,1,0
366,10952,14,1,1696,1,0,0,1,1,0,0,0,procedimiento,0,0.52,0,0
366,10953,8,1,2054,1,0,0,0,1,1,0,0,procedimiento,0,0.51,0,0
366,10954,14,3,3107,3,0,0,0,0,1,0,0,inatencion,0,0.41,1,0
366,10955,16,2,3499,2,0,0,0,0,3,0,0,conceptual,1,0.3,2,0
366,10956,10,2,3418,2,0,0,0,0,4,84,0,inatencion,1,0.2,3,0
366,10957,18,4,4108,1,1,0,0,0,2,135,2,inatencion,1,0.15,4,0
366,10958,17,3,3347,2,1,0,0,0,2,260,1,inatencion,1,0.15,5,0
366,10959,16,1,1915,2,0,0,1,0,2,35,3,inatencion,1,0.15,6,0
366,10960,5,2,3291,1,0,0,0,1,0,112,0,procedimiento,1,0.47,0,0
366,10961,14,3,4949,1,0,0,0,0,0,654,0,consigna,1,0.37,1,0
366,10962,11,2,3144,1,0,0,0,1,2,485,0,procedimiento,1,0.46,0,0
366,10963,14,1,2112,2,0,0,0,0,1,140,0,consigna,1,0.36,1,0
366,10964,4,1,1754,3,0,0,1,0,2,132,1,aleatorio,1,0.25,2,0
366,10965,6,2,2700,1,0,0,0,0,1,360,1,inatencion,1,0.15,3,0
366,10966,6,3,3023,2,1,1,0,0,0,791,1,aleatorio,1,0.15,4,0
366,10967,1,4,5201,3,1,0,0,0,3,400,0,inatencion,1,0.15,5,0
366,10968,11,1,2087,1,0,0,0,1,4,814,0,procedimiento,1,0.43,0,0
366,10969,7,1,2759,3,0,0,0,0,3,40,0,procedimiento,1,0.33,1,0
366,10970,10,2,2692,1,0,0,0,1,1,558,0,procedimiento,1,0.42,0,0
366,10971,5,1,2415,1,0,0,0,1,1,145,0,procedimiento,1,0.42,0,0
366,10972,4,4,6959,1,0,0,0,1,4,434,0,procedimiento,1,0.41,0,0
366,10973,1,4,8820,1,1,0,0,0,2,413,0,procedimiento,1,0.31,1,0
366,10974,4,3,4995,1,0,0,0,1,2,1215,0,procedimiento,1,0.4,0,0
366,10975,5,2,4102,1,1,0,0,0,1,80,1,inatencion,1,0.3,1,0
366,10976,16,2,4251,2,0,0,0,0,2,990,1,inatencion,1,0.19,2,0
366,10977,18,3,6735,2,0,0,0,0,3,92,1,inatencion,1,0.15,3,0
366,10978,3,2,4359,2,0,0,0,0,2,78,1,inatencion,1,0.15,4,0
366,10979,17,3,5482,1,0,0,0,0,6,409,2,inatencion,1,0.15,5,0
366,10980,12,4,4799,1,1,0,0,0,3,1234,0,inatencion,1,0.15,6,0
367,10981,11,1,2549,1,0,0,0,1,1,427,3,procedimiento,1,0.33,0,0
367,10982,2,1,2962,1,0,0,0,0,1,482,0,procedimiento,1,0.23,1,0
367,10983,4,2,3214,2,0,0,0,0,3,164,1,inatencion,1,0.15,2,0
367,10984,1,4,6577,1,1,0,0,0,1,91,3,aleatorio,1,0.15,3,0
367,10985,4,3,5675,1,0,0,0,0,5,1272,2,inatencion,1,0.15,4,0
367,10986,1,2,3330,1,1,0,0,0,2,268,1,aleatorio,1,0.15,5,0
367,10987,18,3,4453,3,0,0,0,0,3,525,1,aleatorio,1,0.15,6,0
367,10988,5,3,4698,1,0,0,0,0,5,982,0,inatencion,1,0.15,7,0
367,10989,15,2,3095,2,0,0,0,0,2,582,0,inatencion,1,0.15,8,0
367,10990,15,1,2394,1,0,0,0,1,1,83,1,procedimiento,1,0.3,0,0
367,10991,9,4,6472,1,1,1,0,0,3,35,3,procedimiento,1,0.2,1,0
367,10992,7,2,2928,2,0,0,0,0,1,287,0,inatencion,1,0.15,2,0
367,10993,13,1,2569,1,1,1,0,0,2,578,3,aleatorio,1,0.15,3,0
367,10994,10,1,2138,1,0,0,0,1,5,2110,2,procedimiento,1,0.29,0,0
367,10995,9,2,3408,1,0,0,0,1,1,76,0,procedimiento,1,0.29,0,0
367,10996,14,1,3271,1,0,0,0,0,3,332,1,inatencion,1,0.18,1,0
367,10997,4,1,2756,1,0,0,0,1,4,116,0,procedimiento,1,0.28,0,0
367,10998,11,3,5573,1,1,1,0,1,2,479,1,procedimiento,1,0.28,0,0
367,10999,8,3,3439,1,1,2,0,1,2,886,1,procedimiento,1,0.27,0,0
367,11000,18,3,5614,1,1,1,0,0,1,952,0,consigna,1,0.17,1,0
367,11001,16,1,2437,1,0,0,0,0,2,840,2,inatencion,1,0.15,2,0
367,11002,19,3,5378,1,1,0,0,0,1,19,0,inatencion,1,0.15,3,0
367,11003,6,3,4778,1,0,0,0,1,3,468,1,procedimiento,1,0.26,0,0
367,11004,13,3,5763,2,0,0,0,0,3,1176,1,procedimiento,1,0.16,1,0
367,11005,12,3,6753,3,1,0,0,0,4,1162,1,conceptual,1,0.15,2,0
367,11006,17,1,3743,1,0,0,0,1,2,163,2,procedimiento,1,0.25,0,0
367,11007,13,1,3672,2,0,0,0,0,3,1722,1,procedimiento,1,0.15,1,0
367,11008,17,3,6402,1,1,0,0,0,2,1049,0,consigna,1,0.15,2,0
367,11009,15,2,4281,1,1,1,0,0,4,35,2,aleatorio,1,0.15,3,0
367,11010,2,2,6905,1,1,0,0,0,3,817,0,aleatorio,1,0.15,4,0
368,11011,17,4,4278,3,0,0,0,0,0,0,0,inatencion,0,0.5,1,0
368,11012,18,2,3199,2,1,0,0,0,2,0,1,inatencion,1,0.4,2,0
368,11013,13,3,2954,1,0,0,0,1,0,0,0,procedimiento,0,0.59,0,0
368,11014,4,1,2295,1,0,0,0,1,5,0,0,procedimiento,0,0.58,0,0
368,11015,11,4,4670,2,0,0,0,0,5,0,0,consigna,0,0.48,1,0
368,11016,12,2,1920,2,0,0,1,0,2,0,2,inatencion,1,0.37,2,0
368,11017,19,4,4134,1,0,0,0,1,1,0,0,procedimiento,0,0.57,0,0
368,11018,5,1,2309,1,0,0,0,1,1,0,0,procedimiento,0,0.56,0,0
368,11019,13,3,4017,1,0,0,0,1,1,0,0,procedimiento,0,0.55,0,0
368,11020,2,3,3375,1,0,0,0,0,1,0,0,procedimiento,0,0.45,1,0
368,11021,14,1,1536,1,0,0,1,1,0,0,0,procedimiento,0,0.54,0,0
368,11022,6,4,3544,2,1,0,0,0,0,0,0,conceptual,0,0.44,1,0
368,11023,9,3,3376,2,0,0,0,0,0,0,1,aleatorio,1,0.33,2,0
368,11024,1,4,4503,1,1,0,0,0,4,0,1,inatencion,1,0.22,3,0
368,11025,16,3,3293,1,1,1,0,0,1,0,1,inatencion,1,0.15,4,0
368,11026,1,4,4992,1,1,1,0,0,1,0,0,inatencion,1,0.15,5,0
368,11027,13,2,2927,1,0,0,0,1,0,0,0,procedimiento,0,0.51,0,0
368,11028,1,2,3055,1,0,0,0,0,2,0,0,conceptual,0,0.4,1,0
368,11029,9,3,3509,2,1,3,0,0,1,917,1,conceptual,1,0.29,2,0
368,11030,10,2,2761,1,0,0,0,0,1,181,3,inatencion,1,0.19,3,0
368,11031,8,3,4034,1,1,1,0,0,3,690,0,inatencion,1,0.15,4,0
368,11032,18,1,1830,1,0,0,1,1,4,202,0,procedimiento,1,0.48,0,0
368,11033,2,3,5045,1,1,0,0,0,0,557,0,procedimiento,1,0.37,1,0
368,11034,1,3,4721,1,0,0,0,0,5,321,0,procedimiento,1,0.26,2,0
368,11035,19,2,2740,2,0,0,0,0,1,214,2,aleatorio,1,0.16,3,0
368,11036,16,3,3048,2,1,0,0,0,0,146,1,inatencion,1,0.15,4,0
368,11037,17,3,3376,1,0,0,0,1,0,315,0,procedimiento,1,0.45,0,0
368,11038,17,1,2157,3,1,0,0,0,2,90,0,procedimiento,1,0.34,1,0
368,11039,9,2,2586,1,0,0,0,1,1,299,0,procedimiento,1,0.43,0,0
368,11040,16,2,3222,1,1,2,0,1,2,179,0,procedimiento,1,0.43,0,0
369,11041,16,1,2074,1,1,1,0,1,0,0,0,procedimiento,0,0.74,0,0
369,11042,19,3,3603,2,1,0,0,0,0,0,0,procedimiento,0,0.63,1,0
369,11043,14,4,4514,1,0,0,0,1,0,0,0,procedimiento,0,0.73,0,0
369,11044,16,4,4408,1,0,0,0,1,0,0,0,procedimiento,0,0.72,0,0
369,11045,10,2,2750,1,1,1,0,0,0,0,0,procedimiento,0,0.61,1,0
369,11046,3,3,3190,1,1,1,0,0,0,0,0,inatencion,1,0.51,2,0
369,11047,13,1,1981,2,0,0,1,0,0,0,0,aleatorio,1,0.4,3,0
369,11048,15,1,1777,1,0,0,1,1,0,0,0,procedimiento,0,0.69,0,0
369,11049,9,1,2160,1,0,0,0,0,0,0,0,inatencion,0,0.58,1,0
369,11050,10,4,4105,2,0,0,0,0,0,0,0,conceptual,1,0.48,2,0
369,11051,13,3,3442,1,0,0,0,0,0,0,0,inatencion,1,0.37,3,0
369,11052,12,3,2603,1,0,0,0,0,0,0,0,aleatorio,1,0.26,4,0
369,11053,12,4,4293,2,1,0,0,0,0,0,1,inatencion,1,0.15,5,0
369,11054,4,1,1708,1,0,0,1,1,0,0,0,procedimiento,0,0.65,0,0
369,11055,8,2,2397,1,0,0,0,1,0,0,0,procedimiento,0,0.64,0,0
369,11056,19,3,2724,1,0,0,0,0,0,0,0,inatencion,0,0.53,1,0
369,11057,16,3,2857,2,0,0,0,0,0,0,0,inatencion,1,0.42,2,0
369,11058,2,3,3014,2,1,2,0,0,0,0,0,inatencion,1,0.32,3,0
369,11059,12,4,4008,2,0,0,0,0,0,0,0,inatencion,1,0.21,4,0
369,11060,5,3,3825,1,1,2,0,0,0,0,0,inatencion,1,0.15,5,0
369,11061,10,2,2571,3,0,0,0,0,0,0,0,inatencion,1,0.15,6,0
369,11062,1,2,3042,1,0,0,0,0,2,0,4,aleatorio,1,0.15,7,0
369,11063,7,4,4127,1,1,0,0,1,1,0,0,procedimiento,0,0.58,0,0
369,11064,9,2,2605,1,0,0,0,0,2,0,0,conceptual,0,0.47,1,0
369,11065,17,2,2725,2,0,0,0,0,0,0,0,procedimiento,1,0.36,2,0
369,11066,15,3,3611,3,0,0,0,0,0,0,0,aleatorio,1,0.26,3,0
369,11067,16,2,4205,2,0,0,0,0,1,0,0,aleatorio,1,0.15,4,0
369,11068,3,2,2852,2,1,1,0,0,2,0,1,inatencion,1,0.15,5,0
369,11069,16,2,3261,1,1,0,0,0,2,0,0,aleatorio,1,0.15,6,0
369,11070,3,4,4882,2,0,0,0,0,3,0,2,inatencion,1,0.15,7,0
370,11071,4,1,3274,1,0,0,0,1,0,0,0,procedimiento,0,0.83,0,0
370,11072,1,1,2196,1,0,0,0,1,0,0,0,procedimiento,0,0.83,0,0
370,11073,3,3,6119,2,1,1,0,0,0,0,0,conceptual,0,0.72,1,0
370,11074,17,3,4805,1,1,0,0,1,0,0,0,procedimiento,0,0.81,0,0
370,11075,17,2,4539,1,0,0,0,1,0,0,0,procedimiento,0,0.8,0,0
370,11076,7,3,4098,2,1,1,0,0,0,0,0,consigna,0,0.69,1,0
370,11077,4,4,6285,1,1,0,0,0,0,0,1,aleatorio,1,0.58,2,0
370,11078,7,3,3779,2,0,0,0,0,0,0,2,inatencion,1,0.4,3,0
370,11079,4,1,3452,1,0,0,0,1,0,0,0,procedimiento,0,0.77,0,0
370,11080,14,2,3067,3,1,0,0,0,0,0,0,inatencion,0,0.66,1,0
370,11081,7,3,4508,3,1,3,0,0,0,0,1,consigna,1,0.55,2,0
370,11082,1,2,3171,1,0,0,0,1,0,0,0,procedimiento,0,0.74,0,0
370,11083,1,3,4592,2,1,0,0,0,0,0,0,consigna,0,0.63,1,0
370,11084,5,1,3145,1,0,0,0,1,0,0,0,procedimiento,0,0.73,0,0
370,11085,17,3,5766,1,1,0,0,0,0,0,0,consigna,0,0.62,1,0
370,11086,18,1,2318,1,1,2,0,0,0,0,0,consigna,1,0.51,2,0
370,11087,2,2,4587,2,0,0,0,0,0,0,1,inatencion,1,0.4,3,0
370,11088,14,3,5643,2,0,0,0,0,0,0,0,aleatorio,1,0.29,4,0
370,11089,5,2,4132,1,0,0,0,1,0,0,0,procedimiento,0,0.68,0,0
370,11090,4,1,2852,1,0,0,0,0,0,0,0,procedimiento,0,0.58,1,0
370,11091,2,3,3647,1,1,0,0,0,0,0,0,inatencion,1,0.47,2,0
370,11092,19,4,9859,1,0,0,0,0,0,0,0,inatencion,1,0.36,3,0
370,11093,17,2,4042,3,1,0,0,0,0,0,1,inatencion,1,0.25,4,0
370,11094,16,3,5183,2,0,0,0,0,0,0,2,aleatorio,1,0.15,5,0
370,11095,11,1,3495,2,0,0,0,0,0,0,1,aleatorio,1,0.15,6,0
370,11096,7,2,5351,3,0,0,0,0,0,0,1,inatencion,1,0.15,7,0
370,11097,4,3,7540,2,1,0,0,0,0,0,2,inatencion,1,0.15,8,0
370,11098,4,1,2289,1,1,0,0,1,0,0,0,procedimiento,0,0.61,0,0
370,11099,14,2,4753,3,0,0,0,0,0,0,0,inatencion,0,0.5,1,0
370,11100,9,4,9527,1,1,0,0,1,0,0,0,procedimiento,0,0.59,0,0
371,11101,18,1,3015,1,0,0,0,1,1,0,0,procedimiento,0,0.5,0,0
371,11102,7,2,4208,3,0,0,0,0,2,587,0,conceptual,1,0.4,1,0
371,11103,15,4,6463,1,0,0,0,0,4,1142,0,inatencion,1,0.29,2,0
371,11104,10,3,3773,1,0,0,0,1,2,453,0,procedimiento,1,0.49,0,0
371,11105,5,3,4306,1,1,1,0,0,1,108,0,conceptual,1,0.38,1,0
371,11106,18,4,5582,1,1,1,0,1,2,266,0,procedimiento,1,0.48,0,0
371,11107,3,3,4410,1,1,3,0,0,2,268,0,consigna,1,0.37,1,0
371,11108,11,4,6258,1,0,0,0,1,2,310,0,procedimiento,1,0.47,0,0
371,11109,17,3,4203,2,0,0,0,0,2,68,0,procedimiento,1,0.36,1,0
371,11110,2,1,3274,1,0,0,0,1,0,117,0,procedimiento,1,0.46,0,0
371,11111,18,1,2932,1,0,0,0,1,1,131,0,procedimiento,1,0.45,0,0
371,11112,9,3,3601,3,0,0,0,0,2,1088,0,inatencion,1,0.35,1,0
371,11113,5,1,2355,1,1,0,0,1,0,364,0,procedimiento,1,0.44,0,0
371,11114,3,1,2731,1,0,0,0,1,3,68,0,procedimiento,1,0.44,0,0
371,11115,16,3,4255,1,0,0,0,1,3,400,0,procedimiento,1,0.43,0,0
371,11116,2,2,3180,1,0,0,0,0,1,40,0,inatencion,1,0.33,1,0
371,11117,18,2,3412,1,1,0,0,0,1,59,0,procedimiento,1,0.22,2,0
371,11118,13,1,2852,2,0,0,0,0,2,1971,0,aleatorio,1,0.15,3,0
371,11119,12,2,3710,1,0,0,0,1,1,13,0,procedimiento,1,0.41,0,0
371,11120,10,2,3315,1,1,1,0,0,1,272,0,inatencion,1,0.31,1,0
371,11121,10,4,5308,3,1,0,0,0,2,516,2,consigna,1,0.2,2,0
371,11122,17,2,5743,2,1,0,0,0,7,45,1,inatencion,1,0.15,3,0
371,11123,19,1,3020,1,0,0,0,1,3,171,2,procedimiento,1,0.39,0,0
371,11124,13,4,5609,2,0,0,0,0,3,541,0,procedimiento,1,0.29,1,0
371,11125,1,4,8860,1,0,0,0,0,1,593,0,conceptual,1,0.18,2,0
371,11126,11,1,3341,1,0,0,0,0,4,182,1,inatencion,1,0.15,3,0
371,11127,15,3,5060,1,1,1,0,1,0,220,0,procedimiento,1,0.37,0,0
371,11128,9,1,4992,1,0,0,0,1,2,383,1,procedimiento,1,0.37,0,0
371,11129,11,3,8178,2,1,0,0,0,1,526,1,inatencion,1,0.26,1,0
371,11130,2,2,5519,1,0,0,0,1,1,1133,1,procedimiento,1,0.36,0,0
372,11131,3,2,3901,1,0,0,0,0,4,0,0,conceptual,0,0.44,1,0
372,11132,4,2,3311,1,1,1,0,1,1,0,0,procedimiento,0,0.53,0,0
372,11133,14,2,3170,1,0,0,0,1,2,0,0,procedimiento,0,0.53,0,0
372,11134,13,2,2915,1,0,0,0,1,0,0,0,procedimiento,0,0.52,0,0
372,11135,12,4,6170,1,0,0,0,0,4,0,0,inatencion,0,0.42,1,0
372,11136,2,3,4666,1,1,0,0,0,2,0,1,procedimiento,1,0.31,2,0
372,11137,9,2,2573,1,0,0,0,0,0,0,0,inatencion,1,0.2,3,0
372,11138,9,3,3373,1,1,0,0,0,0,1115,3,aleatorio,1,0.15,4,0
372,11139,9,1,2673,2,0,0,0,0,1,851,2,aleatorio,1,0.15,5,0
372,11140,18,1,1931,2,0,0,1,0,1,150,4,inatencion,1,0.15,6,0
372,11141,7,1,2059,1,0,0,0,1,2,1877,0,procedimiento,1,0.48,0,0
372,11142,7,1,1737,1,0,0,1,1,2,1125,0,procedimiento,1,0.48,0,0
372,11143,13,2,3009,3,1,1,0,0,1,2243,0,consigna,1,0.37,1,0
372,11144,9,3,4534,3,1,1,0,0,3,62,0,inatencion,1,0.27,2,0
372,11145,4,1,2507,3,0,0,0,0,0,466,2,inatencion,1,0.16,3,0
372,11146,6,1,1767,1,0,0,1,1,1,694,0,procedimiento,1,0.46,0,0
372,11147,18,3,2863,1,0,0,0,1,2,28,0,procedimiento,1,0.45,0,0
372,11148,10,3,3206,2,1,0,0,0,0,464,0,consigna,1,0.35,1,0
372,11149,18,3,3233,1,1,0,0,0,4,673,1,inatencion,1,0.24,2,0
372,11150,13,1,2832,1,0,0,0,0,2,56,2,inatencion,1,0.15,3,0
372,11151,2,1,2371,1,0,0,0,1,2,872,0,procedimiento,1,0.43,0,0
372,11152,14,1,2048,1,1,0,0,1,2,676,0,procedimiento,1,0.42,0,0
372,11153,6,1,2535,2,0,0,0,0,2,1333,0,inatencion,1,0.32,1,0
372,11154,13,2,3906,1,0,0,0,0,5,288,1,inatencion,1,0.21,2,0
372,11155,4,2,4243,1,0,0,0,1,0,870,0,procedimiento,1,0.41,0,0
372,11156,4,4,6182,1,1,1,0,0,2,203,0,inatencion,1,0.3,1,0
372,11157,14,1,1979,1,1,1,1,1,0,3202,3,procedimiento,1,0.4,0,0
372,11158,17,2,3100,2,0,0,0,0,0,242,0,procedimiento,1,0.29,1,0
372,11159,6,1,2401,3,0,0,0,0,4,154,2,conceptual,1,0.19,2,0
372,11160,2,1,3165,2,0,0,0,0,0,611,0,aleatorio,1,0.15,3,0
373,11161,10,4,4365,1,0,0,0,1,0,0,0,procedimiento,0,0.84,0,0
373,11162,3,1,1790,1,0,0,1,1,0,0,0,procedimiento,0,0.84,0,0
373,11163,2,1,1717,1,0,0,1,1,0,0,0,procedimiento,0,0.83,0,0
373,11164,6,2,2296,1,0,0,0,1,0,0,0,procedimiento,0,0.82,0,0
373,11165,12,4,3880,1,0,0,0,1,0,0,0,procedimiento,0,0.81,0,0
373,11166,4,4,4585,1,0,0,0,1,0,0,0,procedimiento,0,0.8,0,0
373,11167,8,2,3001,1,1,2,0,1,0,0,0,procedimiento,0,0.79,0,0
373,11168,8,3,2794,1,0,0,0,0,0,0,0,procedimiento,0,0.68,1,0
373,11169,5,4,3341,2,1,0,0,0,0,0,1,procedimiento,1,0.58,2,0
373,11170,16,3,3209,1,0,0,0,1,0,0,0,procedimiento,0,0.77,0,0
373,11171,7,2,2396,1,0,0,0,1,0,0,0,procedimiento,0,0.76,0,0
373,11172,19,4,4030,1,0,0,0,1,0,0,0,procedimiento,0,0.75,0,0
373,11173,1,4,3624,2,0,0,0,0,0,0,0,procedimiento,0,0.64,1,0
373,11174,5,1,1889,1,0,0,1,1,0,0,0,procedimiento,0,0.73,0,0
373,11175,16,3,2504,1,0,0,0,1,0,0,0,procedimiento,0,0.73,0,0
373,11176,18,4,3640,1,1,0,0,1,0,0,0,procedimiento,0,0.72,0,0
373,11177,17,2,2656,2,0,0,0,0,0,0,0,consigna,0,0.61,1,0
373,11178,11,3,3008,2,0,0,0,0,0,0,0,inatencion,1,0.5,2,0
373,11179,9,3,3816,1,0,0,0,0,0,0,1,inatencion,1,0.39,3,0
373,11180,17,1,1730,1,0,0,1,1,0,0,0,procedimiento,0,0.68,0,0
373,11181,10,3,2495,1,0,0,0,1,0,0,0,procedimiento,0,0.67,0,0
373,11182,10,1,1807,1,1,0,1,0,0,0,0,inatencion,0,0.57,1,0
373,11183,11,1,2030,1,0,0,0,1,0,0,0,procedimiento,0,0.66,0,0
373,11184,17,1,1612,1,0,0,1,1,0,0,0,procedimiento,0,0.65,0,0
373,11185,18,2,3950,1,0,0,0,1,0,0,0,procedimiento,0,0.64,0,0
373,11186,1,3,4152,1,0,0,0,1,0,0,0,procedimiento,0,0.63,0,0
373,11187,3,4,3538,1,0,0,0,1,0,0,0,procedimiento,0,0.62,0,0
373,11188,11,2,3064,3,0,0,0,0,0,0,0,inatencion,0,0.52,1,0
373,11189,3,2,3117,1,1,0,0,0,0,0,0,consigna,1,0.41,2,0
373,11190,16,3,4401,3,1,0,0,0,0,0,0,inatencion,1,0.3,3,0
374,11191,3,2,2413,1,0,0,0,1,0,0,0,procedimiento,0,0.98,0,0
374,11192,6,1,2829,1,0,0,0,1,0,0,0,procedimiento,0,0.97,0,0
374,11193,2,3,4154,1,0,0,0,0,0,0,0,conceptual,0,0.86,1,0
374,11194,16,3,4295,1,1,0,0,0,0,0,0,conceptual,1,0.75,2,0
374,11195,11,1,2674,1,0,0,0,1,0,0,0,procedimiento,0,0.94,0,0
374,11196,10,2,3659,1,0,0,0,0,0,0,0,inatencion,0,0.83,1,0
374,11197,5,1,2185,1,1,0,0,0,0,0,1,procedimiento,1,0.72,2,0
374,11198,13,1,2120,2,0,0,0,0,0,0,0,inatencion,1,0.4,3,0
374,11199,8,2,3183,1,0,0,0,1,0,0,0,procedimiento,0,0.9,0,0
374,11200,7,3,4465,1,0,0,0,0,0,0,0,procedimiento,0,0.79,1,0
374,11201,15,3,3719,3,1,1,0,0,0,0,1,consigna,1,0.68,2,0
374,11202,2,2,3965,3,1,0,0,0,0,0,0,inatencion,1,0.4,3,0
374,11203,1,2,3674,1,0,0,0,0,0,0,0,inatencion,1,0.4,4,0
374,11204,10,3,4566,3,1,3,0,0,0,0,0,inatencion,1,0.35,5,0
374,11205,12,1,2180,1,0,0,0,1,0,0,0,procedimiento,0,0.84,0,0
374,11206,8,1,2061,1,0,0,0,1,0,0,0,procedimiento,0,0.83,0,0
374,11207,5,1,1707,1,0,0,1,1,0,0,0,procedimiento,0,0.82,0,0
374,11208,14,1,2242,1,0,0,0,1,0,0,0,procedimiento,0,0.81,0,0
374,11209,15,3,3687,2,0,0,0,0,0,0,0,procedimiento,0,0.7,1,0
374,11210,5,1,2018,1,0,0,0,1,0,0,0,procedimiento,0,0.79,0,0
374,11211,2,3,3656,1,0,0,0,1,0,0,0,procedimiento,0,0.78,0,0
374,11212,12,2,2535,3,0,0,0,0,0,0,0,inatencion,0,0.67,1,0
374,11213,6,3,5950,2,0,0,0,0,0,0,0,conceptual,1,0.56,2,0
374,11214,8,2,2897,1,0,0,0,0,0,0,0,aleatorio,1,0.4,3,0
374,11215,4,1,2973,1,0,0,0,1,0,0,0,procedimiento,0,0.74,0,0
374,11216,15,3,4035,2,1,0,0,0,0,0,0,inatencion,0,0.63,1,0
374,11217,13,2,4808,2,1,0,0,0,0,0,0,conceptual,1,0.52,2,0
374,11218,18,2,4628,1,0,0,0,1,0,0,0,procedimiento,0,0.71,0,0
374,11219,19,3,5067,2,0,0,0,0,0,0,0,inatencion,0,0.6,1,0
374,11220,15,3,4298,1,0,0,0,1,0,0,0,procedimiento,0,0.69,0,0
375,11221,4,2,3463,1,0,0,0,0,0,0,0,aleatorio,0,0.72,1,0
375,11222,11,2,3288,3,1,0,0,0,0,0,0,inatencion,1,0.61,2,0
375,11223,11,2,2848,3,0,0,0,0,0,0,1,inatencion,1,0.4,3,0
375,11224,17,2,3397,1,0,0,0,0,0,0,0,inatencion,1,0.39,4,0
375,11225,18,2,2439,1,0,0,0,1,0,0,0,procedimiento,0,0.79,0,0
375,11226,10,2,2929,3,0,0,0,0,0,0,0,procedimiento,0,0.68,1,0
375,11227,15,3,4299,1,0,0,0,1,0,0,0,procedimiento,0,0.77,0,0
375,11228,13,3,2902,1,1,1,0,0,0,0,0,inatencion,0,0.66,1,0
375,11229,8,2,3144,2,1,1,0,0,0,0,0,conceptual,1,0.55,2,0
375,11230,11,4,4254,3,1,0,0,0,0,0,1,inatencion,1,0.4,3,0
375,11231,18,4,4531,1,0,0,0,1,0,0,0,procedimiento,0,0.74,0,0
375,11232,13,3,2651,1,0,0,0,0,0,0,0,procedimiento,0,0.63,1,0
375,11233,6,4,4327,1,1,0,0,0,0,0,0,procedimiento,1,0.52,2,0
375,11234,8,2,3124,3,0,0,0,0,0,0,0,inatencion,1,0.4,3,0
375,11235,14,1,2365,1,0,0,0,1,0,0,0,procedimiento,0,0.7,0,0
375,11236,17,3,3483,3,1,0,0,0,0,0,0,consigna,0,0.6,1,0
375,11237,17,4,5047,1,1,0,0,0,0,0,1,conceptual,1,0.49,2,0
375,11238,11,3,3962,1,0,0,0,0,0,0,1,aleatorio,1,0.38,3,0
375,11239,5,3,3010,1,1,0,0,0,0,0,0,inatencion,1,0.27,4,0
375,11240,5,3,4592,1,0,0,0,1,0,0,0,procedimiento,0,0.66,0,0
375,11241,2,3,3401,1,1,0,0,0,0,0,0,procedimiento,0,0.56,1,0
375,11242,9,1,1911,1,0,0,1,1,0,0,0,procedimiento,0,0.65,0,0
375,11243,3,3,3218,1,0,0,0,0,0,0,0,inatencion,0,0.54,1,0
375,11244,2,4,5660,1,0,0,0,0,0,0,0,procedimiento,1,0.43,2,0
375,11245,4,4,5632,1,0,0,0,1,0,0,0,procedimiento,0,0.62,0,0
375,11246,18,2,2792,2,0,0,0,0,0,0,0,conceptual,0,0.51,1,0
375,11247,12,2,3543,1,0,0,0,1,0,0,0,procedimiento,0,0.61,0,0
375,11248,18,2,3005,1,0,0,0,0,1,0,0,consigna,0,0.5,1,0
375,11249,10,2,4638,1,0,0,0,1,1,0,0,procedimiento,0,0.59,0,0
375,11250,9,1,2575,1,0,0,0,1,0,0,0,procedimiento,0,0.58,0,0
376,11251,17,3,2591,1,0,0,0,0,0,0,0,aleatorio,0,0.54,1,0
376,11252,7,2,2259,1,0,0,0,0,0,0,1,conceptual,1,0.43,2,0
376,11253,7,1,1187,1,0,0,1,1,0,0,0,procedimiento,0,0.63,0,0
376,11254,5,2,2354,1,1,1,0,0,0,0,0,inatencion,0,0.52,1,0
376,11255,3,3,1928,1,1,0,1,0,0,0,2,aleatorio,1,0.41,2,0
376,11256,8,3,2880,1,0,0,0,1,0,0,0,procedimiento,0,0.61,0,0
376,11257,16,1,1534,1,0,0,1,1,0,0,0,procedimiento,0,0.6,0,0
376,11258,13,2,1578,1,0,0,1,1,2,0,0,procedimiento,0,0.59,0,0
376,11259,6,2,1469,1,0,0,1,1,0,0,0,procedimiento,0,0.59,0,0
376,11260,9,2,1601,1,0,0,1,1,1,0,0,procedimiento,0,0.58,0,0
376,11261,1,3,1975,1,0,0,1,0,1,0,0,aleatorio,0,0.48,1,0
376,11262,3,1,1328,1,0,0,1,1,1,0,0,procedimiento,0,0.57,0,0
376,11263,18,2,2318,1,0,0,0,0,1,0,0,consigna,0,0.46,1,0
376,11264,16,1,1209,1,0,0,1,1,1,0,0,procedimiento,0,0.56,0,0
376,11265,18,2,1730,1,0,0,1,1,0,0,0,procedimiento,0,0.55,0,0
376,11266,3,1,1526,1,1,0,1,1,2,0,0,procedimiento,0,0.54,0,0
376,11267,19,1,1460,1,1,0,1,0,3,0,0,inatencion,0,0.44,1,0
376,11268,8,3,2647,1,1,0,0,1,2,0,0,procedimiento,0,0.53,0,0
376,11269,8,4,2680,1,0,0,0,1,1,0,0,procedimiento,0,0.52,0,0
376,11270,18,4,3569,1,0,0,0,0,3,0,0,procedimiento,0,0.42,1,0
376,11271,18,3,1780,1,0,0,1,0,1,0,2,aleatorio,1,0.31,2,0
376,11272,14,1,2004,1,1,0,0,0,0,0,1,aleatorio,1,0.21,3,0
376,11273,16,3,3109,1,0,0,0,0,1,1231,0,inatencion,1,0.15,4,0
376,11274,13,2,1998,3,1,0,1,0,3,219,0,inatencion,1,0.15,5,0
376,11275,14,2,1856,3,0,0,1,0,3,478,2,inatencion,1,0.15,6,0
376,11276,6,2,2832,1,0,0,0,1,1,869,0,procedimiento,1,0.48,0,0
376,11277,9,2,3237,3,0,0,0,0,1,58,0,conceptual,1,0.37,1,0
376,11278,14,2,2086,2,0,0,0,0,3,952,4,inatencion,1,0.27,2,0
376,11279,4,2,2332,2,0,0,0,0,2,110,1,inatencion,1,0.16,3,0
376,11280,7,1,1923,1,0,0,1,0,3,403,0,inatencion,1,0.15,4,0
377,11281,18,3,4508,1,0,0,0,1,0,0,0,procedimiento,0,0.81,0,0
377,11282,13,3,3236,3,1,0,0,0,0,0,0,conceptual,0,0.7,1,0
377,11283,6,3,4021,1,0,0,0,1,0,0,0,procedimiento,0,0.8,0,0
377,11284,19,2,2214,1,0,0,0,1,0,0,0,procedimiento,0,0.79,0,0
377,11285,6,1,2260,1,0,0,0,0,0,0,0,procedimiento,0,0.68,1,0
377,11286,1,1,2076,2,0,0,0,0,0,0,0,conceptual,1,0.57,2,0
377,11287,14,4,5796,1,1,0,0,0,0,0,1,aleatorio,1,0.4,3,0
377,11288,4,3,2661,1,1,2,0,0,0,0,0,inatencion,1,0.36,4,0
377,11289,12,2,3240,1,0,0,0,1,0,0,0,procedimiento,0,0.75,0,0
377,11290,13,4,4162,1,1,0,0,0,0,0,0,procedimiento,0,0.64,1,0
377,11291,14,2,2588,3,1,0,0,0,0,0,1,consigna,1,0.53,2,0
377,11292,10,4,5085,3,1,0,0,0,0,0,0,inatencion,1,0.4,3,0
377,11293,18,3,3291,1,1,0,0,0,0,0,0,inatencion,1,0.31,4,0
377,11294,8,1,2166,2,1,0,0,0,0,0,0,inatencion,1,0.21,5,0
377,11295,10,3,3490,2,0,0,0,0,0,0,2,inatencion,1,0.15,6,0
377,11296,16,4,4115,1,1,0,0,0,0,0,1,inatencion,1,0.15,7,0
377,11297,13,2,2231,3,0,0,0,0,0,0,1,aleatorio,1,0.15,8,0
377,11298,14,2,2272,2,0,0,0,0,0,0,0,inatencion,1,0.15,9,0
377,11299,3,4,4147,1,0,0,0,0,0,0,2,inatencion,1,0.15,10,0
377,11300,5,2,2691,1,0,0,0,1,0,0,0,procedimiento,0,0.66,0,0
377,11301,2,3,4479,2,1,0,0,0,0,0,0,conceptual,0,0.55,1,0
377,11302,17,1,1988,1,0,0,1,0,0,0,0,aleatorio,1,0.44,2,0
377,11303,4,4,7853,2,0,0,0,0,0,0,0,inatencion,1,0.33,3,0
377,11304,9,2,2373,2,0,0,0,0,0,0,0,inatencion,1,0.23,4,0
377,11305,16,2,4039,1,0,0,0,0,0,0,0,aleatorio,1,0.15,5,0
377,11306,6,3,4126,1,1,2,0,1,0,0,0,procedimiento,0,0.61,0,0
377,11307,14,3,5290,3,1,0,0,0,0,0,0,consigna,0,0.5,1,0
377,11308,18,4,4858,1,0,0,0,1,2,0,0,procedimiento,0,0.59,0,0
377,11309,6,2,3410,1,0,0,0,1,1,0,0,procedimiento,0,0.58,0,0
377,11310,2,1,2751,1,0,0,0,1,0,0,0,procedimiento,0,0.58,0,0
378,11311,6,1,2429,1,0,0,0,1,0,0,0,procedimiento,0,0.71,0,0
378,11312,7,2,3957,1,0,0,0,1,0,0,0,procedimiento,0,0.7,0,0
378,11313,4,2,3836,1,1,0,0,0,0,0,0,conceptual,0,0.59,1,0
378,11314,19,1,2719,2,0,0,0,0,0,0,1,conceptual,1,0.49,2,0
378,11315,6,3,4392,1,1,0,0,0,0,0,0,inatencion,1,0.38,3,0
378,11316,3,3,5552,3,0,0,0,0,0,0,0,inatencion,1,0.27,4,0
378,11317,15,1,2587,1,0,0,0,1,0,0,0,procedimiento,0,0.66,0,0
378,11318,14,3,4484,1,1,1,0,0,0,0,0,inatencion,0,0.56,1,0
378,11319,16,1,2691,1,0,0,0,1,0,0,0,procedimiento,0,0.65,0,0
378,11320,1,2,2794,1,1,1,0,0,0,0,0,consigna,0,0.54,1,0
378,11321,1,4,5009,1,0,0,0,0,0,0,0,inatencion,1,0.44,2,0
378,11322,19,2,3841,3,0,0,0,0,0,0,2,aleatorio,1,0.33,3,0
378,11323,1,1,2134,3,1,0,0,0,0,0,0,inatencion,1,0.22,4,0
378,11324,9,2,3392,1,0,0,0,1,0,0,0,procedimiento,0,0.61,0,0
378,11325,14,4,4459,2,0,0,0,0,0,0,0,inatencion,0,0.51,1,0
378,11326,3,2,2844,1,1,0,0,1,0,0,0,procedimiento,0,0.6,0,0
378,11327,10,2,4106,1,1,0,0,0,1,0,0,procedimiento,0,0.49,1,0
378,11328,11,3,5538,2,0,0,0,0,3,0,4,inatencion,1,0.39,2,0
378,11329,9,2,3573,1,0,0,0,1,1,0,0,procedimiento,0,0.58,0,0
378,11330,15,3,5640,2,0,0,0,0,4,0,0,inatencion,0,0.47,1,0
378,11331,4,3,4932,2,1,0,0,0,1,0,1,consigna,1,0.37,2,0
378,11332,8,2,3398,1,0,0,0,1,5,0,0,procedimiento,0,0.56,0,0
378,11333,15,4,7424,2,1,3,0,0,0,0,0,inatencion,0,0.45,1,0
378,11334,14,1,3226,1,0,0,0,0,0,0,1,conceptual,1,0.34,2,0
378,11335,5,3,5877,3,0,0,0,0,1,0,0,aleatorio,1,0.24,3,0
378,11336,15,2,4135,2,1,0,0,0,2,0,1,inatencion,1,0.15,4,0
378,11337,15,2,3816,1,0,0,0,0,3,0,3,inatencion,1,0.15,5,0
378,11338,2,2,4486,2,1,0,0,0,2,0,3,aleatorio,1,0.15,6,0
378,11339,11,3,6649,3,1,1,0,0,2,0,0,aleatorio,1,0.15,7,0
378,11340,3,1,2693,2,0,0,0,0,1,0,2,inatencion,1,0.15,8,0
379,11341,4,4,4688,1,0,0,0,0,0,0,0,procedimiento,0,0.66,1,0
379,11342,2,2,2451,2,0,0,0,0,0,0,1,conceptual,1,0.56,2,0
379,11343,10,3,3325,1,0,0,0,0,0,0,0,aleatorio,1,0.4,3,0
379,11344,3,1,1525,1,0,0,1,1,0,0,0,procedimiento,0,0.74,0,0
379,11345,18,1,1381,1,0,0,1,1,0,0,0,procedimiento,0,0.73,0,0
379,11346,6,3,2532,1,0,0,0,1,0,0,0,procedimiento,0,0.73,0,0
379,11347,9,1,1543,1,0,0,1,1,0,0,0,procedimiento,0,0.72,0,0
379,11348,1,4,4104,1,0,0,0,1,0,0,0,procedimiento,0,0.71,0,0
379,11349,6,2,2629,1,0,0,0,1,0,0,0,procedimiento,0,0.7,0,0
379,11350,16,3,2684,3,1,0,0,0,0,0,0,inatencion,0,0.6,1,0
379,11351,10,4,3235,1,1,0,0,0,0,0,2,consigna,1,0.49,2,0
379,11352,16,4,3488,1,0,0,0,0,0,0,0,inatencion,1,0.38,3,0
379,11353,12,3,3235,1,0,0,0,0,0,0,3,inatencion,1,0.27,4,0
379,11354,18,3,3628,3,0,0,0,0,0,0,0,aleatorio,1,0.17,5,0
379,11355,19,2,2548,1,0,0,0,0,0,0,0,aleatorio,1,0.15,6,0
379,11356,8,3,3429,2,1,0,0,0,0,0,0,inatencion,1,0.15,7,0
379,11357,13,1,1651,3,0,0,1,0,0,0,2,inatencion,1,0.15,8,0
379,11358,6,2,2088,1,0,0,0,1,0,0,0,procedimiento,0,0.63,0,0
379,11359,12,4,4475,1,0,0,0,0,0,0,0,consigna,0,0.53,1,0
379,11360,1,2,2451,1,1,0,0,0,0,0,1,inatencion,1,0.42,2,0
379,11361,1,1,2035,1,1,2,0,0,0,0,1,inatencion,1,0.31,3,0
379,11362,2,1,1897,1,0,0,1,1,0,0,0,procedimiento,0,0.6,0,0
379,11363,4,4,4392,1,1,0,0,1,3,0,0,procedimiento,0,0.6,0,0
379,11364,14,1,2471,1,0,0,0,0,0,0,0,conceptual,0,0.49,1,0
379,11365,6,3,5035,1,0,0,0,1,0,0,0,procedimiento,0,0.58,0,0
379,11366,19,2,2679,1,0,0,0,0,3,0,0,conceptual,0,0.47,1,0
379,11367,13,2,2658,1,0,0,0,0,2,0,1,conceptual,1,0.37,2,0
379,11368,13,2,3592,2,0,0,0,0,2,0,0,inatencion,1,0.26,3,0
379,11369,16,1,1967,1,1,0,1,1,1,0,0,procedimiento,0,0.55,0,0
379,11370,17,2,3391,1,1,0,0,1,2,0,0,procedimiento,0,0.54,0,0
380,11371,18,2,2043,1,0,0,0,0,2,1079,0,inatencion,1,0.23,1,0
380,11372,17,3,3419,3,1,0,0,0,6,59,3,aleatorio,1,0.15,2,0
380,11373,4,3,2262,3,0,0,0,0,0,1347,2,inatencion,1,0.15,3,0
380,11374,13,3,2178,1,1,1,0,1,3,51,2,procedimiento,1,0.32,0,0
380,11375,8,3,2355,3,0,0,0,0,3,534,1,consigna,1,0.21,1,0
380,11376,18,2,2286,2,1,1,0,0,4,601,2,procedimiento,1,0.15,2,0
380,11377,11,2,2118,1,1,0,0,1,1,374,0,procedimiento,1,0.31,0,0
380,11378,16,2,2156,1,0,0,0,0,2,671,1,consigna,1,0.2,1,0
380,11379,6,3,2611,1,0,0,0,1,3,235,2,procedimiento,1,0.3,0,0
380,11380,11,1,1474,1,0,0,1,1,4,567,0,procedimiento,1,0.3,0,0
380,11381,15,3,3023,1,0,0,0,0,1,986,0,inatencion,1,0.19,1,0
380,11382,8,2,2533,2,0,0,0,0,3,349,1,conceptual,1,0.15,2,0
380,11383,16,2,1685,1,0,0,1,0,5,481,2,aleatorio,1,0.15,3,0
380,11384,4,1,1925,1,0,0,1,1,1,485,2,procedimiento,1,0.28,0,0
380,11385,7,2,2418,1,0,0,0,0,0,1086,1,inatencion,1,0.18,1,0
380,11386,11,2,1695,1,0,0,1,1,5,1091,3,procedimiento,1,0.28,0,0
380,11387,17,3,2224,2,1,1,0,0,3,449,0,conceptual,1,0.17,1,0
380,11388,13,4,2922,2,1,0,0,0,3,322,0,procedimiento,1,0.15,2,0
380,11389,16,4,3742,1,0,0,0,0,4,1561,1,inatencion,1,0.15,3,0
380,11390,13,2,1691,1,0,0,1,1,2,193,0,procedimiento,1,0.26,0,0
380,11391,10,2,1870,1,0,0,1,0,3,105,0,inatencion,1,0.16,1,0
380,11392,19,3,3646,1,1,0,0,1,3,255,1,procedimiento,1,0.26,0,0
380,11393,19,3,3581,3,1,0,0,0,2,107,3,consigna,1,0.15,1,0
380,11394,1,1,2060,1,1,0,0,1,2,803,2,procedimiento,1,0.25,0,0
380,11395,16,2,3679,1,0,0,0,1,1,1337,0,procedimiento,1,0.25,0,0
380,11396,7,3,4730,1,1,0,0,1,7,1344,1,procedimiento,1,0.24,0,0
380,11397,17,2,3366,2,0,0,0,0,2,1602,0,inatencion,1,0.15,1,0
380,11398,16,2,3688,1,0,0,0,1,1,1344,0,procedimiento,1,0.24,0,0
380,11399,6,3,3330,1,1,0,0,1,1,78,1,procedimiento,1,0.23,0,0
380,11400,12,1,1942,3,0,0,1,0,2,205,1,inatencion,1,0.15,1,0
381,11401,1,4,4287,1,1,2,0,1,0,0,0,procedimiento,0,0.84,0,0
381,11402,11,1,1485,1,0,0,1,1,0,0,0,procedimiento,0,0.83,0,0
381,11403,3,3,3378,2,0,0,0,0,0,0,0,consigna,0,0.72,1,0
381,11404,1,2,3199,1,0,0,0,1,0,0,0,procedimiento,0,0.82,0,0
381,11405,11,2,1998,1,0,0,1,1,0,0,0,procedimiento,0,0.81,0,0
381,11406,5,2,2657,1,0,0,0,0,0,0,0,aleatorio,0,0.7,1,0
381,11407,3,2,2593,1,1,2,0,1,0,0,0,procedimiento,0,0.79,0,0
381,11408,18,4,3711,1,1,0,0,1,0,0,0,procedimiento,0,0.78,0,0
381,11409,13,1,1933,1,0,0,1,1,0,0,0,procedimiento,0,0.77,0,0
381,11410,3,1,1611,1,0,0,1,1,0,0,0,procedimiento,0,0.76,0,0
381,11411,8,4,5258,1,0,0,0,1,0,0,0,procedimiento,0,0.76,0,0
381,11412,14,3,3912,1,1,0,0,0,0,0,0,consigna,0,0.65,1,0
381,11413,3,1,2426,1,0,0,0,1,0,0,0,procedimiento,0,0.74,0,0
381,11414,1,3,3396,2,1,2,0,0,0,0,0,procedimiento,0,0.63,1,0
381,11415,13,3,3028,1,1,0,0,0,0,0,0,procedimiento,1,0.52,2,0
381,11416,4,3,2969,1,0,0,0,0,0,0,0,inatencion,1,0.4,3,0
381,11417,5,2,3372,1,1,1,0,0,0,0,1,inatencion,1,0.31,4,0
381,11418,3,2,3250,1,0,0,0,1,0,0,0,procedimiento,0,0.7,0,0
381,11419,11,2,2797,1,0,0,0,1,0,0,0,procedimiento,0,0.69,0,0
381,11420,12,4,4740,1,0,0,0,1,0,0,0,procedimiento,0,0.68,0,0
381,11421,14,2,2993,1,1,1,0,0,0,0,0,procedimiento,0,0.57,1,0
381,11422,15,2,3926,1,0,0,0,1,0,0,0,procedimiento,0,0.66,0,0
381,11423,8,3,3324,1,0,0,0,1,0,0,0,procedimiento,0,0.66,0,0
381,11424,8,4,5416,1,0,0,0,1,0,0,0,procedimiento,0,0.65,0,0
381,11425,7,4,5012,1,1,0,0,0,0,0,0,inatencion,0,0.54,1,0
381,11426,7,3,3499,2,0,0,0,0,0,0,0,conceptual,1,0.43,2,0
381,11427,11,2,4197,1,0,0,0,1,0,0,0,procedimiento,0,0.62,0,0
381,11428,9,1,2281,1,0,0,0,1,0,0,0,procedimiento,0,0.61,0,0
381,11429,17,2,2172,1,0,0,0,1,0,0,0,procedimiento,0,0.61,0,0
381,11430,15,2,2674,2,1,0,0,0,3,0,0,consigna,0,0.5,1,0
382,11431,13,2,3118,1,0,0,0,1,0,0,0,procedimiento,0,0.87,0,0
382,11432,2,4,4720,1,0,0,0,1,0,0,0,procedimiento,0,0.86,0,0
382,11433,2,2,2470,2,0,0,0,0,0,0,0,procedimiento,0,0.75,1,0
382,11434,16,3,4120,1,1,2,0,0,0,0,0,aleatorio,1,0.65,2,0
382,11435,16,2,2288,1,0,0,0,1,0,0,0,procedimiento,0,0.84,0,0
382,11436,7,1,1564,1,1,2,1,0,0,0,0,inatencion,0,0.73,1,0
382,11437,12,3,3197,1,0,0,0,0,0,0,0,procedimiento,1,0.62,2,0
382,11438,6,3,3733,1,0,0,0,0,0,0,1,inatencion,1,0.4,3,0
382,11439,10,1,2197,1,0,0,0,1,0,0,0,procedimiento,0,0.8,0,0
382,11440,3,2,3257,1,0,0,0,1,0,0,0,procedimiento,0,0.79,0,0
382,11441,4,1,2001,1,0,0,0,1,0,0,0,procedimiento,0,0.79,0,0
382,11442,19,4,4869,1,0,0,0,1,0,0,0,procedimiento,0,0.78,0,0
382,11443,14,1,1730,1,1,1,1,1,0,0,0,procedimiento,0,0.77,0,0
382,11444,6,4,3523,1,0,0,0,1,0,0,0,procedimiento,0,0.76,0,0
382,11445,14,3,2585,1,0,0,0,1,0,0,0,procedimiento,0,0.75,0,0
382,11446,5,4,4501,1,1,2,0,0,0,0,0,inatencion,0,0.64,1,0
382,11447,4,2,3311,2,0,0,0,0,0,0,0,procedimiento,1,0.53,2,0
382,11448,13,3,3003,1,0,0,0,0,0,0,1,inatencion,1,0.4,3,0
382,11449,19,3,4029,1,1,0,0,0,0,0,0,inatencion,1,0.32,4,0
382,11450,10,3,3256,1,1,0,0,1,0,0,0,procedimiento,0,0.71,0,0
382,11451,1,2,2157,1,0,0,0,1,0,0,0,procedimiento,0,0.7,0,0
382,11452,15,3,5352,1,0,0,0,1,0,0,0,procedimiento,0,0.69,0,0
382,11453,5,2,4658,1,1,1,0,1,0,0,0,procedimiento,0,0.68,0,0
382,11454,1,3,3653,1,0,0,0,1,0,0,0,procedimiento,0,0.67,0,0
382,11455,15,3,4421,3,0,0,0,0,0,0,0,procedimiento,0,0.56,1,0
382,11456,9,2,2466,1,0,0,0,1,0,0,0,procedimiento,0,0.65,0,0
382,11457,14,3,5266,2,1,0,0,0,0,0,0,inatencion,0,0.55,1,0
382,11458,12,3,4913,1,0,0,0,0,0,0,1,aleatorio,1,0.44,2,0
382,11459,4,3,4373,1,1,0,0,1,0,0,0,procedimiento,0,0.63,0,0
382,11460,3,1,1968,3,0,0,1,0,0,0,0,aleatorio,0,0.52,1,0
383,11461,3,4,4919,1,1,0,0,1,0,0,0,procedimiento,0,0.63,0,0
383,11462,1,1,2539,1,0,0,0,1,0,0,0,procedimiento,0,0.63,0,0
383,11463,10,2,3306,1,0,0,0,0,0,0,0,procedimiento,0,0.52,1,0
383,11464,11,2,3362,1,0,0,0,0,0,0,0,inatencion,1,0.42,2,0
383,11465,11,1,2225,1,0,0,0,1,0,0,0,procedimiento,0,0.61,0,0
383,11466,19,3,3019,1,1,0,0,1,0,0,0,procedimiento,0,0.6,0,0
383,11467,12,2,3728,1,0,0,0,1,2,0,0,procedimiento,0,0.6,0,0
383,11468,7,3,4252,1,0,0,0,1,0,0,0,procedimiento,0,0.59,0,0
383,11469,12,1,2386,1,0,0,0,1,2,0,0,procedimiento,0,0.58,0,0
383,11470,9,2,3108,1,0,0,0,1,3,0,0,procedimiento,0,0.58,0,0
383,11471,5,4,5304,1,0,0,0,0,1,0,0,conceptual,0,0.47,1,0
383,11472,17,3,3394,1,1,0,0,1,2,0,0,procedimiento,0,0.56,0,0
383,11473,8,3,3676,1,0,0,0,1,1,0,0,procedimiento,0,0.56,0,0
383,11474,11,2,3230,1,0,0,0,1,4,0,0,procedimiento,0,0.55,0,0
383,11475,10,2,3685,1,1,1,0,1,2,0,0,procedimiento,0,0.55,0,0
383,11476,11,3,4648,1,0,0,0,1,1,0,0,procedimiento,0,0.54,0,0
383,11477,7,2,3053,1,0,0,0,1,3,0,0,procedimiento,0,0.53,0,0
383,11478,16,1,2497,1,0,0,0,1,2,0,0,procedimiento,0,0.53,0,0
383,11479,1,1,2007,1,0,0,0,1,1,0,0,procedimiento,0,0.52,0,0
383,11480,16,2,3454,1,1,0,0,0,1,0,0,consigna,0,0.41,1,0
383,11481,12,1,2042,1,0,0,0,1,0,0,0,procedimiento,0,0.51,0,0
383,11482,19,2,4835,1,0,0,0,1,2,0,0,procedimiento,0,0.5,0,0
383,11483,15,4,4547,1,0,0,0,0,3,57,0,inatencion,1,0.39,1,0
383,11484,9,4,5043,1,0,0,0,1,1,154,0,procedimiento,1,0.49,0,0
383,11485,12,1,2367,1,1,0,0,1,1,314,0,procedimiento,1,0.48,0,0
383,11486,16,3,4283,1,0,0,0,1,1,195,0,procedimiento,1,0.48,0,0
383,11487,7,4,7498,3,0,0,0,0,1,4,0,conceptual,1,0.37,1,0
383,11488,2,3,4852,1,0,0,0,1,1,22,0,procedimiento,1,0.46,0,0
383,11489,13,4,5032,1,0,0,0,0,2,248,0,conceptual,1,0.36,1,0
383,11490,12,3,5079,1,0,0,0,1,0,84,0,procedimiento,1,0.45,0,0
384,11491,19,3,3183,2,1,1,0,0,0,0,0,consigna,0,0.57,1,0
384,11492,13,3,4648,1,1,0,0,1,0,0,0,procedimiento,0,0.67,0,0
384,11493,9,2,3100,3,1,3,0,0,0,0,0,consigna,0,0.56,1,0
384,11494,1,3,4803,1,1,0,0,0,0,0,0,inatencion,1,0.45,2,0
384,11495,1,2,3277,1,1,1,0,0,0,0,0,aleatorio,1,0.35,3,0
384,11496,7,3,4150,3,0,0,0,0,0,0,0,inatencion,1,0.24,4,0
384,11497,4,2,3464,1,0,0,0,1,0,0,0,procedimiento,0,0.63,0,0
384,11498,12,1,2063,1,0,0,0,1,0,0,0,procedimiento,0,0.63,0,0
384,11499,14,4,6460,1,1,1,0,0,0,0,0,procedimiento,0,0.52,1,0
384,11500,19,2,3172,1,0,0,0,1,0,0,0,procedimiento,0,0.61,0,0
384,11501,16,3,3547,1,0,0,0,0,0,0,0,conceptual,0,0.51,1,0
384,11502,14,2,2637,3,0,0,0,0,0,0,0,conceptual,1,0.4,2,0
384,11503,4,1,2991,1,0,0,0,1,0,0,0,procedimiento,0,0.59,0,0
384,11504,9,2,2934,1,0,0,0,0,1,0,0,consigna,0,0.49,1,0
384,11505,17,2,3330,1,0,0,0,1,2,0,0,procedimiento,0,0.58,0,0
384,11506,1,2,3048,2,0,0,0,0,1,0,0,procedimiento,0,0.47,1,0
384,11507,5,3,5407,3,1,0,0,0,2,0,0,consigna,1,0.37,2,0
384,11508,11,1,1901,1,0,0,1,1,1,0,0,procedimiento,0,0.56,0,0
384,11509,7,2,3787,2,1,0,0,0,0,0,0,consigna,0,0.45,1,0
384,11510,6,1,2731,1,0,0,0,1,1,0,0,procedimiento,0,0.55,0,0
384,11511,8,1,2499,1,0,0,0,1,0,0,0,procedimiento,0,0.54,0,0
384,11512,8,1,2752,1,0,0,0,1,1,0,0,procedimiento,0,0.53,0,0
384,11513,13,1,2215,1,0,0,0,0,2,0,0,conceptual,0,0.43,1,0
384,11514,3,2,2984,2,0,0,0,0,2,0,0,conceptual,1,0.32,2,0
384,11515,12,4,4405,1,1,1,0,0,0,0,0,inatencion,1,0.21,3,0
384,11516,17,2,2963,1,0,0,0,1,2,0,0,procedimiento,0,0.51,0,0
384,11517,17,1,3389,3,0,0,0,0,3,321,0,consigna,1,0.4,1,0
384,11518,19,3,6571,1,1,0,0,0,2,42,2,consigna,1,0.29,2,0
384,11519,16,4,7867,1,0,0,0,0,4,113,1,inatencion,1,0.19,3,0
384,11520,18,4,5524,3,0,0,0,0,2,164,0,inatencion,1,0.15,4,0
385,11521,18,2,3000,2,1,2,0,0,0,0,0,conceptual,0,0.71,1,0
385,11522,11,2,2776,1,0,0,0,1,0,0,0,procedimiento,0,0.8,0,0
385,11523,8,3,4836,1,1,0,0,1,0,0,0,procedimiento,0,0.8,0,0
385,11524,12,4,5827,1,0,0,0,1,0,0,0,procedimiento,0,0.79,0,0
385,11525,16,1,2580,1,0,0,0,1,0,0,0,procedimiento,0,0.78,0,0
385,11526,3,2,2989,1,1,1,0,1,0,0,0,procedimiento,0,0.77,0,0
385,11527,13,4,4463,1,0,0,0,1,0,0,0,procedimiento,0,0.76,0,0
385,11528,13,2,3301,1,0,0,0,1,0,0,0,procedimiento,0,0.76,0,0
385,11529,3,3,3446,1,0,0,0,1,0,0,0,procedimiento,0,0.75,0,0
385,11530,5,2,3445,1,0,0,0,1,0,0,0,procedimiento,0,0.74,0,0
385,11531,2,4,4779,1,0,0,0,1,0,0,0,procedimiento,0,0.73,0,0
385,11532,11,3,3044,1,0,0,0,1,0,0,0,procedimiento,0,0.72,0,0
385,11533,8,1,2035,1,0,0,0,0,0,0,0,inatencion,0,0.61,1,0
385,11534,7,4,6133,1,0,0,0,1,0,0,0,procedimiento,0,0.71,0,0
385,11535,9,2,3881,3,1,0,0,0,0,0,0,inatencion,0,0.6,1,0
385,11536,13,1,2494,1,0,0,0,1,0,0,0,procedimiento,0,0.69,0,0
385,11537,8,2,2945,1,1,1,0,1,0,0,0,procedimiento,0,0.68,0,0
385,11538,7,3,3988,1,0,0,0,1,0,0,0,procedimiento,0,0.67,0,0
385,11539,10,2,3597,2,0,0,0,0,0,0,0,procedimiento,0,0.57,1,0
385,11540,9,2,3929,1,1,0,0,1,0,0,0,procedimiento,0,0.66,0,0
385,11541,6,1,2162,1,0,0,0,1,0,0,0,procedimiento,0,0.65,0,0
385,11542,6,4,6005,3,1,0,0,0,0,0,0,procedimiento,0,0.54,1,0
385,11543,16,3,4591,1,0,0,0,0,0,0,2,consigna,1,0.43,2,0
385,11544,17,1,2873,1,0,0,0,1,0,0,0,procedimiento,0,0.63,0,0
385,11545,2,3,4068,1,0,0,0,1,0,0,0,procedimiento,0,0.62,0,0
385,11546,1,2,3484,1,1,2,0,1,0,0,0,procedimiento,0,0.61,0,0
385,11547,7,2,5186,3,1,1,0,0,0,0,0,procedimiento,0,0.5,1,0
385,11548,17,3,4769,2,0,0,0,0,1,0,1,inatencion,1,0.39,2,0
385,11549,18,2,3936,2,1,0,0,0,0,0,1,aleatorio,1,0.28,3,0
385,11550,15,3,7522,1,1,1,0,0,0,0,0,inatencion,1,0.18,4,0
386,11551,5,4,5086,1,0,0,0,1,0,0,0,procedimiento,0,0.75,0,0
386,11552,5,3,3188,1,0,0,0,1,0,0,0,procedimiento,0,0.74,0,0
386,11553,16,2,2081,1,0,0,0,1,0,0,0,procedimiento,0,0.74,0,0
386,11554,12,3,4185,1,0,0,0,0,0,0,0,conceptual,0,0.63,1,0
386,11555,4,2,1960,1,0,0,1,1,0,0,0,procedimiento,0,0.72,0,0
386,11556,10,4,3759,1,1,3,0,1,0,0,0,procedimiento,0,0.71,0,0
386,11557,9,2,2090,1,1,2,0,1,0,0,0,procedimiento,0,0.71,0,0
386,11558,17,2,3059,1,0,0,0,1,0,0,0,procedimiento,0,0.7,0,0
386,11559,5,4,5012,1,1,0,0,0,0,0,0,conceptual,0,0.59,1,0
386,11560,16,1,1776,1,0,0,1,1,0,0,0,procedimiento,0,0.68,0,0
386,11561,1,1,1635,1,0,0,1,0,0,0,0,aleatorio,0,0.58,1,0
386,11562,9,1,2271,1,0,0,0,1,0,0,0,procedimiento,0,0.67,0,0
386,11563,17,2,2618,1,0,0,0,0,0,0,0,consigna,0,0.56,1,0
386,11564,5,3,2527,2,1,0,0,0,0,0,0,consigna,1,0.45,2,0
386,11565,15,2,2275,1,0,0,0,1,0,0,0,procedimiento,0,0.65,0,0
386,11566,9,4,3556,2,1,1,0,0,0,0,0,inatencion,0,0.54,1,0
386,11567,3,3,4166,1,0,0,0,1,0,0,0,procedimiento,0,0.63,0,0
386,11568,4,3,2952,1,0,0,0,1,0,0,0,procedimiento,0,0.62,0,0
386,11569,2,3,3621,1,0,0,0,0,0,0,0,inatencion,0,0.52,1,0
386,11570,1,3,4066,1,0,0,0,0,0,0,1,inatencion,1,0.41,2,0
386,11571,13,3,4129,1,0,0,0,1,0,0,0,procedimiento,0,0.6,0,0
386,11572,3,3,2586,1,1,0,0,1,0,0,0,procedimiento,0,0.59,0,0
386,11573,18,2,4156,1,0,0,0,1,1,0,0,procedimiento,0,0.59,0,0
386,11574,14,1,2769,1,0,0,0,1,0,0,0,procedimiento,0,0.58,0,0
386,11575,16,4,5126,2,0,0,0,0,1,0,0,inatencion,0,0.47,1,0
386,11576,3,2,2640,1,0,0,0,1,1,0,0,procedimiento,0,0.56,0,0
386,11577,7,3,3439,1,1,0,0,1,0,0,0,procedimiento,0,0.56,0,0
386,11578,2,2,2733,1,0,0,0,1,2,0,0,procedimiento,0,0.55,0,0
386,11579,2,3,4438,1,0,0,0,1,1,0,0,procedimiento,0,0.54,0,0
386,11580,13,2,4272,1,0,0,0,1,2,0,0,procedimiento,0,0.53,0,0
387,11581,15,1,2328,2,0,0,0,0,0,0,0,procedimiento,0,0.61,1,0
387,11582,12,3,3715,2,0,0,0,0,0,0,0,procedimiento,1,0.5,2,0
387,11583,13,1,2397,1,0,0,0,1,0,0,0,procedimiento,0,0.7,0,0
387,11584,14,4,4084,1,0,0,0,0,0,0,0,conceptual,0,0.59,1,0
387,11585,19,2,2857,1,1,0,0,0,0,0,0,inatencion,1,0.48,2,0
387,11586,3,1,2136,2,0,0,0,0,0,0,0,inatencion,1,0.38,3,0
387,11587,16,2,2126,1,0,0,0,1,0,0,0,procedimiento,0,0.67,0,0
387,11588,18,3,3510,1,1,1,0,1,0,0,0,procedimiento,0,0.66,0,0
387,11589,15,2,2279,1,0,0,0,0,0,0,0,inatencion,0,0.55,1,0
387,11590,17,4,4514,1,1,1,0,0,0,0,0,conceptual,1,0.45,2,0
387,11591,5,2,2365,1,0,0,0,1,0,0,0,procedimiento,0,0.64,0,0
387,11592,17,4,5410,1,0,0,0,1,0,0,0,procedimiento,0,0.63,0,0
387,11593,16,3,3106,2,0,0,0,0,0,0,0,consigna,0,0.53,1,0
387,11594,10,2,2565,1,0,0,0,0,0,0,0,inatencion,1,0.42,2,0
387,11595,10,1,2173,2,0,0,0,0,0,0,0,inatencion,1,0.31,3,0
387,11596,1,2,2069,1,0,0,0,1,0,0,0,procedimiento,0,0.6,0,0
387,11597,1,4,4004,1,1,0,0,0,3,0,0,procedimiento,0,0.5,1,0
387,11598,8,1,2339,1,1,1,0,1,0,0,0,procedimiento,0,0.59,0,0
387,11599,5,3,3929,1,0,0,0,1,1,0,0,procedimiento,0,0.58,0,0
387,11600,16,2,2355,1,0,0,0,0,1,0,0,aleatorio,0,0.48,1,0
387,11601,5,2,2145,1,1,0,0,1,3,0,0,procedimiento,0,0.57,0,0
387,11602,14,2,3855,2,1,0,0,0,2,0,0,conceptual,0,0.46,1,0
387,11603,4,3,3230,1,1,0,0,1,3,0,0,procedimiento,0,0.55,0,0
387,11604,13,1,2579,2,0,0,0,0,1,0,0,conceptual,0,0.45,1,0
387,11605,19,2,2871,2,0,0,0,0,0,0,0,conceptual,1,0.34,2,0
387,11606,10,2,3469,3,1,0,0,0,4,0,0,inatencion,1,0.23,3,0
387,11607,4,1,2842,1,0,0,0,1,1,0,0,procedimiento,0,0.53,0,0
387,11608,17,2,4394,1,1,0,0,1,0,0,0,procedimiento,0,0.52,0,0
387,11609,14,2,2927,2,0,0,0,0,0,0,0,inatencion,0,0.41,1,0
387,11610,10,1,2582,1,1,1,0,1,1,0,0,procedimiento,0,0.51,0,0
388,11611,1,4,4773,3,1,1,0,0,0,0,0,inatencion,0,0.7,1,0
388,11612,18,3,4214,2,1,0,0,0,0,0,0,conceptual,1,0.6,2,0
388,11613,11,1,1675,1,0,0,1,1,0,0,0,procedimiento,0,0.79,0,0
388,11614,3,2,2075,2,0,0,0,0,0,0,0,procedimiento,0,0.68,1,0
388,11615,17,4,4450,2,0,0,0,0,0,0,0,consigna,1,0.57,2,0
388,11616,12,1,1808,1,1,0,1,1,0,0,0,procedimiento,0,0.76,0,0
388,11617,17,1,1831,1,0,0,1,1,0,0,0,procedimiento,0,0.76,0,0
388,11618,11,3,3359,1,1,0,0,0,0,0,0,procedimiento,0,0.65,1,0
388,11619,13,1,1734,2,1,1,1,0,0,0,0,inatencion,1,0.54,2,0
388,11620,19,4,4318,1,0,0,0,0,0,0,0,aleatorio,1,0.4,3,0
388,11621,5,1,2199,1,0,0,0,0,0,0,0,aleatorio,1,0.32,4,0
388,11622,19,3,2993,1,0,0,0,0,0,0,1,inatencion,1,0.22,5,0
388,11623,6,3,2630,2,1,1,0,0,0,0,0,inatencion,1,0.15,6,0
388,11624,9,4,4212,1,0,0,0,1,0,0,0,procedimiento,0,0.7,0,0
388,11625,8,2,3286,2,0,0,0,0,0,0,0,conceptual,0,0.59,1,0
388,11626,19,2,2867,1,0,0,0,0,0,0,0,procedimiento,1,0.48,2,0
388,11627,16,2,1913,2,0,0,1,0,0,0,0,inatencion,1,0.38,3,0
388,11628,12,4,4438,1,0,0,0,1,0,0,0,procedimiento,0,0.67,0,0
388,11629,13,2,3106,1,1,0,0,0,0,0,0,conceptual,0,0.56,1,0
388,11630,19,2,2814,1,0,0,0,1,0,0,0,procedimiento,0,0.65,0,0
388,11631,5,3,3459,1,0,0,0,0,0,0,0,conceptual,0,0.54,1,0
388,11632,19,3,4221,1,0,0,0,1,0,0,0,procedimiento,0,0.64,0,0
388,11633,18,4,5093,2,0,0,0,0,0,0,0,conceptual,0,0.53,1,0
388,11634,12,2,2889,1,1,2,0,0,0,0,0,procedimiento,1,0.42,2,0
388,11635,1,3,4404,2,1,0,0,0,0,0,2,inatencion,1,0.31,3,0
388,11636,15,4,4212,1,0,0,0,1,0,0,0,procedimiento,0,0.6,0,0
388,11637,19,3,2788,1,0,0,0,1,1,0,0,procedimiento,0,0.6,0,0
388,11638,16,2,2085,1,0,0,0,0,1,0,0,aleatorio,0,0.49,1,0
388,11639,3,2,2776,3,0,0,0,0,1,0,0,consigna,1,0.38,2,0
388,11640,18,1,2069,1,0,0,0,0,3,0,2,inatencion,1,0.27,3,0
389,11641,9,2,3059,1,0,0,0,0,0,0,0,consigna,0,0.69,1,0
389,11642,6,1,1895,1,1,2,1,1,0,0,0,procedimiento,0,0.78,0,0
389,11643,12,3,3586,1,1,0,0,0,0,0,0,inatencion,0,0.67,1,0
389,11644,7,2,2838,1,0,0,0,1,0,0,0,procedimiento,0,0.76,0,0
389,11645,2,2,2182,1,1,0,0,1,0,0,0,procedimiento,0,0.76,0,0
389,11646,3,1,2313,1,0,0,0,1,0,0,0,procedimiento,0,0.75,0,0
389,11647,2,3,2675,1,1,0,0,0,0,0,0,inatencion,0,0.64,1,0
389,11648,8,1,2005,1,0,0,0,0,0,0,0,procedimiento,1,0.53,2,0
389,11649,11,4,4418,2,0,0,0,0,0,0,0,inatencion,1,0.4,3,0
389,11650,15,3,3622,2,1,2,0,0,0,0,2,inatencion,1,0.32,4,0
389,11651,4,3,3469,1,0,0,0,1,0,0,0,procedimiento,0,0.71,0,0
389,11652,8,4,3649,2,0,0,0,0,0,0,0,procedimiento,0,0.6,1,0
389,11653,7,1,2047,1,0,0,0,1,0,0,0,procedimiento,0,0.69,0,0
389,11654,4,4,5292,1,0,0,0,1,0,0,0,procedimiento,0,0.68,0,0
389,11655,2,3,2948,3,1,2,0,0,0,0,0,inatencion,0,0.58,1,0
389,11656,2,3,4465,1,0,0,0,0,0,0,0,procedimiento,1,0.47,2,0
389,11657,8,2,3432,1,0,0,0,0,0,0,0,aleatorio,1,0.36,3,0
389,11658,3,3,3084,3,0,0,0,0,0,0,1,inatencion,1,0.25,4,0
389,11659,5,3,2897,1,1,1,0,0,0,0,1,inatencion,1,0.15,5,0
389,11660,1,2,2086,1,1,1,0,0,0,0,0,aleatorio,1,0.15,6,0
389,11661,17,1,1543,1,0,0,1,1,0,0,0,procedimiento,0,0.63,0,0
389,11662,17,2,3992,1,0,0,0,0,0,0,0,inatencion,0,0.52,1,0
389,11663,7,3,3398,2,0,0,0,0,0,0,1,conceptual,1,0.41,2,0
389,11664,4,3,3998,1,0,0,0,0,0,0,2,inatencion,1,0.31,3,0
389,11665,12,2,3282,1,0,0,0,1,0,0,0,procedimiento,0,0.6,0,0
389,11666,9,3,3717,1,0,0,0,0,0,0,0,procedimiento,0,0.49,1,0
389,11667,11,3,5632,1,1,0,0,0,0,0,1,inatencion,1,0.38,2,0
389,11668,13,1,2189,2,0,0,0,0,3,0,0,aleatorio,1,0.27,3,0
389,11669,15,3,3647,2,1,0,0,0,1,0,0,inatencion,1,0.17,4,0
389,11670,10,2,3798,1,0,0,0,0,1,0,1,aleatorio,1,0.15,5,0
390,11671,19,1,2276,1,0,0,0,1,0,0,0,procedimiento,0,0.81,0,0
390,11672,6,3,3361,1,1,2,0,0,0,0,0,consigna,0,0.7,1,0
390,11673,3,1,1745,2,0,0,1,0,0,0,1,inatencion,1,0.6,2,0
390,11674,15,4,3422,3,0,0,0,0,0,0,0,aleatorio,1,0.4,3,0
390,11675,17,2,2409,1,0,0,0,1,0,0,0,procedimiento,0,0.78,0,0
390,11676,7,3,3967,1,0,0,0,1,0,0,0,procedimiento,0,0.77,0,0
390,11677,13,3,2970,1,1,0,0,0,0,0,0,conceptual,0,0.66,1,0
390,11678,10,3,4082,1,0,0,0,0,0,0,0,aleatorio,1,0.56,2,0
390,11679,4,2,2495,1,0,0,0,0,0,0,0,inatencion,1,0.4,3,0
390,11680,14,1,1671,3,0,0,1,0,0,0,1,inatencion,1,0.34,4,0
390,11681,7,3,3982,1,0,0,0,0,0,0,1,aleatorio,1,0.23,5,0
390,11682,16,1,1810,1,0,0,1,1,0,0,0,procedimiento,0,0.72,0,0
390,11683,5,2,1912,1,0,0,1,1,0,0,0,procedimiento,0,0.71,0,0
390,11684,13,3,2607,1,0,0,0,0,0,0,0,procedimiento,0,0.61,1,0
390,11685,19,3,2675,2,0,0,0,0,0,0,2,conceptual,1,0.5,2,0
390,11686,3,2,2585,2,1,0,0,0,0,0,1,aleatorio,1,0.39,3,0
390,11687,7,3,3816,1,1,2,0,1,0,0,0,procedimiento,0,0.68,0,0
390,11688,4,3,3574,2,1,1,0,0,0,0,0,consigna,0,0.57,1,0
390,11689,16,3,4067,1,1,1,0,0,0,0,0,procedimiento,1,0.47,2,0
390,11690,19,2,2942,1,0,0,0,0,0,0,2,aleatorio,1,0.36,3,0
390,11691,6,2,2173,1,0,0,0,1,0,0,0,procedimiento,0,0.65,0,0
390,11692,5,2,3356,1,0,0,0,0,0,0,0,conceptual,0,0.54,1,0
390,11693,6,1,2055,1,0,0,0,0,0,0,1,consigna,1,0.43,2,0
390,11694,14,1,2602,2,0,0,0,0,0,0,1,inatencion,1,0.33,3,0
390,11695,2,1,2431,1,0,0,0,1,0,0,0,procedimiento,0,0.62,0,0
390,11696,2,1,1894,1,0,0,1,1,0,0,0,procedimiento,0,0.61,0,0
390,11697,4,3,4137,1,0,0,0,1,0,0,0,procedimiento,0,0.6,0,0
390,11698,16,4,4511,3,1,0,0,0,2,0,0,inatencion,0,0.49,1,0
390,11699,7,3,4105,1,1,0,0,0,1,0,0,consigna,1,0.38,2,0
390,11700,11,2,2670,2,0,0,0,0,1,0,0,inatencion,1,0.28,3,0
391,11701,16,3,3539,3,0,0,0,0,2,0,0,aleatorio,0,0.44,1,0
391,11702,19,2,3992,1,0,0,0,0,1,0,1,procedimiento,1,0.34,2,0
391,11703,13,3,5212,2,0,0,0,0,0,0,0,aleatorio,1,0.23,3,0
391,11704,7,3,5019,3,1,0,0,0,1,0,1,inatencion,1,0.15,4,0
391,11705,1,2,3765,1,0,0,0,1,2,0,0,procedimiento,0,0.52,0,0
391,11706,13,2,3393,2,1,0,0,0,3,0,0,procedimiento,0,0.42,1,0
391,11707,7,4,6606,1,0,0,0,0,2,0,0,aleatorio,1,0.31,2,0
391,11708,6,1,2338,1,0,0,0,1,1,0,0,procedimiento,0,0.5,0,0
391,11709,4,2,2980,1,1,2,0,1,1,51,0,procedimiento,1,0.5,0,0
391,11710,6,2,4217,1,0,0,0,1,0,9,0,procedimiento,1,0.49,0,0
391,11711,11,1,2833,1,0,0,0,1,0,299,0,procedimiento,1,0.49,0,0
391,11712,7,2,4233,1,0,0,0,1,4,303,0,procedimiento,1,0.48,0,0
391,11713,3,2,3957,1,0,0,0,0,2,193,0,conceptual,1,0.38,1,0
391,11714,16,3,3195,1,0,0,0,1,0,531,0,procedimiento,1,0.47,0,0
391,11715,15,3,5375,2,1,0,0,0,4,52,0,consigna,1,0.37,1,0
391,11716,15,3,4016,2,0,0,0,0,3,128,0,procedimiento,1,0.26,2,0
391,11717,11,1,2506,1,0,0,0,0,4,287,0,aleatorio,1,0.16,3,0
391,11718,10,3,3367,1,1,0,0,0,1,9,1,inatencion,1,0.15,4,0
391,11719,17,3,5449,3,1,0,0,0,3,346,1,aleatorio,1,0.15,5,0
391,11720,5,3,4964,1,1,0,0,0,3,717,4,inatencion,1,0.15,6,0
391,11721,2,4,6123,1,0,0,0,1,1,2165,0,procedimiento,1,0.43,0,0
391,11722,17,1,3597,1,0,0,0,1,1,1473,0,procedimiento,1,0.43,0,0
391,11723,7,3,4838,1,0,0,0,0,1,72,0,consigna,1,0.32,1,0
391,11724,11,3,5141,1,1,0,0,0,3,267,3,conceptual,1,0.22,2,0
391,11725,17,2,5708,1,0,0,0,1,1,2050,0,procedimiento,1,0.41,0,0
391,11726,8,1,3483,1,0,0,0,1,1,564,0,procedimiento,1,0.41,0,0
391,11727,9,4,9527,2,0,0,0,0,1,2028,0,conceptual,1,0.3,1,0
391,11728,13,3,6750,1,0,0,0,0,1,462,0,conceptual,1,0.2,2,0
391,11729,1,3,6372,3,0,0,0,0,2,885,0,inatencion,1,0.15,3,0
391,11730,7,3,6383,2,0,0,0,0,4,543,1,aleatorio,1,0.15,4,0
392,11731,15,3,2565,1,0,0,0,0,0,0,0,conceptual,0,0.74,1,0
392,11732,13,2,1534,1,0,0,1,1,0,0,0,procedimiento,0,0.83,0,0
392,11733,8,1,1085,1,1,1,1,0,0,0,0,aleatorio,0,0.72,1,0
392,11734,13,3,2467,2,1,0,0,0,0,0,0,conceptual,1,0.62,2,0
392,11735,18,3,2287,1,1,0,0,0,0,0,0,inatencion,1,0.4,3,0
392,11736,19,4,3396,1,1,0,0,0,0,0,0,inatencion,1,0.4,4,0
392,11737,17,2,1599,2,0,0,1,0,0,0,1,inatencion,1,0.29,5,0
392,11738,7,4,3659,2,0,0,0,0,0,0,0,aleatorio,1,0.18,6,0
392,11739,19,3,2800,2,0,0,0,0,0,0,1,inatencion,1,0.15,7,0
392,11740,8,1,1083,1,0,0,1,1,0,0,0,procedimiento,0,0.77,0,0
392,11741,12,2,1814,2,0,0,1,0,0,0,0,inatencion,0,0.66,1,0
392,11742,2,2,2126,1,1,2,0,0,0,0,0,consigna,1,0.55,2,0
392,11743,16,1,1621,1,0,0,1,1,0,0,0,procedimiento,0,0.74,0,0
392,11744,1,3,2334,2,0,0,0,0,0,0,0,procedimiento,0,0.63,1,0
392,11745,1,3,2027,1,1,0,0,0,0,0,0,procedimiento,1,0.52,2,0
392,11746,18,2,1797,1,1,0,1,1,0,0,0,procedimiento,0,0.72,0,0
392,11747,7,3,3129,1,0,0,0,1,0,0,0,procedimiento,0,0.71,0,0
392,11748,18,1,1235,1,0,0,1,0,0,0,0,aleatorio,0,0.6,1,0
392,11749,11,2,2349,1,0,0,0,1,0,0,0,procedimiento,0,0.69,0,0
392,11750,7,1,1477,1,0,0,1,1,0,0,0,procedimiento,0,0.68,0,0
392,11751,1,3,2448,2,0,0,0,0,0,0,0,inatencion,0,0.57,1,0
392,11752,6,4,3681,1,0,0,0,1,0,0,0,procedimiento,0,0.66,0,0
392,11753,5,3,3020,1,0,0,0,0,0,0,0,inatencion,0,0.56,1,0
392,11754,14,4,5097,1,0,0,0,0,0,0,0,consigna,1,0.45,2,0
392,11755,8,2,2659,3,0,0,0,0,0,0,1,inatencion,1,0.34,3,0
392,11756,7,2,2838,1,1,0,0,0,0,0,0,inatencion,1,0.23,4,0
392,11757,14,3,2659,1,1,0,0,0,0,0,0,inatencion,1,0.15,5,0
392,11758,9,1,2124,1,0,0,0,1,0,0,0,procedimiento,0,0.61,0,0
392,11759,15,4,3400,2,0,0,0,0,0,0,0,procedimiento,0,0.51,1,0
392,11760,1,2,1942,1,0,0,1,1,4,0,0,procedimiento,0,0.6,0,0
393,11761,2,1,2862,2,0,0,0,0,0,0,0,consigna,0,0.75,1,0
393,11762,7,3,3823,1,1,0,0,1,0,0,0,procedimiento,0,0.85,0,0
393,11763,4,3,3813,2,0,0,0,0,0,0,0,inatencion,0,0.74,1,0
393,11764,4,2,3082,1,0,0,0,1,0,0,0,procedimiento,0,0.83,0,0
393,11765,13,3,3163,1,1,0,0,0,0,0,0,conceptual,0,0.72,1,0
393,11766,13,1,2856,1,0,0,0,1,0,0,0,procedimiento,0,0.81,0,0
393,11767,2,1,2156,1,0,0,0,0,0,0,0,conceptual,0,0.7,1,0
393,11768,18,1,2604,1,0,0,0,1,0,0,0,procedimiento,0,0.8,0,0
393,11769,9,2,2984,1,1,0,0,0,0,0,0,conceptual,0,0.69,1,0
393,11770,6,2,3645,2,0,0,0,0,0,0,1,procedimiento,1,0.58,2,0
393,11771,7,2,3525,1,0,0,0,0,0,0,1,inatencion,1,0.4,3,0
393,11772,15,2,4002,1,0,0,0,0,0,0,0,inatencion,1,0.36,4,0
393,11773,7,3,3221,1,1,0,0,1,0,0,0,procedimiento,0,0.75,0,0
393,11774,19,2,2694,1,0,0,0,1,0,0,0,procedimiento,0,0.74,0,0
393,11775,12,2,3283,1,1,2,0,1,0,0,0,procedimiento,0,0.74,0,0
393,11776,15,2,3235,1,0,0,0,1,0,0,0,procedimiento,0,0.73,0,0
393,11777,17,3,3752,1,0,0,0,0,0,0,0,procedimiento,0,0.62,1,0
393,11778,19,2,3615,1,1,3,0,0,0,0,2,inatencion,1,0.51,2,0
393,11779,19,2,3884,1,1,1,0,0,0,0,1,inatencion,1,0.4,3,0
393,11780,3,2,2572,1,1,1,0,1,0,0,0,procedimiento,0,0.69,0,0
393,11781,12,3,3814,1,1,0,0,0,0,0,0,conceptual,0,0.58,1,0
393,11782,3,3,4252,1,1,0,0,0,0,0,2,conceptual,1,0.48,2,0
393,11783,3,2,3997,2,0,0,0,0,0,0,1,inatencion,1,0.37,3,0
393,11784,7,4,6646,1,1,1,0,1,0,0,0,procedimiento,0,0.66,0,0
393,11785,17,1,2777,1,0,0,0,1,0,0,0,procedimiento,0,0.65,0,0
393,11786,12,2,2499,1,0,0,0,0,0,0,0,procedimiento,0,0.54,1,0
393,11787,9,3,4205,2,0,0,0,0,0,0,1,conceptual,1,0.43,2,0
393,11788,14,3,5931,3,1,0,0,0,0,0,2,inatencion,1,0.32,3,0
393,11789,3,1,3261,1,1,2,0,0,0,0,2,aleatorio,1,0.22,4,0
393,11790,3,1,3245,1,0,0,0,1,0,0,0,procedimiento,0,0.61,0,0
394,11791,2,2,1918,1,1,0,1,0,0,0,0,inatencion,0,0.64,1,0
394,11792,3,2,2086,1,1,0,0,1,0,0,0,procedimiento,0,0.73,0,0
394,11793,13,2,2941,3,0,0,0,0,0,0,0,inatencion,0,0.63,1,0
394,11794,6,3,2759,2,1,0,0,0,0,0,1,procedimiento,1,0.52,2,0
394,11795,19,3,2378,2,1,2,0,0,0,0,0,aleatorio,1,0.4,3,0
394,11796,11,2,2067,1,1,2,0,0,0,0,0,inatencion,1,0.3,4,0
394,11797,11,3,2627,2,1,3,0,0,0,0,0,inatencion,1,0.2,5,0
394,11798,18,3,2666,1,0,0,0,0,0,0,0,aleatorio,1,0.15,6,0
394,11799,14,4,4446,2,0,0,0,0,0,0,1,aleatorio,1,0.15,7,0
394,11800,15,1,1562,1,0,0,1,1,0,0,0,procedimiento,0,0.67,0,0
394,11801,3,1,1797,1,0,0,1,1,0,0,0,procedimiento,0,0.67,0,0
394,11802,5,4,4388,1,0,0,0,1,0,0,0,procedimiento,0,0.66,0,0
394,11803,2,1,1841,1,0,0,1,1,0,0,0,procedimiento,0,0.65,0,0
394,11804,10,2,2214,1,0,0,0,1,0,0,0,procedimiento,0,0.64,0,0
394,11805,6,3,2791,2,0,0,0,0,0,0,0,conceptual,0,0.54,1,0
394,11806,5,2,1907,1,1,0,1,0,0,0,0,aleatorio,1,0.43,2,0
394,11807,1,4,3459,2,1,0,0,0,0,0,2,inatencion,1,0.32,3,0
394,11808,5,2,2897,1,0,0,0,1,0,0,0,procedimiento,0,0.62,0,0
394,11809,8,3,3216,1,1,0,0,0,0,0,0,aleatorio,0,0.51,1,0
394,11810,9,3,2939,2,0,0,0,0,0,0,2,inatencion,1,0.4,2,0
394,11811,15,3,3363,1,1,0,0,0,1,0,0,inatencion,1,0.29,3,0
394,11812,16,3,2645,1,0,0,0,1,2,0,0,procedimiento,0,0.59,0,0
394,11813,19,4,4719,1,1,0,0,0,2,0,0,conceptual,0,0.48,1,0
394,11814,18,4,4770,1,1,0,0,1,1,0,0,procedimiento,0,0.57,0,0
394,11815,13,4,5897,2,1,0,0,0,5,0,0,procedimiento,0,0.46,1,0
394,11816,17,2,3045,1,0,0,0,0,1,0,0,inatencion,1,0.36,2,0
394,11817,14,3,4115,2,1,0,0,0,0,0,0,aleatorio,1,0.25,3,0
394,11818,10,1,1923,1,0,0,1,1,4,0,0,procedimiento,0,0.54,0,0
394,11819,17,4,5115,1,1,0,0,1,0,0,0,procedimiento,0,0.53,0,0
394,11820,15,4,4400,1,0,0,0,1,0,0,0,procedimiento,0,0.53,0,0
395,11821,16,2,3394,2,0,0,0,0,0,0,0,inatencion,0,0.81,1,0
395,11822,19,2,4220,1,0,0,0,0,0,0,1,inatencion,1,0.71,2,0
395,11823,8,1,2158,1,0,0,0,1,0,0,0,procedimiento,0,0.9,0,0
395,11824,7,2,4037,1,0,0,0,1,0,0,0,procedimiento,0,0.89,0,0
395,11825,19,3,4481,3,0,0,0,0,0,0,0,inatencion,0,0.78,1,0
395,11826,17,4,6069,1,0,0,0,1,0,0,0,procedimiento,0,0.87,0,0
395,11827,10,1,2281,1,0,0,0,1,0,0,0,procedimiento,0,0.86,0,0
395,11828,18,4,6825,2,0,0,0,0,0,0,0,conceptual,0,0.75,1,0
395,11829,4,1,2703,1,1,0,0,0,0,0,0,inatencion,1,0.64,2,0
395,11830,19,2,4336,1,0,0,0,1,0,0,0,procedimiento,0,0.83,0,0
395,11831,7,1,2597,1,0,0,0,0,0,0,0,procedimiento,0,0.72,1,0
395,11832,2,3,6048,2,1,2,0,0,0,0,0,procedimiento,1,0.61,2,0
395,11833,8,3,5389,1,0,0,0,0,0,0,0,inatencion,1,0.4,3,0
395,11834,8,2,4786,1,0,0,0,0,0,0,1,inatencion,1,0.4,4,0
395,11835,6,3,5983,1,1,0,0,0,0,0,0,inatencion,1,0.29,5,0
395,11836,9,2,3053,3,0,0,0,0,0,0,0,inatencion,1,0.18,6,0
395,11837,5,2,3608,1,0,0,0,1,0,0,0,procedimiento,0,0.77,0,0
395,11838,7,2,3127,3,0,0,0,0,0,0,0,conceptual,0,0.66,1,0
395,11839,6,4,6244,1,0,0,0,1,0,0,0,procedimiento,0,0.75,0,0
395,11840,6,2,4757,3,1,0,0,0,0,0,0,consigna,0,0.64,1,0
395,11841,18,3,4112,1,0,0,0,1,0,0,0,procedimiento,0,0.73,0,0
395,11842,1,1,3795,1,0,0,0,1,0,0,0,procedimiento,0,0.72,0,0
395,11843,19,3,5456,1,0,0,0,1,0,0,0,procedimiento,0,0.71,0,0
395,11844,17,3,4463,1,1,0,0,0,0,0,0,procedimiento,0,0.6,1,0
395,11845,4,2,5804,1,0,0,0,0,0,0,0,conceptual,1,0.5,2,0
395,11846,7,3,8155,1,0,0,0,0,0,0,0,inatencion,1,0.39,3,0
395,11847,15,3,6950,2,0,0,0,0,0,0,0,inatencion,1,0.28,4,0
395,11848,5,4,7380,1,1,0,0,0,0,0,1,aleatorio,1,0.17,5,0
395,11849,14,2,3805,1,0,0,0,0,0,0,1,inatencion,1,0.15,6,0
395,11850,18,2,4819,1,0,0,0,0,0,0,0,inatencion,1,0.15,7,0
396,11851,11,1,2261,1,0,0,0,1,0,0,0,procedimiento,0,0.91,0,0
396,11852,6,3,5527,1,0,0,0,0,0,0,0,conceptual,0,0.8,1,0
396,11853,19,4,5983,1,0,0,0,0,0,0,1,inatencion,1,0.69,2,0
396,11854,5,2,3204,1,1,0,0,0,0,0,0,inatencion,1,0.4,3,0
396,11855,4,2,4220,1,1,0,0,0,0,0,1,aleatorio,1,0.4,4,0
396,11856,8,3,3676,3,1,0,0,0,0,0,3,inatencion,1,0.36,5,0
396,11857,15,2,3993,2,1,0,0,0,0,0,0,inatencion,1,0.25,6,0
396,11858,5,1,2164,1,1,1,0,0,0,0,2,inatencion,1,0.15,7,0
396,11859,16,1,2149,1,0,0,0,1,0,0,0,procedimiento,0,0.84,0,0
396,11860,17,1,2779,1,0,0,0,1,0,0,0,procedimiento,0,0.83,0,0
396,11861,7,4,6554,1,1,0,0,0,0,0,0,procedimiento,0,0.72,1,0
396,11862,7,4,6256,1,1,0,0,0,0,0,1,inatencion,1,0.61,2,0
396,11863,9,3,5761,1,1,1,0,0,0,0,1,inatencion,1,0.4,3,0
396,11864,6,2,4172,1,0,0,0,0,0,0,0,inatencion,1,0.39,4,0
396,11865,6,1,2888,2,0,0,0,0,0,0,0,aleatorio,1,0.28,5,0
396,11866,6,3,4798,2,1,0,0,0,0,0,0,inatencion,1,0.17,6,0
396,11867,10,2,4137,1,1,1,0,1,0,0,0,procedimiento,0,0.76,0,0
396,11868,19,1,2073,3,0,0,0,0,0,0,0,consigna,0,0.65,1,0
396,11869,17,1,2997,3,1,0,0,0,0,0,2,conceptual,1,0.54,2,0
396,11870,15,2,4099,1,0,0,0,1,0,0,0,procedimiento,0,0.74,0,0
396,11871,1,2,3666,3,1,0,0,0,0,0,0,consigna,0,0.63,1,0
396,11872,15,3,5999,1,0,0,0,1,0,0,0,procedimiento,0,0.72,0,0
396,11873,17,1,2694,1,0,0,0,1,0,0,0,procedimiento,0,0.71,0,0
396,11874,16,2,4409,1,0,0,0,0,0,0,0,inatencion,0,0.6,1,0
396,11875,14,4,5394,1,1,0,0,1,0,0,0,procedimiento,0,0.69,0,0
396,11876,17,3,6839,2,1,0,0,0,0,0,0,conceptual,0,0.58,1,0
396,11877,18,2,3355,1,1,0,0,1,0,0,0,procedimiento,0,0.67,0,0
396,11878,19,1,2942,1,1,0,0,1,0,0,0,procedimiento,0,0.66,0,0
396,11879,16,2,3340,1,1,0,0,0,0,0,0,procedimiento,0,0.55,1,0
396,11880,6,2,3324,2,1,0,0,0,0,0,2,conceptual,1,0.44,2,0
397,11881,1,1,1887,1,0,0,1,0,3,0,0,aleatorio,0,0.45,1,0
397,11882,17,1,1880,1,0,0,1,0,1,0,0,aleatorio,1,0.35,2,0
397,11883,1,2,3205,1,0,0,0,0,1,0,2,inatencion,1,0.24,3,0
397,11884,1,3,2845,1,1,0,0,0,1,0,0,inatencion,1,0.15,4,0
397,11885,10,1,1640,2,1,0,1,0,1,0,1,inatencion,1,0.15,5,0
397,11886,4,1,1810,1,0,0,1,1,1,0,0,procedimiento,0,0.53,0,0
397,11887,3,3,3946,2,1,0,0,0,1,0,0,consigna,0,0.42,1,0
397,11888,7,3,3823,2,1,1,0,0,2,0,0,inatencion,1,0.32,2,0
397,11889,5,1,2190,1,0,0,0,1,1,0,0,procedimiento,0,0.51,0,0
397,11890,10,1,2037,2,0,0,0,0,2,0,0,procedimiento,0,0.41,1,0
397,11891,19,2,2962,1,0,0,0,1,2,587,0,procedimiento,1,0.5,0,0
397,11892,10,3,3037,1,1,0,0,0,4,2099,0,procedimiento,1,0.39,1,0
397,11893,4,3,3514,1,1,0,0,1,0,164,0,procedimiento,1,0.49,0,0
397,11894,13,2,3300,3,1,0,0,0,1,26,0,inatencion,1,0.38,1,0
397,11895,6,2,2923,2,0,0,0,0,2,777,2,procedimiento,1,0.28,2,0
397,11896,15,1,2182,1,0,0,0,0,4,2007,1,aleatorio,1,0.17,3,0
397,11897,4,4,4066,1,0,0,0,1,2,332,0,procedimiento,1,0.47,0,0
397,11898,9,1,2023,2,0,0,0,0,3,301,0,inatencion,1,0.36,1,0
397,11899,12,4,3554,1,0,0,0,0,2,201,0,conceptual,1,0.26,2,0
397,11900,4,3,2581,1,1,0,0,1,0,228,0,procedimiento,1,0.45,0,0
397,11901,17,2,2360,1,0,0,0,1,4,264,0,procedimiento,1,0.44,0,0
397,11902,10,3,4110,1,1,0,0,0,0,217,0,procedimiento,1,0.34,1,0
397,11903,17,2,4701,1,1,0,0,0,4,1372,0,procedimiento,1,0.23,2,0
397,11904,11,1,2381,1,0,0,0,1,2,361,0,procedimiento,1,0.43,0,0
397,11905,18,2,3125,1,1,2,0,0,1,147,0,consigna,1,0.32,1,0
397,11906,2,2,4858,2,0,0,0,0,1,420,0,inatencion,1,0.22,2,0
397,11907,4,4,4230,1,0,0,0,0,1,314,2,aleatorio,1,0.15,3,0
397,11908,3,3,5450,2,0,0,0,0,2,357,1,inatencion,1,0.15,4,0
397,11909,1,2,3306,1,1,0,0,0,4,387,3,inatencion,1,0.15,5,0
397,11910,18,4,5818,2,1,2,0,0,0,154,0,inatencion,1,0.15,6,0
398,11911,6,3,4030,2,1,0,0,0,0,0,0,conceptual,0,0.7,1,0
398,11912,18,3,4046,1,0,0,0,1,0,0,0,procedimiento,0,0.79,0,0
398,11913,1,1,2402,1,0,0,0,1,0,0,0,procedimiento,0,0.78,0,0
398,11914,15,2,2355,1,1,1,0,0,0,0,0,procedimiento,0,0.67,1,0
398,11915,6,3,4432,1,0,0,0,0,0,0,0,inatencion,1,0.56,2,0
398,11916,19,2,3095,1,0,0,0,1,0,0,0,procedimiento,0,0.76,0,0
398,11917,18,3,3395,2,0,0,0,0,0,0,0,procedimiento,0,0.65,1,0
398,11918,16,2,3200,2,1,1,0,0,0,0,1,inatencion,1,0.54,2,0
398,11919,15,4,4750,1,0,0,0,1,0,0,0,procedimiento,0,0.73,0,0
398,11920,10,4,5371,1,1,2,0,1,0,0,0,procedimiento,0,0.72,0,0
398,11921,6,4,4224,1,1,0,0,1,0,0,0,procedimiento,0,0.72,0,0
398,11922,10,4,3711,2,0,0,0,0,0,0,0,inatencion,0,0.61,1,0
398,11923,8,3,3823,1,1,1,0,1,0,0,0,procedimiento,0,0.7,0,0
398,11924,6,4,4689,2,0,0,0,0,0,0,0,consigna,0,0.59,1,0
398,11925,1,1,1696,1,0,0,1,1,0,0,0,procedimiento,0,0.68,0,0
398,11926,10,2,2512,1,0,0,0,1,0,0,0,procedimiento,0,0.68,0,0
398,11927,10,3,3227,1,1,0,0,0,0,0,0,inatencion,0,0.57,1,0
398,11928,18,3,4460,1,0,0,0,0,0,0,1,procedimiento,1,0.46,2,0
398,11929,4,3,2725,2,1,0,0,0,0,0,0,inatencion,1,0.35,3,0
398,11930,15,1,2488,1,0,0,0,1,0,0,0,procedimiento,0,0.64,0,0
398,11931,9,3,3878,1,1,0,0,0,0,0,0,aleatorio,0,0.54,1,0
398,11932,17,3,5808,1,0,0,0,1,0,0,0,procedimiento,0,0.63,0,0
398,11933,13,2,3396,1,1,0,0,0,0,0,0,conceptual,0,0.52,1,0
398,11934,5,1,3450,2,0,0,0,0,0,0,1,inatencion,1,0.41,2,0
398,11935,12,1,2427,2,0,0,0,0,0,0,0,inatencion,1,0.3,3,0
398,11936,3,3,3927,1,0,0,0,1,1,0,0,procedimiento,0,0.6,0,0
398,11937,1,2,3036,2,0,0,0,0,2,0,0,consigna,0,0.49,1,0
398,11938,12,2,2628,1,1,3,0,0,1,0,2,procedimiento,1,0.38,2,0
398,11939,15,2,2444,2,0,0,0,0,0,0,0,inatencion,1,0.27,3,0
398,11940,2,2,3151,2,0,0,0,0,3,0,1,inatencion,1,0.16,4,0
399,11941,8,2,3737,1,0,0,0,1,0,0,0,procedimiento,0,0.62,0,0
399,11942,7,1,1920,1,0,0,1,1,0,0,0,procedimiento,0,0.61,0,0
399,11943,11,4,5282,1,0,0,0,1,0,0,0,procedimiento,0,0.6,0,0
399,11944,16,1,2497,1,0,0,0,1,1,0,0,procedimiento,0,0.6,0,0
399,11945,14,2,3022,1,0,0,0,1,0,0,0,procedimiento,0,0.59,0,0
399,11946,10,1,2101,3,1,2,0,0,3,0,0,inatencion,0,0.49,1,0
399,11947,1,4,4888,1,0,0,0,1,1,0,0,procedimiento,0,0.58,0,0
399,11948,8,3,5011,2,1,0,0,0,2,0,0,conceptual,0,0.47,1,0
399,11949,3,1,3162,1,0,0,0,1,0,0,0,procedimiento,0,0.57,0,0
399,11950,3,3,3208,3,1,2,0,0,2,0,0,procedimiento,0,0.46,1,0
399,11951,2,1,2204,2,1,0,0,0,0,0,1,procedimiento,1,0.36,2,0
399,11952,19,2,3151,1,0,0,0,1,1,0,0,procedimiento,0,0.55,0,0
399,11953,8,2,2660,1,1,0,0,0,2,0,0,inatencion,0,0.44,1,0
399,11954,10,4,6610,3,0,0,0,0,2,0,0,procedimiento,1,0.34,2,0
399,11955,18,2,4248,1,0,0,0,1,1,0,0,procedimiento,0,0.53,0,0
399,11956,1,1,1977,1,0,0,1,1,3,0,0,procedimiento,0,0.52,0,0
399,11957,11,4,6330,2,0,0,0,0,1,0,0,aleatorio,0,0.42,1,0
399,11958,6,4,5789,1,0,0,0,1,0,0,0,procedimiento,0,0.51,0,0
399,11959,6,3,5321,1,0,0,0,0,0,0,0,conceptual,0,0.41,1,0
399,11960,19,2,4251,1,0,0,0,1,0,47,0,procedimiento,1,0.5,0,0
399,11961,19,1,2987,1,0,0,0,1,1,20,0,procedimiento,1,0.49,0,0
399,11962,13,4,7620,3,1,0,0,0,1,839,0,conceptual,1,0.39,1,0
399,11963,3,3,5327,1,0,0,0,1,5,379,0,procedimiento,1,0.48,0,0
399,11964,18,2,4887,1,1,1,0,1,2,61,0,procedimiento,1,0.48,0,0
399,11965,11,1,3719,1,1,0,0,0,0,731,0,procedimiento,1,0.37,1,0
399,11966,9,2,5215,2,1,0,0,0,1,15,2,inatencion,1,0.26,2,0
399,11967,2,1,4115,3,0,0,0,0,0,445,0,aleatorio,1,0.16,3,0
399,11968,4,4,6618,1,1,0,0,1,0,1024,0,procedimiento,1,0.45,0,0
399,11969,19,1,3337,1,0,0,0,1,4,84,0,procedimiento,1,0.44,0,0
399,11970,5,3,4798,1,0,0,0,1,1,47,0,procedimiento,1,0.44,0,0
400,11971,10,1,2617,1,1,0,0,1,0,0,0,procedimiento,0,0.63,0,0
400,11972,14,3,3687,1,1,0,0,0,0,0,0,conceptual,0,0.52,1,0
400,11973,1,3,3659,1,1,0,0,1,0,0,0,procedimiento,0,0.62,0,0
400,11974,7,2,2805,1,0,0,0,1,0,0,0,procedimiento,0,0.61,0,0
400,11975,15,3,3032,2,0,0,0,0,0,0,0,consigna,0,0.51,1,0
400,11976,5,2,3447,2,0,0,0,0,1,0,0,conceptual,1,0.4,2,0
400,11977,6,3,4268,1,1,0,0,1,0,0,0,procedimiento,0,0.59,0,0
400,11978,6,1,1879,1,0,0,1,1,2,0,0,procedimiento,0,0.59,0,0
400,11979,14,3,4474,1,0,0,0,0,2,0,0,procedimiento,0,0.48,1,0
400,11980,3,2,2207,1,1,0,0,0,3,0,0,conceptual,1,0.37,2,0
400,11981,2,1,2614,1,0,0,0,1,3,0,0,procedimiento,0,0.57,0,0
400,11982,3,4,5950,1,1,1,0,1,2,0,0,procedimiento,0,0.56,0,0
400,11983,17,3,3243,1,0,0,0,0,0,0,0,inatencion,0,0.45,1,0
400,11984,13,1,2293,2,1,0,0,0,1,0,0,consigna,1,0.35,2,0
400,11985,10,1,1991,1,0,0,1,1,1,0,0,procedimiento,0,0.54,0,0
400,11986,6,2,2307,1,1,0,0,1,2,0,0,procedimiento,0,0.54,0,0
400,11987,9,2,2745,1,0,0,0,0,3,0,0,consigna,0,0.43,1,0
400,11988,17,4,4815,1,0,0,0,0,2,0,1,consigna,1,0.32,2,0
400,11989,1,4,4917,1,0,0,0,0,4,0,1,inatencion,1,0.22,3,0
400,11990,19,3,3603,1,0,0,0,1,0,0,0,procedimiento,0,0.51,0,0
400,11991,8,4,4146,1,0,0,0,0,3,0,0,procedimiento,0,0.4,1,0
400,11992,11,3,6964,1,0,0,0,0,0,791,0,procedimiento,1,0.3,2,0
400,11993,19,1,2649,1,0,0,0,1,1,130,0,procedimiento,1,0.49,0,0
400,11994,11,2,4262,1,0,0,0,1,1,154,0,procedimiento,1,0.49,0,0
400,11995,3,2,3219,1,0,0,0,1,2,145,0,procedimiento,1,0.48,0,0
400,11996,17,3,6113,2,0,0,0,0,2,320,0,inatencion,1,0.37,1,0
400,11997,1,2,4712,1,0,0,0,1,0,344,0,procedimiento,1,0.47,0,0
400,11998,4,2,4448,3,0,0,0,0,4,157,0,inatencion,1,0.36,1,0
400,11999,17,3,3848,1,0,0,0,1,2,60,0,procedimiento,1,0.45,0,0
400,12000,10,2,3317,2,0,0,0,0,0,567,0,procedimiento,1,0.35,1,0
401,12001,11,3,3255,1,0,0,0,1,0,0,0,procedimiento,0,0.74,0,0
401,12002,16,2,3220,2,0,0,0,0,0,0,0,inatencion,0,0.64,1,0
401,12003,8,2,3077,1,1,0,0,1,0,0,0,procedimiento,0,0.73,0,0
401,12004,13,1,1905,2,0,0,1,0,0,0,0,inatencion,0,0.62,1,0
401,12005,19,3,3506,1,0,0,0,0,0,0,0,inatencion,1,0.51,2,0
401,12006,5,1,1651,1,0,0,1,0,0,0,1,inatencion,1,0.4,3,0
401,12007,9,3,3838,1,1,0,0,1,0,0,0,procedimiento,0,0.7,0,0
401,12008,11,2,3144,1,1,0,0,1,0,0,0,procedimiento,0,0.69,0,0
401,12009,16,2,2949,2,0,0,0,0,0,0,0,aleatorio,0,0.58,1,0
401,12010,10,1,2026,2,0,0,0,0,0,0,0,consigna,1,0.48,2,0
401,12011,16,1,1728,1,0,0,1,1,0,0,0,procedimiento,0,0.67,0,0
401,12012,17,1,2122,1,0,0,0,0,0,0,0,procedimiento,0,0.56,1,0
401,12013,3,1,2315,1,0,0,0,1,0,0,0,procedimiento,0,0.65,0,0
401,12014,10,3,3283,1,0,0,0,0,0,0,0,conceptual,0,0.55,1,0
401,12015,3,2,2592,1,0,0,0,0,0,0,0,inatencion,1,0.44,2,0
401,12016,9,4,5543,2,1,1,0,0,0,0,0,inatencion,1,0.33,3,0
401,12017,14,4,3913,1,0,0,0,0,0,0,1,inatencion,1,0.23,4,0
401,12018,12,3,2713,1,0,0,0,1,0,0,0,procedimiento,0,0.62,0,0
401,12019,17,2,2875,1,0,0,0,1,0,0,0,procedimiento,0,0.61,0,0
401,12020,4,2,3624,2,0,0,0,0,0,0,0,consigna,0,0.5,1,0
401,12021,11,2,2469,2,1,0,0,0,0,0,1,procedimiento,1,0.4,2,0
401,12022,12,2,4321,2,1,1,0,0,2,0,0,inatencion,1,0.29,3,0
401,12023,3,1,3455,1,1,0,0,0,2,0,0,inatencion,1,0.18,4,0
401,12024,11,3,6355,1,0,0,0,0,2,0,2,inatencion,1,0.15,5,0
401,12025,3,4,4644,2,0,0,0,0,1,0,0,inatencion,1,0.15,6,0
401,12026,6,3,4418,2,1,1,0,0,1,0,0,inatencion,1,0.15,7,0
401,12027,14,3,6590,2,0,0,0,0,1,0,1,inatencion,1,0.15,8,0
401,12028,10,1,1670,1,0,0,1,1,0,0,0,procedimiento,0,0.54,0,0
401,12029,4,2,2230,2,0,0,0,0,0,0,0,inatencion,0,0.44,1,0
401,12030,16,2,3517,3,1,1,0,0,2,0,0,consigna,1,0.33,2,0
402,12031,13,3,3415,1,1,0,0,0,0,0,0,conceptual,0,0.85,1,0
402,12032,9,2,2167,1,1,1,0,1,0,0,0,procedimiento,0,0.94,0,0
402,12033,7,4,4380,1,1,1,0,0,0,0,0,inatencion,0,0.83,1,0
402,12034,18,3,2627,3,1,0,0,0,0,0,0,conceptual,1,0.72,2,0
402,12035,12,3,3049,1,1,0,0,1,0,0,0,procedimiento,0,0.91,0,0
402,12036,15,2,3197,1,0,0,0,0,0,0,0,inatencion,0,0.8,1,0
402,12037,9,2,2406,1,0,0,0,0,0,0,1,procedimiento,1,0.69,2,0
402,12038,14,2,2855,1,0,0,0,1,0,0,0,procedimiento,0,0.88,0,0
402,12039,15,3,2814,1,0,0,0,0,0,0,0,procedimiento,0,0.77,1,0
402,12040,3,2,2375,1,1,2,0,0,0,0,0,procedimiento,1,0.66,2,0
402,12041,8,3,2516,2,0,0,0,0,0,0,0,inatencion,1,0.4,3,0
402,12042,9,3,3212,3,1,0,0,0,0,0,0,inatencion,1,0.4,4,0
402,12043,8,1,1997,1,1,0,1,1,0,0,0,procedimiento,0,0.83,0,0
402,12044,17,2,2923,1,0,0,0,0,0,0,0,procedimiento,0,0.72,1,0
402,12045,18,4,4218,2,1,2,0,0,0,0,0,procedimiento,1,0.61,2,0
402,12046,5,2,2364,2,0,0,0,0,0,0,0,inatencion,1,0.4,3,0
402,12047,8,1,1687,1,1,3,1,0,0,0,0,inatencion,1,0.39,4,0
402,12048,12,4,3357,1,1,0,0,0,0,0,3,inatencion,1,0.29,5,0
402,12049,18,3,2951,1,0,0,0,1,0,0,0,procedimiento,0,0.78,0,0
402,12050,16,3,3732,2,1,1,0,0,0,0,0,conceptual,0,0.67,1,0
402,12051,4,1,2274,1,0,0,0,0,0,0,0,procedimiento,1,0.56,2,0
402,12052,15,2,2892,2,0,0,0,0,0,0,0,inatencion,1,0.4,3,0
402,12053,11,3,3368,1,1,3,0,1,0,0,0,procedimiento,0,0.74,0,0
402,12054,9,2,3425,1,1,1,0,0,0,0,0,conceptual,0,0.63,1,0
402,12055,5,3,4174,1,0,0,0,0,0,0,0,conceptual,1,0.52,2,0
402,12056,4,3,3432,1,1,0,0,0,0,0,2,inatencion,1,0.4,3,0
402,12057,14,2,3516,1,0,0,0,1,0,0,0,procedimiento,0,0.7,0,0
402,12058,19,3,3732,2,0,0,0,0,0,0,0,conceptual,0,0.59,1,0
402,12059,7,3,2752,1,1,1,0,0,0,0,1,conceptual,1,0.48,2,0
402,12060,3,2,3763,1,0,0,0,1,0,0,0,procedimiento,0,0.67,0,0
403,12061,9,1,1934,1,1,0,1,1,0,0,0,procedimiento,0,0.68,0,0
403,12062,10,3,3053,2,0,0,0,0,0,0,0,conceptual,0,0.57,1,0
403,12063,11,2,3620,1,0,0,0,1,0,0,0,procedimiento,0,0.66,0,0
403,12064,14,1,2033,1,0,0,0,1,0,0,0,procedimiento,0,0.65,0,0
403,12065,15,3,4883,1,1,0,0,0,0,0,0,conceptual,0,0.55,1,0
403,12066,9,1,1861,1,0,0,1,1,0,0,0,procedimiento,0,0.64,0,0
403,12067,5,1,2229,1,0,0,0,1,0,0,0,procedimiento,0,0.63,0,0
403,12068,6,1,2437,2,0,0,0,0,0,0,0,conceptual,0,0.53,1,0
403,12069,2,4,4278,3,1,0,0,0,0,0,0,consigna,1,0.42,2,0
403,12070,15,2,2473,1,1,0,0,1,0,0,0,procedimiento,0,0.61,0,0
403,12071,11,3,4270,2,1,0,0,0,0,0,0,conceptual,0,0.51,1,0
403,12072,7,2,3583,3,0,0,0,0,0,0,2,inatencion,1,0.4,2,0
403,12073,12,3,4321,1,1,0,0,0,1,0,0,aleatorio,1,0.29,3,0
403,12074,1,2,2178,1,0,0,0,1,3,0,0,procedimiento,0,0.59,0,0
403,12075,12,2,3679,1,0,0,0,1,3,0,0,procedimiento,0,0.58,0,0
403,12076,12,2,3582,1,0,0,0,0,0,0,0,inatencion,0,0.47,1,0
403,12077,9,3,2926,2,1,0,0,0,1,0,3,inatencion,1,0.37,2,0
403,12078,18,1,1927,1,0,0,1,1,2,0,0,procedimiento,0,0.56,0,0
403,12079,11,4,5250,1,0,0,0,0,1,0,0,procedimiento,0,0.45,1,0
403,12080,17,1,2152,3,0,0,0,0,3,0,0,conceptual,1,0.35,2,0
403,12081,16,4,5332,3,0,0,0,0,2,0,0,inatencion,1,0.24,3,0
403,12082,4,1,2627,1,0,0,0,1,1,0,0,procedimiento,0,0.53,0,0
403,12083,4,4,7447,1,1,0,0,1,0,0,0,procedimiento,0,0.53,0,0
403,12084,1,1,3538,2,0,0,0,0,1,0,0,inatencion,0,0.42,1,0
403,12085,7,2,3602,3,1,1,0,0,0,0,1,conceptual,1,0.31,2,0
403,12086,9,2,3180,2,1,0,0,0,1,0,0,aleatorio,1,0.21,3,0
403,12087,7,1,1857,1,0,0,1,1,3,379,0,procedimiento,1,0.5,0,0
403,12088,18,4,5573,1,1,2,0,1,1,201,0,procedimiento,1,0.49,0,0
403,12089,6,2,3455,3,1,1,0,0,1,6,0,inatencion,1,0.39,1,0
403,12090,17,3,6272,2,1,0,0,0,1,169,0,inatencion,1,0.28,2,0
404,12091,18,2,2543,1,0,0,0,1,0,0,0,procedimiento,0,0.61,0,0
404,12092,6,2,1791,1,0,0,1,1,0,0,0,procedimiento,0,0.6,0,0
404,12093,11,1,1531,1,0,0,1,1,0,0,0,procedimiento,0,0.59,0,0
404,12094,4,3,2568,1,0,0,0,1,0,0,0,procedimiento,0,0.59,0,0
404,12095,18,2,2384,1,0,0,0,0,4,0,0,procedimiento,0,0.48,1,0
404,12096,4,4,4155,2,0,0,0,0,3,0,0,procedimiento,1,0.38,2,0
404,12097,2,4,3112,1,0,0,0,1,4,0,0,procedimiento,0,0.57,0,0
404,12098,8,4,4355,2,1,0,0,0,2,0,0,procedimiento,0,0.46,1,0
404,12099,6,1,1871,2,0,0,1,0,1,0,1,aleatorio,1,0.36,2,0
404,12100,19,4,3608,1,1,0,0,1,2,0,0,procedimiento,0,0.55,0,0
404,12101,1,1,1671,1,1,0,1,1,2,0,0,procedimiento,0,0.55,0,0
404,12102,13,2,2266,1,1,0,0,1,1,0,0,procedimiento,0,0.54,0,0
404,12103,8,3,3192,1,0,0,0,1,2,0,0,procedimiento,0,0.53,0,0
404,12104,13,4,2987,2,0,0,0,0,3,0,0,inatencion,0,0.43,1,0
404,12105,12,3,3047,1,0,0,0,1,4,0,0,procedimiento,0,0.52,0,0
404,12106,17,1,2074,2,0,0,0,0,4,0,0,conceptual,0,0.42,1,0
404,12107,4,1,1465,1,0,0,1,1,0,0,0,procedimiento,0,0.51,0,0
404,12108,14,3,3545,3,0,0,0,0,2,0,0,inatencion,0,0.4,1,0
404,12109,2,2,2143,2,0,0,0,0,0,57,0,inatencion,1,0.3,2,0
404,12110,9,1,1449,1,0,0,1,0,3,194,0,inatencion,1,0.19,3,0
404,12111,11,2,2479,1,0,0,0,1,0,333,0,procedimiento,1,0.48,0,0
404,12112,15,3,3119,1,0,0,0,1,1,664,0,procedimiento,1,0.48,0,0
404,12113,11,3,4495,2,0,0,0,0,2,23,0,inatencion,1,0.37,1,0
404,12114,5,4,4994,1,0,0,0,1,1,160,0,procedimiento,1,0.47,0,0
404,12115,15,1,3044,1,0,0,0,1,1,604,0,procedimiento,1,0.46,0,0
404,12116,12,2,2918,1,0,0,0,1,4,133,0,procedimiento,1,0.45,0,0
404,12117,5,4,4434,1,0,0,0,1,0,555,0,procedimiento,1,0.45,0,0
404,12118,13,4,5162,1,0,0,0,1,2,2461,0,procedimiento,1,0.44,0,0
404,12119,11,3,4358,1,0,0,0,1,1,467,0,procedimiento,1,0.44,0,0
404,12120,4,3,3463,1,0,0,0,0,0,518,0,inatencion,1,0.33,1,0
405,12121,5,2,3976,1,0,0,0,0,0,0,0,inatencion,0,0.76,1,0
405,12122,8,2,4039,1,0,0,0,1,0,0,0,procedimiento,0,0.85,0,0
405,12123,11,4,4412,2,1,2,0,0,0,0,0,procedimiento,0,0.74,1,0
405,12124,8,2,4109,1,0,0,0,1,0,0,0,procedimiento,0,0.83,0,0
405,12125,3,1,2964,1,0,0,0,1,0,0,0,procedimiento,0,0.82,0,0
405,12126,9,1,2372,1,0,0,0,1,0,0,0,procedimiento,0,0.82,0,0
405,12127,2,4,5492,2,1,0,0,0,0,0,0,procedimiento,0,0.71,1,0
405,12128,8,2,3650,1,0,0,0,0,0,0,1,conceptual,1,0.6,2,0
405,12129,2,3,3253,2,0,0,0,0,0,0,0,aleatorio,1,0.4,3,0
405,12130,1,3,3446,2,1,0,0,0,0,0,1,inatencion,1,0.38,4,0
405,12131,12,4,6103,1,1,0,0,0,0,0,0,inatencion,1,0.27,5,0
405,12132,1,2,2490,1,1,2,0,1,0,0,0,procedimiento,0,0.76,0,0
405,12133,5,1,2963,1,0,0,0,0,0,0,0,consigna,0,0.66,1,0
405,12134,19,1,2067,2,0,0,0,0,0,0,0,consigna,1,0.55,2,0
405,12135,6,4,5301,1,1,2,0,0,0,0,2,aleatorio,1,0.4,3,0
405,12136,15,3,4815,3,1,0,0,0,0,0,0,aleatorio,1,0.33,4,0
405,12137,6,3,5110,1,1,0,0,0,0,0,0,aleatorio,1,0.22,5,0
405,12138,4,3,4122,1,1,0,0,1,0,0,0,procedimiento,0,0.71,0,0
405,12139,17,1,2176,3,0,0,0,0,0,0,0,procedimiento,0,0.6,1,0
405,12140,6,2,3775,1,0,0,0,1,0,0,0,procedimiento,0,0.7,0,0
405,12141,8,4,5581,1,1,1,0,0,0,0,0,consigna,0,0.59,1,0
405,12142,4,2,3785,1,0,0,0,0,0,0,2,conceptual,1,0.48,2,0
405,12143,4,2,4505,1,0,0,0,1,0,0,0,procedimiento,0,0.67,0,0
405,12144,16,2,4302,1,1,0,0,1,0,0,0,procedimiento,0,0.66,0,0
405,12145,8,3,6914,1,0,0,0,0,0,0,0,conceptual,0,0.55,1,0
405,12146,10,1,2263,1,0,0,0,1,0,0,0,procedimiento,0,0.64,0,0
405,12147,1,1,3505,2,0,0,0,0,0,0,0,procedimiento,0,0.54,1,0
405,12148,10,3,6429,1,1,1,0,0,0,0,1,procedimiento,1,0.43,2,0
405,12149,14,1,2907,1,0,0,0,1,0,0,0,procedimiento,0,0.62,0,0
405,12150,4,2,4920,1,1,0,0,1,0,0,0,procedimiento,0,0.61,0,0
406,12151,12,3,5040,1,1,0,0,0,1,48,0,consigna,1,0.36,1,0
406,12152,3,2,3937,1,0,0,0,1,1,720,0,procedimiento,1,0.46,0,0
406,12153,18,4,5895,1,0,0,0,0,2,435,0,consigna,1,0.35,1,0
406,12154,5,2,3389,1,0,0,0,1,2,253,0,procedimiento,1,0.45,0,0
406,12155,8,4,6902,1,0,0,0,1,1,15,0,procedimiento,1,0.44,0,0
406,12156,12,3,5450,1,1,0,0,1,1,122,0,procedimiento,1,0.44,0,0
406,12157,19,1,2045,1,0,0,0,0,1,345,0,procedimiento,1,0.33,1,0
406,12158,11,2,2577,1,0,0,0,1,4,1215,0,procedimiento,1,0.43,0,0
406,12159,7,3,3637,2,0,0,0,0,2,1091,0,inatencion,1,0.32,1,0
406,12160,8,3,5511,2,1,0,0,0,2,42,3,procedimiento,1,0.22,2,0
406,12161,14,1,2455,1,0,0,0,1,1,332,0,procedimiento,1,0.41,0,0
406,12162,15,3,4573,1,0,0,0,1,6,2276,0,procedimiento,1,0.41,0,0
406,12163,18,1,1994,2,0,0,1,0,0,79,0,inatencion,1,0.3,1,0
406,12164,13,3,4218,1,1,1,0,0,5,44,1,conceptual,1,0.2,2,0
406,12165,13,3,3538,1,0,0,0,1,3,206,1,procedimiento,1,0.4,0,0
406,12166,5,4,5150,2,1,0,0,0,0,280,1,procedimiento,1,0.29,1,0
406,12167,9,2,2764,1,1,0,0,0,0,1630,0,inatencion,1,0.19,2,0
406,12168,6,3,5433,3,0,0,0,0,2,431,2,inatencion,1,0.15,3,0
406,12169,13,3,4585,1,1,0,0,1,0,565,1,procedimiento,1,0.38,0,0
406,12170,6,4,5197,1,0,0,0,1,2,325,3,procedimiento,1,0.37,0,0
406,12171,6,4,6918,2,0,0,0,0,1,258,1,procedimiento,1,0.27,1,0
406,12172,5,2,4203,1,0,0,0,0,3,584,2,aleatorio,1,0.16,2,0
406,12173,14,1,2427,1,0,0,0,0,1,731,2,aleatorio,1,0.15,3,0
406,12174,2,4,5892,1,1,0,0,0,1,666,1,inatencion,1,0.15,4,0
406,12175,12,4,5306,1,0,0,0,0,3,112,2,inatencion,1,0.15,5,0
406,12176,13,2,2925,3,0,0,0,0,2,1635,0,inatencion,1,0.15,6,0
406,12177,2,3,5905,1,0,0,0,0,2,364,2,aleatorio,1,0.15,7,0
406,12178,14,3,5246,2,1,0,0,0,5,359,2,inatencion,1,0.15,8,0
406,12179,7,3,5208,2,1,0,0,0,1,633,0,aleatorio,1,0.15,9,0
406,12180,2,1,3487,1,1,0,0,0,0,156,2,inatencion,1,0.15,10,0
407,12181,18,2,1643,1,0,0,1,1,0,0,0,procedimiento,0,0.79,0,0
407,12182,2,3,1969,1,1,0,1,1,0,0,0,procedimiento,0,0.78,0,0
407,12183,3,3,2035,3,0,0,0,0,0,0,0,inatencion,0,0.67,1,0
407,12184,17,1,1481,1,0,0,1,1,0,0,0,procedimiento,0,0.77,0,0
407,12185,10,2,2024,1,0,0,0,1,0,0,0,procedimiento,0,0.76,0,0
407,12186,9,4,3903,2,0,0,0,0,0,0,0,consigna,0,0.65,1,0
407,12187,1,3,3191,1,1,1,0,0,0,0,1,inatencion,1,0.54,2,0
407,12188,9,4,3417,1,0,0,0,1,0,0,0,procedimiento,0,0.73,0,0
407,12189,11,3,1917,1,0,0,1,1,0,0,0,procedimiento,0,0.73,0,0
407,12190,17,4,3206,1,0,0,0,1,0,0,0,procedimiento,0,0.72,0,0
407,12191,9,1,1455,1,0,0,1,1,0,0,0,procedimiento,0,0.71,0,0
407,12192,8,2,2552,1,1,0,0,0,0,0,0,procedimiento,0,0.6,1,0
407,12193,7,1,1567,1,0,0,1,1,0,0,0,procedimiento,0,0.69,0,0
407,12194,6,4,4045,1,0,0,0,1,0,0,0,procedimiento,0,0.69,0,0
407,12195,16,2,2583,2,0,0,0,0,0,0,0,inatencion,0,0.58,1,0
407,12196,6,4,3109,1,0,0,0,1,0,0,0,procedimiento,0,0.67,0,0
407,12197,19,1,1348,2,0,0,1,0,0,0,0,inatencion,0,0.56,1,0
407,12198,19,2,2330,1,0,0,0,1,0,0,0,procedimiento,0,0.66,0,0
407,12199,13,3,2562,3,0,0,0,0,0,0,0,inatencion,0,0.55,1,0
407,12200,13,3,2673,2,0,0,0,0,0,0,0,inatencion,1,0.44,2,0
407,12201,15,3,2139,1,0,0,0,1,0,0,0,procedimiento,0,0.63,0,0
407,12202,1,3,3819,2,1,0,0,0,0,0,0,inatencion,0,0.52,1,0
407,12203,10,3,2529,1,0,0,0,1,0,0,0,procedimiento,0,0.62,0,0
407,12204,19,4,4544,1,0,0,0,1,0,0,0,procedimiento,0,0.61,0,0
407,12205,18,3,4655,1,1,0,0,0,0,0,0,inatencion,0,0.5,1,0
407,12206,6,3,3515,2,0,0,0,0,2,0,0,procedimiento,1,0.39,2,0
407,12207,19,4,5497,1,0,0,0,1,1,0,0,procedimiento,0,0.58,0,0
407,12208,9,4,5571,1,0,0,0,1,3,0,0,procedimiento,0,0.58,0,0
407,12209,13,3,3425,1,1,0,0,1,3,0,0,procedimiento,0,0.57,0,0
407,12210,4,1,1269,3,0,0,1,0,2,0,0,aleatorio,0,0.46,1,0
408,12211,3,2,1523,1,0,0,1,0,0,0,0,inatencion,0,0.8,1,0
408,12212,13,1,1471,1,0,0,1,1,0,0,0,procedimiento,0,0.89,0,0
408,12213,17,2,1745,1,0,0,1,0,0,0,0,aleatorio,0,0.78,1,0
408,12214,13,2,1775,1,0,0,1,1,0,0,0,procedimiento,0,0.87,0,0
408,12215,19,2,1806,3,0,0,1,0,0,0,0,inatencion,0,0.76,1,0
408,12216,9,1,1388,1,1,0,1,1,0,0,0,procedimiento,0,0.85,0,0
408,12217,18,1,1570,1,0,0,1,1,0,0,0,procedimiento,0,0.84,0,0
408,12218,2,2,1441,1,0,0,1,1,0,0,0,procedimiento,0,0.83,0,0
408,12219,3,4,3825,1,0,0,0,1,0,0,0,procedimiento,0,0.82,0,0
408,12220,9,3,2861,1,0,0,0,1,0,0,0,procedimiento,0,0.82,0,0
408,12221,15,2,1770,1,1,2,1,1,0,0,0,procedimiento,0,0.81,0,0
408,12222,5,2,1564,1,0,0,1,1,0,0,0,procedimiento,0,0.8,0,0
408,12223,14,4,2543,1,0,0,0,1,0,0,0,procedimiento,0,0.79,0,0
408,12224,3,3,2849,1,0,0,0,1,0,0,0,procedimiento,0,0.78,0,0
408,12225,9,2,2247,1,0,0,0,1,0,0,0,procedimiento,0,0.77,0,0
408,12226,12,3,1852,2,0,0,1,0,0,0,0,inatencion,0,0.66,1,0
408,12227,19,3,2943,2,1,0,0,0,0,0,1,conceptual,1,0.55,2,0
408,12228,15,1,1153,1,0,0,1,1,0,0,0,procedimiento,0,0.74,0,0
408,12229,11,4,3062,1,0,0,0,0,0,0,0,conceptual,0,0.63,1,0
408,12230,1,3,2852,1,1,0,0,0,0,0,1,consigna,1,0.53,2,0
408,12231,14,3,3177,1,1,1,0,0,0,0,1,inatencion,1,0.4,3,0
408,12232,8,3,2895,1,1,1,0,0,0,0,1,aleatorio,1,0.31,4,0
408,12233,1,1,2394,2,0,0,0,0,0,0,0,aleatorio,1,0.2,5,0
408,12234,9,3,2018,2,1,0,0,0,0,0,0,aleatorio,1,0.15,6,0
408,12235,10,3,4238,1,0,0,0,1,0,0,0,procedimiento,0,0.68,0,0
408,12236,8,4,3852,1,0,0,0,1,0,0,0,procedimiento,0,0.67,0,0
408,12237,9,3,3242,1,0,0,0,1,0,0,0,procedimiento,0,0.66,0,0
408,12238,1,3,4599,2,1,0,0,0,0,0,0,inatencion,0,0.55,1,0
408,12239,7,1,2258,1,0,0,0,1,0,0,0,procedimiento,0,0.65,0,0
408,12240,7,1,2188,1,0,0,0,1,0,0,0,procedimiento,0,0.64,0,0
409,12241,11,2,2927,1,0,0,0,1,0,0,0,procedimiento,0,0.64,0,0
409,12242,15,2,2656,1,0,0,0,1,0,0,0,procedimiento,0,0.64,0,0
409,12243,4,3,4081,1,0,0,0,1,0,0,0,procedimiento,0,0.63,0,0
409,12244,8,3,2988,2,1,0,0,0,0,0,0,procedimiento,0,0.52,1,0
409,12245,4,2,3039,1,1,0,0,0,0,0,0,conceptual,1,0.42,2,0
409,12246,6,1,1780,1,0,0,1,0,0,0,2,inatencion,1,0.31,3,0
409,12247,8,2,3371,1,0,0,0,1,0,0,0,procedimiento,0,0.6,0,0
409,12248,12,3,4129,1,1,0,0,1,0,0,0,procedimiento,0,0.6,0,0
409,12249,12,3,3517,1,1,0,0,1,1,0,0,procedimiento,0,0.59,0,0
409,12250,14,2,2555,1,0,0,0,0,1,0,0,procedimiento,0,0.49,1,0
409,12251,7,3,4292,1,1,1,0,0,0,0,1,conceptual,1,0.38,2,0
409,12252,12,4,5219,1,1,0,0,1,0,0,0,procedimiento,0,0.57,0,0
409,12253,3,3,3760,1,1,1,0,1,3,0,0,procedimiento,0,0.57,0,0
409,12254,10,2,2736,1,0,0,0,1,0,0,0,procedimiento,0,0.56,0,0
409,12255,3,1,1675,1,0,0,1,1,1,0,0,procedimiento,0,0.55,0,0
409,12256,9,2,3358,1,0,0,0,1,2,0,0,procedimiento,0,0.55,0,0
409,12257,7,4,5702,2,0,0,0,0,1,0,0,inatencion,0,0.44,1,0
409,12258,9,4,4449,1,1,1,0,0,2,0,2,conceptual,1,0.33,2,0
409,12259,17,2,2355,1,0,0,0,1,1,0,0,procedimiento,0,0.53,0,0
409,12260,9,3,3819,1,1,2,0,0,1,0,0,conceptual,0,0.42,1,0
409,12261,3,4,4601,1,1,0,0,1,0,0,0,procedimiento,0,0.51,0,0
409,12262,18,1,3102,1,1,0,0,0,1,0,0,inatencion,0,0.41,1,0
409,12263,4,1,2648,1,0,0,0,1,0,0,0,procedimiento,0,0.5,0,0
409,12264,1,2,4570,1,0,0,0,1,1,131,0,procedimiento,1,0.5,0,0
409,12265,13,2,2560,1,0,0,0,1,2,581,0,procedimiento,1,0.49,0,0
409,12266,5,3,3915,1,0,0,0,1,1,265,0,procedimiento,1,0.48,0,0
409,12267,16,4,4408,1,1,0,0,0,2,242,0,inatencion,1,0.38,1,0
409,12268,7,3,5033,1,1,0,0,1,3,61,0,procedimiento,1,0.47,0,0
409,12269,3,4,5018,1,1,0,0,1,2,116,0,procedimiento,1,0.46,0,0
409,12270,8,3,5806,1,1,3,0,0,1,603,0,inatencion,1,0.36,1,0
410,12271,14,2,2517,1,0,0,0,1,0,0,0,procedimiento,0,0.8,0,0
410,12272,14,2,2092,1,0,0,0,1,0,0,0,procedimiento,0,0.79,0,0
410,12273,7,3,3112,2,1,0,0,0,0,0,0,inatencion,0,0.68,1,0
410,12274,12,4,4939,1,0,0,0,0,0,0,0,inatencion,1,0.58,2,0
410,12275,6,3,3874,1,0,0,0,1,0,0,0,procedimiento,0,0.77,0,0
410,12276,17,3,3983,2,1,0,0,0,0,0,0,inatencion,0,0.66,1,0
410,12277,10,1,1936,1,0,0,1,0,0,0,2,aleatorio,1,0.55,2,0
410,12278,5,2,3054,1,0,0,0,0,0,0,1,inatencion,1,0.4,3,0
410,12279,15,2,3223,1,1,0,0,1,0,0,0,procedimiento,0,0.74,0,0
410,12280,10,1,2452,1,0,0,0,1,0,0,0,procedimiento,0,0.73,0,0
410,12281,10,4,4769,1,0,0,0,1,0,0,0,procedimiento,0,0.72,0,0
410,12282,2,4,4926,1,1,0,0,1,0,0,0,procedimiento,0,0.71,0,0
410,12283,19,2,3426,1,0,0,0,0,0,0,0,procedimiento,0,0.6,1,0
410,12284,7,3,4215,3,1,0,0,0,0,0,0,inatencion,1,0.5,2,0
410,12285,17,4,5505,2,0,0,0,0,0,0,0,inatencion,1,0.39,3,0
410,12286,11,1,2190,1,0,0,0,1,0,0,0,procedimiento,0,0.68,0,0
410,12287,8,3,4092,1,1,0,0,0,0,0,0,inatencion,0,0.57,1,0
410,12288,7,2,2613,1,1,1,0,0,0,0,2,inatencion,1,0.46,2,0
410,12289,8,1,2215,1,0,0,0,0,0,0,0,aleatorio,1,0.36,3,0
410,12290,12,2,3154,1,0,0,0,0,0,0,0,aleatorio,1,0.25,4,0
410,12291,14,1,1682,2,0,0,1,0,0,0,1,aleatorio,1,0.15,5,0
410,12292,3,2,4290,3,0,0,0,0,0,0,1,aleatorio,1,0.15,6,0
410,12293,7,4,4861,2,0,0,0,0,0,0,4,inatencion,1,0.15,7,0
410,12294,10,1,2482,1,0,0,0,1,0,0,0,procedimiento,0,0.62,0,0
410,12295,19,4,5204,1,1,0,0,1,0,0,0,procedimiento,0,0.61,0,0
410,12296,15,2,3638,1,0,0,0,1,0,0,0,procedimiento,0,0.6,0,0
410,12297,6,2,2633,1,0,0,0,0,1,0,0,conceptual,0,0.49,1,0
410,12298,12,4,4391,2,0,0,0,0,1,0,0,inatencion,1,0.38,2,0
410,12299,15,4,4497,2,1,0,0,0,0,0,1,aleatorio,1,0.28,3,0
410,12300,2,2,4100,2,0,0,0,0,1,0,1,inatencion,1,0.17,4,0
411,12301,9,2,3542,1,0,0,0,1,0,0,0,procedimiento,0,0.66,0,0
411,12302,19,3,4232,3,1,0,0,0,0,0,0,procedimiento,0,0.56,1,0
411,12303,2,3,4420,2,1,2,0,0,0,0,1,conceptual,1,0.45,2,0
411,12304,8,2,2178,1,1,1,0,0,0,0,0,aleatorio,1,0.34,3,0
411,12305,19,4,4965,1,0,0,0,0,0,0,2,aleatorio,1,0.24,4,0
411,12306,17,4,4142,1,1,0,0,0,0,0,0,inatencion,1,0.15,5,0
411,12307,8,2,3249,1,0,0,0,0,0,0,2,aleatorio,1,0.15,6,0
411,12308,11,4,3895,1,0,0,0,1,0,0,0,procedimiento,0,0.62,0,0
411,12309,7,1,1925,1,0,0,1,1,0,0,0,procedimiento,0,0.61,0,0
411,12310,17,3,3093,1,1,0,0,0,0,0,0,inatencion,0,0.5,1,0
411,12311,13,3,4358,3,0,0,0,0,0,0,0,consigna,1,0.4,2,0
411,12312,12,2,3443,3,1,0,0,0,0,0,0,inatencion,1,0.29,3,0
411,12313,17,1,1920,1,0,0,1,0,1,0,2,inatencion,1,0.18,4,0
411,12314,17,3,3352,1,1,1,0,1,1,0,0,procedimiento,0,0.58,0,0
411,12315,18,2,2380,3,0,0,0,0,1,0,0,conceptual,0,0.47,1,0
411,12316,3,2,3354,2,1,0,0,0,1,0,0,conceptual,1,0.36,2,0
411,12317,11,1,1968,1,1,1,1,1,1,0,0,procedimiento,0,0.56,0,0
411,12318,13,2,3355,1,0,0,0,0,1,0,0,procedimiento,0,0.45,1,0
411,12319,5,2,3502,2,1,2,0,0,3,0,0,procedimiento,1,0.34,2,0
411,12320,10,2,2082,1,0,0,0,1,2,0,0,procedimiento,0,0.54,0,0
411,12321,10,1,2317,1,0,0,0,1,2,0,0,procedimiento,0,0.53,0,0
411,12322,13,2,3521,1,0,0,0,1,2,0,0,procedimiento,0,0.52,0,0
411,12323,5,3,5782,1,1,0,0,0,2,0,0,inatencion,0,0.42,1,0
411,12324,19,2,3167,3,0,0,0,0,2,0,1,conceptual,1,0.31,2,0
411,12325,4,1,2827,1,1,1,0,1,3,0,0,procedimiento,0,0.5,0,0
411,12326,16,1,1808,2,0,0,1,0,1,235,0,inatencion,1,0.4,1,0
411,12327,1,4,5327,1,0,0,0,0,0,667,3,conceptual,1,0.29,2,0
411,12328,19,2,2841,1,0,0,0,0,0,656,0,inatencion,1,0.19,3,0
411,12329,8,2,4830,2,0,0,0,0,1,482,0,inatencion,1,0.15,4,0
411,12330,18,2,4077,1,0,0,0,1,1,579,0,procedimiento,1,0.47,0,0
412,12331,19,1,1625,2,0,0,1,0,0,0,0,aleatorio,0,0.54,1,0
412,12332,8,3,2965,1,1,0,0,0,0,0,1,consigna,1,0.44,2,0
412,12333,3,3,3088,1,0,0,0,0,0,0,0,inatencion,1,0.33,3,0
412,12334,12,2,2666,1,0,0,0,1,0,0,0,procedimiento,0,0.63,0,0
412,12335,8,3,3682,2,0,0,0,0,0,0,0,inatencion,0,0.52,1,0
412,12336,15,4,3544,1,1,0,0,0,0,0,0,procedimiento,1,0.41,2,0
412,12337,12,1,1984,2,0,0,1,0,0,0,1,aleatorio,1,0.31,3,0
412,12338,19,2,1750,3,0,0,1,0,2,0,0,inatencion,1,0.2,4,0
412,12339,3,3,2616,1,1,1,0,0,2,0,0,aleatorio,1,0.15,5,0
412,12340,7,2,2476,2,0,0,0,0,1,0,1,aleatorio,1,0.15,6,0
412,12341,11,2,1776,1,0,0,1,0,0,0,1,inatencion,1,0.15,7,0
412,12342,13,3,3082,1,0,0,0,0,4,0,1,aleatorio,1,0.15,8,0
412,12343,13,1,1621,1,0,0,1,0,0,0,1,inatencion,1,0.15,9,0
412,12344,11,3,3188,2,1,2,0,0,2,0,1,inatencion,1,0.15,10,0
412,12345,7,3,2536,1,1,0,0,0,3,0,0,inatencion,1,0.15,11,0
412,12346,6,4,3308,1,1,0,0,1,1,0,0,procedimiento,0,0.55,0,0
412,12347,19,4,4142,2,0,0,0,0,2,0,0,inatencion,0,0.44,1,0
412,12348,16,4,4439,1,0,0,0,0,2,0,1,aleatorio,1,0.34,2,0
412,12349,11,4,3287,1,0,0,0,0,3,0,1,inatencion,1,0.23,3,0
412,12350,7,3,2828,1,1,0,0,0,1,0,0,aleatorio,1,0.15,4,0
412,12351,9,1,1584,1,0,0,1,1,0,0,0,procedimiento,0,0.52,0,0
412,12352,6,3,2282,2,1,0,0,0,0,0,0,procedimiento,0,0.41,1,0
412,12353,4,4,3545,1,0,0,0,1,1,0,0,procedimiento,0,0.5,0,0
412,12354,11,2,2736,1,0,0,0,1,0,462,0,procedimiento,1,0.5,0,0
412,12355,10,1,2063,1,0,0,0,1,1,403,0,procedimiento,1,0.49,0,0
412,12356,16,1,2134,1,0,0,0,1,3,452,0,procedimiento,1,0.48,0,0
412,12357,10,3,2527,1,0,0,0,1,5,1292,0,procedimiento,1,0.48,0,0
412,12358,14,1,1593,1,0,0,1,1,2,84,0,procedimiento,1,0.47,0,0
412,12359,12,3,3044,3,1,1,0,0,0,821,0,conceptual,1,0.36,1,0
412,12360,8,4,4372,1,1,0,0,1,1,151,0,procedimiento,1,0.46,0,0
413,12361,4,1,1725,2,0,0,1,0,0,0,0,aleatorio,0,0.65,1,0
413,12362,10,3,3301,1,0,0,0,1,0,0,0,procedimiento,0,0.74,0,0
413,12363,12,2,1556,1,0,0,1,1,0,0,0,procedimiento,0,0.74,0,0
413,12364,10,2,1793,2,1,1,1,0,0,0,0,aleatorio,0,0.63,1,0
413,12365,4,1,1294,1,1,0,1,1,0,0,0,procedimiento,0,0.72,0,0
413,12366,10,1,1449,1,0,0,1,1,0,0,0,procedimiento,0,0.71,0,0
413,12367,1,2,2633,1,0,0,0,1,0,0,0,procedimiento,0,0.71,0,0
413,12368,10,2,1889,2,0,0,1,0,0,0,0,aleatorio,0,0.6,1,0
413,12369,5,3,2586,1,0,0,0,1,0,0,0,procedimiento,0,0.69,0,0
413,12370,6,4,3737,1,1,0,0,1,0,0,0,procedimiento,0,0.68,0,0
413,12371,2,3,2528,3,0,0,0,0,0,0,0,conceptual,0,0.58,1,0
413,12372,11,2,2285,1,0,0,0,1,0,0,0,procedimiento,0,0.67,0,0
413,12373,5,3,2176,1,1,0,0,0,0,0,0,conceptual,0,0.56,1,0
413,12374,11,2,1907,1,0,0,1,1,0,0,0,procedimiento,0,0.65,0,0
413,12375,5,1,1425,1,0,0,1,1,0,0,0,procedimiento,0,0.65,0,0
413,12376,1,2,2438,1,0,0,0,1,0,0,0,procedimiento,0,0.64,0,0
413,12377,19,3,2574,1,1,1,0,1,0,0,0,procedimiento,0,0.63,0,0
413,12378,1,2,2127,1,1,1,0,1,0,0,0,procedimiento,0,0.62,0,0
413,12379,18,4,2784,1,0,0,0,1,0,0,0,procedimiento,0,0.62,0,0
413,12380,6,3,3425,1,0,0,0,1,0,0,0,procedimiento,0,0.61,0,0
413,12381,1,2,1673,1,0,0,1,1,0,0,0,procedimiento,0,0.6,0,0
413,12382,7,3,3504,1,0,0,0,0,3,0,0,inatencion,0,0.49,1,0
413,12383,3,3,3333,2,1,0,0,0,2,0,1,procedimiento,1,0.39,2,0
413,12384,16,3,2525,1,1,0,0,1,3,0,0,procedimiento,0,0.58,0,0
413,12385,12,2,2850,1,1,0,0,0,2,0,0,procedimiento,0,0.47,1,0
413,12386,8,4,5120,1,0,0,0,1,1,0,0,procedimiento,0,0.56,0,0
413,12387,9,3,2700,1,0,0,0,1,1,0,0,procedimiento,0,0.56,0,0
413,12388,9,2,2629,1,1,0,0,1,2,0,0,procedimiento,0,0.55,0,0
413,12389,18,1,1190,1,0,0,1,1,2,0,0,procedimiento,0,0.54,0,0
413,12390,6,2,2062,2,1,0,0,0,1,0,0,inatencion,0,0.43,1,0
414,12391,7,2,3532,1,0,0,0,1,0,0,0,procedimiento,0,0.95,0,0
414,12392,13,1,2522,1,0,0,0,1,0,0,0,procedimiento,0,0.94,0,0
414,12393,17,1,1791,1,1,1,1,1,0,0,0,procedimiento,0,0.93,0,0
414,12394,10,3,4495,1,0,0,0,0,0,0,0,conceptual,0,0.82,1,0
414,12395,16,3,4819,2,0,0,0,0,0,0,0,consigna,1,0.71,2,0
414,12396,5,2,3333,1,0,0,0,1,0,0,0,procedimiento,0,0.9,0,0
414,12397,15,1,2666,1,0,0,0,1,0,0,0,procedimiento,0,0.89,0,0
414,12398,3,2,3454,1,1,0,0,1,0,0,0,procedimiento,0,0.88,0,0
414,12399,2,3,4447,1,0,0,0,1,0,0,0,procedimiento,0,0.87,0,0
414,12400,17,3,3229,1,0,0,0,1,0,0,0,procedimiento,0,0.86,0,0
414,12401,15,2,2909,1,1,1,0,0,0,0,0,conceptual,0,0.75,1,0
414,12402,19,3,4239,2,0,0,0,0,0,0,1,conceptual,1,0.64,2,0
414,12403,8,4,5801,2,0,0,0,0,0,0,0,inatencion,1,0.4,3,0
414,12404,8,2,2507,1,0,0,0,1,0,0,0,procedimiento,0,0.83,0,0
414,12405,3,3,3685,1,0,0,0,0,0,0,0,inatencion,0,0.72,1,0
414,12406,5,2,3128,1,1,2,0,1,0,0,0,procedimiento,0,0.81,0,0
414,12407,2,3,3012,1,1,0,0,1,0,0,0,procedimiento,0,0.8,0,0
414,12408,9,1,1863,1,1,0,1,1,0,0,0,procedimiento,0,0.79,0,0
414,12409,4,4,4821,1,0,0,0,1,0,0,0,procedimiento,0,0.78,0,0
414,12410,11,2,2437,1,1,0,0,1,0,0,0,procedimiento,0,0.77,0,0
414,12411,8,1,2209,2,0,0,0,0,0,0,0,inatencion,0,0.66,1,0
414,12412,7,2,2720,1,0,0,0,1,0,0,0,procedimiento,0,0.75,0,0
414,12413,6,3,6022,1,0,0,0,1,0,0,0,procedimiento,0,0.74,0,0
414,12414,14,4,6260,1,0,0,0,0,0,0,0,consigna,0,0.63,1,0
414,12415,9,2,3685,1,1,0,0,0,0,0,2,consigna,1,0.52,2,0
414,12416,6,1,2084,1,0,0,0,1,0,0,0,procedimiento,0,0.71,0,0
414,12417,6,3,4893,1,1,2,0,1,0,0,0,procedimiento,0,0.7,0,0
414,12418,16,1,2251,3,0,0,0,0,0,0,0,inatencion,0,0.59,1,0
414,12419,9,2,3418,1,0,0,0,1,0,0,0,procedimiento,0,0.68,0,0
414,12420,15,2,3763,1,0,0,0,0,0,0,0,aleatorio,0,0.57,1,0
415,12421,19,2,3323,1,0,0,0,1,0,0,0,procedimiento,0,0.88,0,0
415,12422,8,3,3431,1,1,0,0,0,0,0,0,inatencion,0,0.77,1,0
415,12423,9,3,4798,1,1,1,0,0,0,0,0,inatencion,1,0.66,2,0
415,12424,1,3,3556,3,0,0,0,0,0,0,1,aleatorio,1,0.4,3,0
415,12425,7,3,4946,3,0,0,0,0,0,0,0,inatencion,1,0.4,4,0
415,12426,17,2,3959,1,1,0,0,1,0,0,0,procedimiento,0,0.83,0,0
415,12427,17,3,3588,2,1,1,0,0,0,0,0,conceptual,0,0.73,1,0
415,12428,13,3,3038,3,1,0,0,0,0,0,0,conceptual,1,0.62,2,0
415,12429,3,3,4584,1,0,0,0,0,0,0,0,inatencion,1,0.4,3,0
415,12430,13,2,3396,1,0,0,0,1,0,0,0,procedimiento,0,0.8,0,0
415,12431,9,2,3995,1,0,0,0,1,0,0,0,procedimiento,0,0.79,0,0
415,12432,3,3,3267,1,0,0,0,1,0,0,0,procedimiento,0,0.78,0,0
415,12433,15,1,1946,1,1,0,1,1,0,0,0,procedimiento,0,0.77,0,0
415,12434,10,2,2318,1,1,1,0,1,0,0,0,procedimiento,0,0.76,0,0
415,12435,17,3,4377,1,0,0,0,0,0,0,0,consigna,0,0.66,1,0
415,12436,10,2,2663,2,0,0,0,0,0,0,0,consigna,1,0.55,2,0
415,12437,17,3,4227,1,0,0,0,1,0,0,0,procedimiento,0,0.74,0,0
415,12438,11,3,4773,1,0,0,0,0,0,0,0,consigna,0,0.63,1,0
415,12439,7,4,5271,1,1,0,0,1,0,0,0,procedimiento,0,0.72,0,0
415,12440,1,2,3973,2,0,0,0,0,0,0,0,aleatorio,0,0.61,1,0
415,12441,19,1,2226,1,0,0,0,1,0,0,0,procedimiento,0,0.7,0,0
415,12442,19,3,4365,2,1,0,0,0,0,0,0,inatencion,0,0.59,1,0
415,12443,10,3,7307,2,0,0,0,0,0,0,2,conceptual,1,0.48,2,0
415,12444,15,3,4622,2,1,0,0,0,0,0,0,aleatorio,1,0.38,3,0
415,12445,14,3,3668,1,0,0,0,1,0,0,0,procedimiento,0,0.67,0,0
415,12446,18,2,4142,1,1,0,0,1,0,0,0,procedimiento,0,0.66,0,0
415,12447,5,2,3350,1,1,0,0,0,0,0,0,inatencion,0,0.55,1,0
415,12448,16,2,4048,1,0,0,0,0,0,0,4,consigna,1,0.44,2,0
415,12449,11,2,3614,1,0,0,0,1,0,0,0,procedimiento,0,0.63,0,0
415,12450,3,2,3023,2,0,0,0,0,0,0,0,conceptual,0,0.52,1,0
416,12451,10,1,1876,1,0,0,1,1,0,0,0,procedimiento,0,0.75,0,0
416,12452,9,1,1887,1,0,0,1,0,0,0,0,aleatorio,0,0.64,1,0
416,12453,9,2,4172,1,0,0,0,1,0,0,0,procedimiento,0,0.73,0,0
416,12454,10,2,4324,1,0,0,0,0,0,0,0,inatencion,0,0.62,1,0
416,12455,17,3,4600,1,1,0,0,1,0,0,0,procedimiento,0,0.72,0,0
416,12456,16,2,4144,1,0,0,0,0,0,0,0,procedimiento,0,0.61,1,0
416,12457,3,1,3028,1,0,0,0,1,0,0,0,procedimiento,0,0.7,0,0
416,12458,11,1,2852,1,0,0,0,1,0,0,0,procedimiento,0,0.69,0,0
416,12459,7,2,4078,1,1,2,0,0,0,0,0,inatencion,0,0.59,1,0
416,12460,8,3,5300,1,1,0,0,0,0,0,1,consigna,1,0.48,2,0
416,12461,15,1,2189,1,0,0,0,0,0,0,1,inatencion,1,0.37,3,0
416,12462,4,3,4106,1,1,0,0,0,0,0,0,aleatorio,1,0.26,4,0
416,12463,16,2,3790,1,0,0,0,1,0,0,0,procedimiento,0,0.66,0,0
416,12464,12,2,4032,1,1,1,0,1,0,0,0,procedimiento,0,0.65,0,0
416,12465,3,4,5547,1,1,0,0,0,0,0,0,procedimiento,0,0.54,1,0
416,12466,7,2,3808,1,1,2,0,1,0,0,0,procedimiento,0,0.63,0,0
416,12467,11,4,4808,2,1,1,0,0,0,0,0,inatencion,0,0.53,1,0
416,12468,9,3,4948,1,0,0,0,1,0,0,0,procedimiento,0,0.62,0,0
416,12469,14,2,4174,1,0,0,0,0,0,0,0,procedimiento,0,0.51,1,0
416,12470,7,2,2779,1,1,0,0,0,0,0,3,inatencion,1,0.4,2,0
416,12471,9,3,5293,2,0,0,0,0,0,0,2,aleatorio,1,0.3,3,0
416,12472,9,2,4504,1,1,1,0,0,0,0,1,aleatorio,1,0.19,4,0
416,12473,17,3,5430,2,1,0,0,0,0,0,4,inatencion,1,0.15,5,0
416,12474,9,4,7361,1,0,0,0,1,1,0,0,procedimiento,0,0.57,0,0
416,12475,18,3,5068,1,1,0,0,1,0,0,0,procedimiento,0,0.57,0,0
416,12476,14,4,7228,1,0,0,0,0,3,0,0,inatencion,0,0.46,1,0
416,12477,8,2,3436,1,0,0,0,0,1,0,0,conceptual,1,0.35,2,0
416,12478,18,4,7355,2,0,0,0,0,1,0,1,inatencion,1,0.24,3,0
416,12479,18,1,3019,1,1,2,0,1,1,0,0,procedimiento,0,0.54,0,0
416,12480,13,1,3391,1,1,3,0,1,2,0,0,procedimiento,0,0.53,0,0
417,12481,16,3,3850,2,0,0,0,0,0,0,0,procedimiento,0,0.56,1,0
417,12482,8,2,2820,1,0,0,0,0,0,0,0,inatencion,1,0.45,2,0
417,12483,10,2,2874,1,0,0,0,1,0,0,0,procedimiento,0,0.65,0,0
417,12484,2,3,3156,1,1,0,0,1,0,0,0,procedimiento,0,0.64,0,0
417,12485,6,1,1735,1,0,0,1,1,0,0,0,procedimiento,0,0.63,0,0
417,12486,10,4,3908,2,0,0,0,0,0,0,0,conceptual,0,0.53,1,0
417,12487,16,2,2046,1,0,0,0,0,0,0,1,inatencion,1,0.42,2,0
417,12488,13,2,3238,2,1,0,0,0,0,0,1,inatencion,1,0.31,3,0
417,12489,15,3,3495,2,1,0,0,0,0,0,0,aleatorio,1,0.21,4,0
417,12490,8,2,2567,1,0,0,0,1,0,0,0,procedimiento,0,0.6,0,0
417,12491,10,3,4144,2,0,0,0,0,0,0,0,aleatorio,0,0.49,1,0
417,12492,3,2,2164,1,0,0,0,1,1,0,0,procedimiento,0,0.59,0,0
417,12493,1,3,3813,2,0,0,0,0,1,0,0,consigna,0,0.48,1,0
417,12494,14,2,2961,1,1,0,0,1,2,0,0,procedimiento,0,0.57,0,0
417,12495,2,3,2391,1,0,0,0,0,4,0,0,conceptual,0,0.47,1,0
417,12496,1,1,1935,2,0,0,1,0,0,0,1,aleatorio,1,0.36,2,0
417,12497,9,2,2261,1,1,0,0,0,2,0,0,inatencion,1,0.25,3,0
417,12498,8,2,2349,1,0,0,0,0,2,0,3,inatencion,1,0.15,4,0
417,12499,18,3,2841,1,0,0,0,0,1,0,0,inatencion,1,0.15,5,0
417,12500,15,3,3433,1,0,0,0,1,0,0,0,procedimiento,0,0.53,0,0
417,12501,7,1,1651,3,0,0,1,0,1,0,0,aleatorio,0,0.43,1,0
417,12502,12,3,3349,2,0,0,0,0,1,0,0,conceptual,1,0.32,2,0
417,12503,15,4,4342,3,0,0,0,0,1,0,0,inatencion,1,0.21,3,0
417,12504,18,4,4867,1,1,0,0,1,3,0,0,procedimiento,0,0.51,0,0
417,12505,8,1,2121,1,1,0,0,1,2,0,0,procedimiento,0,0.5,0,0
417,12506,14,4,5043,2,0,0,0,0,1,314,0,inatencion,1,0.39,1,0
417,12507,2,1,2191,2,0,0,0,0,3,215,1,inatencion,1,0.29,2,0
417,12508,15,4,5780,3,1,0,0,0,1,534,1,inatencion,1,0.18,3,0
417,12509,17,1,2672,1,0,0,0,0,1,392,3,aleatorio,1,0.15,4,0
417,12510,4,3,4819,2,0,0,0,0,2,581,0,aleatorio,1,0.15,5,0
418,12511,1,1,1877,3,0,0,1,0,0,0,0,aleatorio,0,0.84,1,0
418,12512,10,2,2555,1,0,0,0,1,0,0,0,procedimiento,0,0.93,0,0
418,12513,1,2,3059,1,1,1,0,0,0,0,0,conceptual,0,0.82,1,0
418,12514,19,2,2201,1,1,0,0,1,0,0,0,procedimiento,0,0.91,0,0
418,12515,11,1,1796,2,0,0,1,0,0,0,0,aleatorio,0,0.8,1,0
418,12516,4,4,4450,1,0,0,0,0,0,0,0,conceptual,1,0.69,2,0
418,12517,6,1,1962,1,0,0,1,1,0,0,0,procedimiento,0,0.88,0,0
418,12518,5,4,3347,1,0,0,0,0,0,0,0,consigna,0,0.77,1,0
418,12519,14,2,2884,1,1,0,0,1,0,0,0,procedimiento,0,0.87,0,0
418,12520,3,2,1980,1,0,0,1,1,0,0,0,procedimiento,0,0.86,0,0
418,12521,6,2,2571,1,0,0,0,1,0,0,0,procedimiento,0,0.85,0,0
418,12522,18,1,1509,1,0,0,1,1,0,0,0,procedimiento,0,0.84,0,0
418,12523,13,2,2935,1,0,0,0,0,0,0,0,aleatorio,0,0.73,1,0
418,12524,19,1,2188,1,0,0,0,1,0,0,0,procedimiento,0,0.82,0,0
418,12525,9,4,3287,1,0,0,0,1,0,0,0,procedimiento,0,0.81,0,0
418,12526,3,3,2932,1,0,0,0,1,0,0,0,procedimiento,0,0.8,0,0
418,12527,10,2,2138,1,1,0,0,0,0,0,0,procedimiento,0,0.69,1,0
418,12528,13,2,2416,1,0,0,0,1,0,0,0,procedimiento,0,0.78,0,0
418,12529,2,4,4125,1,0,0,0,1,0,0,0,procedimiento,0,0.77,0,0
418,12530,2,2,2255,1,1,1,0,1,0,0,0,procedimiento,0,0.76,0,0
418,12531,3,2,2286,1,0,0,0,1,0,0,0,procedimiento,0,0.75,0,0
418,12532,14,2,3823,1,0,0,0,1,0,0,0,procedimiento,0,0.74,0,0
418,12533,8,2,2576,1,0,0,0,0,0,0,0,inatencion,0,0.63,1,0
418,12534,8,2,2532,2,0,0,0,0,0,0,0,procedimiento,1,0.52,2,0
418,12535,6,1,1585,1,0,0,1,1,0,0,0,procedimiento,0,0.72,0,0
418,12536,17,2,3354,1,0,0,0,0,0,0,0,conceptual,0,0.61,1,0
418,12537,1,2,3308,1,0,0,0,1,0,0,0,procedimiento,0,0.7,0,0
418,12538,6,3,4613,1,1,0,0,0,0,0,0,procedimiento,0,0.59,1,0
418,12539,8,3,3790,1,1,0,0,0,0,0,0,procedimiento,1,0.48,2,0
418,12540,7,3,2512,2,1,1,0,0,0,0,1,aleatorio,1,0.37,3,0
419,12541,18,4,5215,1,0,0,0,1,0,0,0,procedimiento,0,0.86,0,0
419,12542,1,2,2440,1,0,0,0,1,0,0,0,procedimiento,0,0.85,0,0
419,12543,9,3,4136,1,1,2,0,0,0,0,0,procedimiento,0,0.74,1,0
419,12544,2,2,2726,1,0,0,0,0,0,0,0,procedimiento,1,0.63,2,0
419,12545,7,3,2598,1,0,0,0,1,0,0,0,procedimiento,0,0.82,0,0
419,12546,12,2,2032,1,0,0,0,1,0,0,0,procedimiento,0,0.81,0,0
419,12547,3,4,5026,1,0,0,0,1,0,0,0,procedimiento,0,0.81,0,0
419,12548,10,3,3810,1,1,0,0,0,0,0,0,consigna,0,0.7,1,0
419,12549,16,2,2766,1,0,0,0,1,0,0,0,procedimiento,0,0.79,0,0
419,12550,6,3,2708,1,0,0,0,1,0,0,0,procedimiento,0,0.78,0,0
419,12551,7,1,2019,1,0,0,0,1,0,0,0,procedimiento,0,0.77,0,0
419,12552,8,3,3133,2,1,0,0,0,0,0,0,inatencion,0,0.66,1,0
419,12553,9,2,3130,1,0,0,0,1,0,0,0,procedimiento,0,0.75,0,0
419,12554,11,2,3374,2,0,0,0,0,0,0,0,conceptual,0,0.65,1,0
419,12555,9,4,5022,1,0,0,0,1,0,0,0,procedimiento,0,0.74,0,0
419,12556,2,2,2332,1,0,0,0,0,0,0,0,consigna,0,0.63,1,0
419,12557,19,2,2927,1,0,0,0,1,0,0,0,procedimiento,0,0.72,0,0
419,12558,14,2,2812,1,0,0,0,0,0,0,0,procedimiento,0,0.61,1,0
419,12559,12,2,3354,1,0,0,0,0,0,0,0,procedimiento,1,0.5,2,0
419,12560,15,1,1611,1,0,0,1,1,0,0,0,procedimiento,0,0.69,0,0
419,12561,13,4,3490,1,0,0,0,0,0,0,0,conceptual,0,0.59,1,0
419,12562,4,2,3493,1,0,0,0,1,0,0,0,procedimiento,0,0.68,0,0
419,12563,14,2,3234,1,0,0,0,1,0,0,0,procedimiento,0,0.67,0,0
419,12564,2,2,2728,2,1,0,0,0,0,0,0,conceptual,0,0.56,1,0
419,12565,7,3,3255,1,0,0,0,0,0,0,0,procedimiento,1,0.45,2,0
419,12566,9,4,5388,1,0,0,0,1,0,0,0,procedimiento,0,0.64,0,0
419,12567,9,2,2120,2,0,0,0,0,0,0,0,procedimiento,0,0.53,1,0
419,12568,16,1,2256,1,0,0,0,1,0,0,0,procedimiento,0,0.63,0,0
419,12569,1,2,2852,1,1,0,0,0,0,0,0,procedimiento,0,0.52,1,0
419,12570,12,2,4022,1,0,0,0,1,0,0,0,procedimiento,0,0.61,0,0
420,12571,2,2,1867,1,0,0,1,1,0,0,0,procedimiento,0,0.79,0,0
420,12572,16,2,2570,1,1,1,0,0,0,0,0,procedimiento,0,0.68,1,0
420,12573,15,2,1934,1,0,0,1,1,0,0,0,procedimiento,0,0.77,0,0
420,12574,6,3,3066,1,0,0,0,1,0,0,0,procedimiento,0,0.77,0,0
420,12575,11,3,2746,1,1,1,0,1,0,0,0,procedimiento,0,0.76,0,0
420,12576,13,2,2597,1,0,0,0,1,0,0,0,procedimiento,0,0.75,0,0
420,12577,19,1,1786,3,0,0,1,0,0,0,0,aleatorio,0,0.64,1,0
420,12578,12,2,1795,3,1,1,1,0,0,0,0,inatencion,1,0.53,2,0
420,12579,12,3,2168,1,0,0,0,0,0,0,1,aleatorio,1,0.4,3,0
420,12580,19,2,2192,1,0,0,0,1,0,0,0,procedimiento,0,0.72,0,0
420,12581,19,2,2625,1,1,0,0,1,0,0,0,procedimiento,0,0.71,0,0
420,12582,19,2,1768,1,0,0,1,1,0,0,0,procedimiento,0,0.7,0,0
420,12583,2,2,2091,1,0,0,0,0,0,0,0,consigna,0,0.59,1,0
420,12584,8,3,2162,1,1,1,0,0,0,0,1,inatencion,1,0.49,2,0
420,12585,8,1,1887,1,0,0,1,1,0,0,0,procedimiento,0,0.68,0,0
420,12586,9,2,1887,1,0,0,1,1,0,0,0,procedimiento,0,0.67,0,0
420,12587,8,3,3221,1,0,0,0,1,0,0,0,procedimiento,0,0.66,0,0
420,12588,16,3,1910,2,0,0,1,0,0,0,0,inatencion,0,0.56,1,0
420,12589,15,3,2722,2,0,0,0,0,0,0,0,inatencion,1,0.45,2,0
420,12590,9,4,3291,1,0,0,0,1,0,0,0,procedimiento,0,0.64,0,0
420,12591,11,2,2532,1,0,0,0,1,0,0,0,procedimiento,0,0.63,0,0
420,12592,7,3,3800,1,0,0,0,1,0,0,0,procedimiento,0,0.62,0,0
420,12593,9,4,4386,1,1,0,0,1,0,0,0,procedimiento,0,0.62,0,0
420,12594,9,4,3726,2,0,0,0,0,0,0,0,consigna,0,0.51,1,0
420,12595,9,3,2363,1,1,0,0,1,1,0,0,procedimiento,0,0.6,0,0
420,12596,16,2,3087,1,1,0,0,0,0,0,0,inatencion,0,0.49,1,0
420,12597,8,3,3032,1,1,0,0,0,2,0,2,inatencion,1,0.38,2,0
420,12598,9,2,2617,2,1,1,0,0,0,0,0,aleatorio,1,0.28,3,0
420,12599,12,3,3118,1,0,0,0,1,0,0,0,procedimiento,0,0.57,0,0
420,12600,3,3,3586,2,0,0,0,0,1,0,0,conceptual,0,0.46,1,0
421,12601,4,2,2354,1,0,0,0,0,1,0,0,consigna,0,0.47,1,0
421,12602,16,3,3015,1,0,0,0,1,1,0,0,procedimiento,0,0.56,0,0
421,12603,12,1,1339,1,0,0,1,1,1,0,0,procedimiento,0,0.56,0,0
421,12604,9,2,2433,1,0,0,0,1,1,0,0,procedimiento,0,0.55,0,0
421,12605,6,2,1712,1,0,0,1,0,0,0,0,aleatorio,0,0.45,1,0
421,12606,1,3,3235,1,0,0,0,0,0,0,0,consigna,1,0.34,2,0
421,12607,16,4,3752,2,1,1,0,0,3,0,1,aleatorio,1,0.23,3,0
421,12608,8,1,1475,1,0,0,1,1,1,0,0,procedimiento,0,0.53,0,0
421,12609,19,2,2401,3,0,0,0,0,3,0,0,consigna,0,0.42,1,0
421,12610,18,3,2506,3,0,0,0,0,3,0,2,conceptual,1,0.32,2,0
421,12611,12,2,2534,1,0,0,0,0,2,0,1,inatencion,1,0.21,3,0
421,12612,13,2,2073,1,0,0,0,1,1,0,0,procedimiento,0,0.51,0,0
421,12613,18,2,2415,2,0,0,0,0,1,0,0,conceptual,0,0.4,1,0
421,12614,8,4,3957,2,0,0,0,0,4,125,1,inatencion,1,0.29,2,0
421,12615,13,2,2007,1,0,0,0,1,2,235,0,procedimiento,1,0.49,0,0
421,12616,7,2,1905,1,0,0,1,0,0,590,0,aleatorio,1,0.38,1,0
421,12617,6,2,2366,2,1,0,0,0,1,36,2,consigna,1,0.28,2,0
421,12618,13,4,3327,2,0,0,0,0,3,280,0,inatencion,1,0.17,3,0
421,12619,5,2,1970,1,0,0,1,1,1,1489,0,procedimiento,1,0.47,0,0
421,12620,5,1,1239,1,0,0,1,0,1,526,0,aleatorio,1,0.36,1,0
421,12621,6,2,2046,2,0,0,0,0,2,3,0,inatencion,1,0.25,2,0
421,12622,2,3,3857,1,0,0,0,1,2,236,0,procedimiento,1,0.45,0,0
421,12623,5,4,4992,1,1,1,0,0,2,427,0,procedimiento,1,0.34,1,0
421,12624,11,3,3971,1,1,0,0,1,1,68,0,procedimiento,1,0.44,0,0
421,12625,18,3,3480,2,0,0,0,0,0,240,0,procedimiento,1,0.33,1,0
421,12626,2,3,3185,2,0,0,0,0,1,160,0,conceptual,1,0.23,2,0
421,12627,11,3,3327,1,0,0,0,0,0,349,2,inatencion,1,0.15,3,0
421,12628,15,2,2473,3,0,0,0,0,0,324,2,inatencion,1,0.15,4,0
421,12629,10,1,1611,2,1,1,1,0,3,53,0,inatencion,1,0.15,5,0
421,12630,6,2,2697,1,0,0,0,0,1,47,2,inatencion,1,0.15,6,0
422,12631,19,2,4490,1,0,0,0,1,1,0,0,procedimiento,0,0.59,0,0
422,12632,16,1,2496,1,0,0,0,1,3,0,0,procedimiento,0,0.58,0,0
422,12633,2,3,3347,1,1,2,0,1,2,0,0,procedimiento,0,0.57,0,0
422,12634,15,1,2157,2,1,0,0,0,1,0,0,procedimiento,0,0.47,1,0
422,12635,15,4,5639,1,0,0,0,1,4,0,0,procedimiento,0,0.56,0,0
422,12636,6,3,5180,1,0,0,0,0,0,0,0,conceptual,0,0.46,1,0
422,12637,11,1,2835,1,0,0,0,1,1,0,0,procedimiento,0,0.55,0,0
422,12638,14,4,6973,1,0,0,0,1,0,0,0,procedimiento,0,0.55,0,0
422,12639,12,4,7156,1,1,1,0,1,1,0,0,procedimiento,0,0.54,0,0
422,12640,4,1,2396,3,0,0,0,0,3,0,0,consigna,0,0.43,1,0
422,12641,14,3,3373,1,0,0,0,1,2,0,0,procedimiento,0,0.53,0,0
422,12642,5,2,3429,2,1,0,0,0,2,0,0,consigna,0,0.42,1,0
422,12643,19,4,5002,2,1,0,0,0,2,0,1,inatencion,1,0.32,2,0
422,12644,14,1,2454,1,0,0,0,1,2,0,0,procedimiento,0,0.51,0,0
422,12645,16,2,3606,1,1,0,0,0,0,0,0,procedimiento,0,0.4,1,0
422,12646,10,2,3037,1,1,2,0,1,1,451,0,procedimiento,1,0.5,0,0
422,12647,7,4,5418,1,0,0,0,0,1,286,0,conceptual,1,0.39,1,0
422,12648,3,3,4863,2,0,0,0,0,1,40,0,inatencion,1,0.29,2,0
422,12649,4,1,2451,1,0,0,0,1,2,577,0,procedimiento,1,0.48,0,0
422,12650,12,3,5427,3,1,0,0,0,4,66,0,inatencion,1,0.38,1,0
422,12651,17,2,3761,1,0,0,0,1,0,365,0,procedimiento,1,0.47,0,0
422,12652,16,3,6577,1,0,0,0,1,1,942,0,procedimiento,1,0.46,0,0
422,12653,8,3,5573,1,0,0,0,0,1,5,0,inatencion,1,0.36,1,0
422,12654,1,4,8029,1,0,0,0,1,3,345,0,procedimiento,1,0.45,0,0
422,12655,6,4,5237,2,1,2,0,0,1,594,0,conceptual,1,0.35,1,0
422,12656,5,2,4248,2,0,0,0,0,1,805,2,procedimiento,1,0.24,2,0
422,12657,3,3,5025,2,1,1,0,0,5,1225,0,aleatorio,1,0.15,3,0
422,12658,15,2,6440,1,1,1,0,0,2,702,1,inatencion,1,0.15,4,0
422,12659,12,2,5839,1,0,0,0,0,2,611,1,inatencion,1,0.15,5,0
422,12660,6,3,5863,1,0,0,0,0,2,520,1,inatencion,1,0.15,6,0
423,12661,19,3,4284,1,1,0,0,1,0,0,0,procedimiento,0,0.86,0,0
423,12662,12,2,4008,1,0,0,0,0,0,0,0,inatencion,0,0.75,1,0
423,12663,6,3,5088,1,1,0,0,0,0,0,0,procedimiento,1,0.64,2,0
423,12664,15,4,4689,1,0,0,0,1,0,0,0,procedimiento,0,0.84,0,0
423,12665,12,2,3671,1,0,0,0,1,0,0,0,procedimiento,0,0.83,0,0
423,12666,14,2,2835,1,0,0,0,1,0,0,0,procedimiento,0,0.82,0,0
423,12667,5,1,1951,1,0,0,1,1,0,0,0,procedimiento,0,0.81,0,0
423,12668,13,3,3917,1,1,0,0,1,0,0,0,procedimiento,0,0.8,0,0
423,12669,3,2,3008,1,1,0,0,0,0,0,0,conceptual,0,0.69,1,0
423,12670,1,4,4429,1,0,0,0,1,0,0,0,procedimiento,0,0.78,0,0
423,12671,10,2,2584,1,1,0,0,0,0,0,0,procedimiento,0,0.68,1,0
423,12672,18,3,4153,1,0,0,0,1,0,0,0,procedimiento,0,0.77,0,0
423,12673,11,2,3211,3,1,0,0,0,0,0,0,conceptual,0,0.66,1,0
423,12674,8,1,2206,1,0,0,0,1,0,0,0,procedimiento,0,0.75,0,0
423,12675,11,4,5702,1,0,0,0,0,0,0,0,conceptual,0,0.64,1,0
423,12676,5,4,4928,3,1,0,0,0,0,0,1,inatencion,1,0.53,2,0
423,12677,9,2,3834,3,0,0,0,0,0,0,2,aleatorio,1,0.4,3,0
423,12678,16,3,3042,1,0,0,0,1,0,0,0,procedimiento,0,0.72,0,0
423,12679,3,3,3003,1,0,0,0,1,0,0,0,procedimiento,0,0.71,0,0
423,12680,4,3,3945,2,1,0,0,0,0,0,0,inatencion,0,0.6,1,0
423,12681,18,1,2434,1,1,2,0,1,0,0,0,procedimiento,0,0.69,0,0
423,12682,19,2,3962,1,1,0,0,1,0,0,0,procedimiento,0,0.68,0,0
423,12683,4,3,5687,2,1,1,0,0,0,0,0,conceptual,0,0.57,1,0
423,12684,1,2,4386,2,1,0,0,0,0,0,0,aleatorio,1,0.46,2,0
423,12685,14,3,3499,1,0,0,0,1,0,0,0,procedimiento,0,0.66,0,0
423,12686,5,3,6061,1,0,0,0,0,0,0,0,aleatorio,0,0.55,1,0
423,12687,10,3,4792,1,1,0,0,0,0,0,4,inatencion,1,0.44,2,0
423,12688,9,2,3658,1,0,0,0,1,0,0,0,procedimiento,0,0.63,0,0
423,12689,13,4,8628,1,1,0,0,1,0,0,0,procedimiento,0,0.62,0,0
423,12690,12,2,3709,1,0,0,0,1,0,0,0,procedimiento,0,0.61,0,0
424,12691,8,2,3756,1,0,0,0,1,0,0,0,procedimiento,0,0.65,0,0
424,12692,7,2,2964,1,0,0,0,1,0,0,0,procedimiento,0,0.64,0,0
424,12693,18,2,3607,1,1,0,0,1,0,0,0,procedimiento,0,0.64,0,0
424,12694,9,1,3004,1,0,0,0,1,0,0,0,procedimiento,0,0.63,0,0
424,12695,17,3,5247,1,1,0,0,0,0,0,0,conceptual,0,0.52,1,0
424,12696,18,2,3268,1,0,0,0,1,0,0,0,procedimiento,0,0.62,0,0
424,12697,14,1,2756,1,0,0,0,1,0,0,0,procedimiento,0,0.61,0,0
424,12698,3,2,2872,1,0,0,0,1,0,0,0,procedimiento,0,0.6,0,0
424,12699,16,1,2112,1,0,0,0,1,1,0,0,procedimiento,0,0.6,0,0
424,12700,12,2,3820,1,0,0,0,1,0,0,0,procedimiento,0,0.59,0,0
424,12701,10,3,3498,1,0,0,0,1,1,0,0,procedimiento,0,0.58,0,0
424,12702,3,1,3017,1,0,0,0,1,1,0,0,procedimiento,0,0.58,0,0
424,12703,11,4,4557,1,0,0,0,1,1,0,0,procedimiento,0,0.57,0,0
424,12704,14,2,2526,1,0,0,0,1,2,0,0,procedimiento,0,0.57,0,0
424,12705,6,4,4942,2,0,0,0,0,3,0,0,consigna,0,0.46,1,0
424,12706,11,2,4175,1,0,0,0,1,1,0,0,procedimiento,0,0.55,0,0
424,12707,13,3,3173,1,0,0,0,0,2,0,0,inatencion,0,0.45,1,0
424,12708,10,1,2891,1,0,0,0,1,1,0,0,procedimiento,0,0.54,0,0
424,12709,16,2,3367,2,1,0,0,0,1,0,0,consigna,0,0.43,1,0
424,12710,16,1,2066,1,0,0,0,1,0,0,0,procedimiento,0,0.53,0,0
424,12711,14,3,3414,1,1,0,0,1,2,0,0,procedimiento,0,0.52,0,0
424,12712,17,3,6131,2,0,0,0,0,2,0,0,aleatorio,0,0.41,1,0
424,12713,11,4,7243,1,0,0,0,1,2,0,0,procedimiento,0,0.51,0,0
424,12714,9,2,3156,1,0,0,0,1,1,0,0,procedimiento,0,0.5,0,0
424,12715,5,4,6508,1,0,0,0,0,1,84,0,inatencion,1,0.39,1,0
424,12716,8,3,6145,1,0,0,0,1,3,18,0,procedimiento,1,0.49,0,0
424,12717,3,1,3120,1,0,0,0,1,1,431,0,procedimiento,1,0.48,0,0
424,12718,17,4,5303,1,0,0,0,1,3,326,0,procedimiento,1,0.47,0,0
424,12719,14,1,2513,1,0,0,0,1,1,214,0,procedimiento,1,0.47,0,0
424,12720,16,1,2987,1,0,0,0,1,4,364,0,procedimiento,1,0.46,0,0
425,12721,14,3,4341,1,0,0,0,1,0,0,0,procedimiento,0,0.85,0,0
425,12722,4,2,2724,1,0,0,0,1,0,0,0,procedimiento,0,0.85,0,0
425,12723,7,3,2518,1,0,0,0,1,0,0,0,procedimiento,0,0.84,0,0
425,12724,7,1,2388,1,0,0,0,1,0,0,0,procedimiento,0,0.83,0,0
425,12725,19,2,2465,1,0,0,0,1,0,0,0,procedimiento,0,0.82,0,0
425,12726,10,1,2086,1,0,0,0,1,0,0,0,procedimiento,0,0.81,0,0
425,12727,14,2,3134,1,0,0,0,1,0,0,0,procedimiento,0,0.8,0,0
425,12728,9,1,1731,3,0,0,1,0,0,0,0,aleatorio,0,0.69,1,0
425,12729,14,1,1521,1,0,0,1,1,0,0,0,procedimiento,0,0.79,0,0
425,12730,10,1,2203,1,0,0,0,1,0,0,0,procedimiento,0,0.78,0,0
425,12731,3,1,2117,1,0,0,0,0,0,0,0,inatencion,0,0.67,1,0
425,12732,5,3,2926,1,0,0,0,0,0,0,0,consigna,1,0.56,2,0
425,12733,18,3,3998,1,1,0,0,0,0,0,0,inatencion,1,0.4,3,0
425,12734,3,3,3751,1,0,0,0,0,0,0,0,aleatorio,1,0.34,4,0
425,12735,1,2,2389,1,0,0,0,1,0,0,0,procedimiento,0,0.73,0,0
425,12736,5,3,2628,2,0,0,0,0,0,0,0,inatencion,0,0.63,1,0
425,12737,1,3,3610,1,1,0,0,1,0,0,0,procedimiento,0,0.72,0,0
425,12738,19,2,3040,1,1,0,0,1,0,0,0,procedimiento,0,0.71,0,0
425,12739,8,2,2168,1,0,0,0,1,0,0,0,procedimiento,0,0.7,0,0
425,12740,4,3,2809,1,0,0,0,1,0,0,0,procedimiento,0,0.69,0,0
425,12741,3,2,3375,1,0,0,0,1,0,0,0,procedimiento,0,0.68,0,0
425,12742,5,2,3269,1,0,0,0,0,0,0,0,conceptual,0,0.58,1,0
425,12743,5,2,2972,1,1,0,0,1,0,0,0,procedimiento,0,0.67,0,0
425,12744,5,2,3671,1,0,0,0,1,0,0,0,procedimiento,0,0.66,0,0
425,12745,19,1,3396,1,0,0,0,1,0,0,0,procedimiento,0,0.65,0,0
425,12746,6,4,4839,1,0,0,0,1,0,0,0,procedimiento,0,0.64,0,0
425,12747,6,1,2405,1,0,0,0,1,0,0,0,procedimiento,0,0.63,0,0
425,12748,3,4,4344,1,0,0,0,1,0,0,0,procedimiento,0,0.62,0,0
425,12749,10,4,4493,1,0,0,0,1,0,0,0,procedimiento,0,0.62,0,0
425,12750,16,4,4924,2,1,0,0,0,0,0,0,inatencion,0,0.51,1,0
426,12751,17,4,5953,3,0,0,0,0,0,0,0,inatencion,0,0.75,1,0
426,12752,17,1,2316,1,0,0,0,1,0,0,0,procedimiento,0,0.85,0,0
426,12753,5,2,3623,1,0,0,0,0,0,0,0,conceptual,0,0.74,1,0
426,12754,2,1,2028,1,0,0,0,0,0,0,0,consigna,1,0.63,2,0
426,12755,14,2,3974,1,0,0,0,1,0,0,0,procedimiento,0,0.82,0,0
426,12756,5,3,3547,1,0,0,0,0,0,0,0,inatencion,0,0.71,1,0
426,12757,11,2,2489,2,0,0,0,0,0,0,0,conceptual,1,0.6,2,0
426,12758,3,3,4780,1,0,0,0,1,0,0,0,procedimiento,0,0.79,0,0
426,12759,8,3,4406,2,0,0,0,0,0,0,0,inatencion,0,0.69,1,0
426,12760,17,3,3926,3,1,1,0,0,0,0,1,procedimiento,1,0.58,2,0
426,12761,7,3,4384,1,0,0,0,0,0,0,1,inatencion,1,0.4,3,0
426,12762,6,3,3427,2,1,0,0,0,0,0,2,aleatorio,1,0.36,4,0
426,12763,11,2,3400,1,0,0,0,1,0,0,0,procedimiento,0,0.75,0,0
426,12764,1,3,4859,1,1,0,0,1,0,0,0,procedimiento,0,0.74,0,0
426,12765,12,2,3564,1,0,0,0,0,0,0,0,consigna,0,0.64,1,0
426,12766,11,3,4144,2,1,1,0,0,0,0,1,aleatorio,1,0.53,2,0
426,12767,2,4,6471,1,0,0,0,1,0,0,0,procedimiento,0,0.72,0,0
426,12768,14,4,5562,2,1,0,0,0,0,0,0,inatencion,0,0.61,1,0
426,12769,8,1,2548,1,0,0,0,1,0,0,0,procedimiento,0,0.7,0,0
426,12770,6,2,2793,1,1,0,0,0,0,0,0,inatencion,0,0.59,1,0
426,12771,17,2,2590,1,1,1,0,0,0,0,0,inatencion,1,0.48,2,0
426,12772,5,4,6966,2,0,0,0,0,0,0,1,aleatorio,1,0.38,3,0
426,12773,16,4,6655,1,0,0,0,0,0,0,1,inatencion,1,0.27,4,0
426,12774,14,2,3682,3,0,0,0,0,0,0,0,inatencion,1,0.16,5,0
426,12775,13,4,7841,1,1,0,0,0,0,0,1,inatencion,1,0.15,6,0
426,12776,14,1,3610,3,0,0,0,0,0,0,0,inatencion,1,0.15,7,0
426,12777,3,2,4736,1,0,0,0,0,0,0,0,aleatorio,1,0.15,8,0
426,12778,1,2,4373,2,1,0,0,0,0,0,1,inatencion,1,0.15,9,0
426,12779,13,4,9483,2,0,0,0,0,0,0,0,inatencion,1,0.15,10,0
426,12780,10,2,3959,2,1,0,0,0,0,0,2,aleatorio,1,0.15,11,0
427,12781,16,1,1798,1,0,0,1,1,0,0,0,procedimiento,0,0.71,0,0
427,12782,10,3,3470,1,0,0,0,1,0,0,0,procedimiento,0,0.7,0,0
427,12783,11,2,3978,1,0,0,0,0,0,0,0,procedimiento,0,0.59,1,0
427,12784,1,2,3228,3,1,0,0,0,0,0,2,inatencion,1,0.49,2,0
427,12785,5,2,2349,2,0,0,0,0,0,0,0,inatencion,1,0.38,3,0
427,12786,12,4,6254,2,1,0,0,0,0,0,0,inatencion,1,0.27,4,0
427,12787,7,1,1826,3,0,0,1,0,0,0,0,inatencion,1,0.17,5,0
427,12788,15,1,2095,1,0,0,0,1,0,0,0,procedimiento,0,0.66,0,0
427,12789,4,2,2775,1,1,0,0,1,0,0,0,procedimiento,0,0.65,0,0
427,12790,17,2,2376,1,0,0,0,1,0,0,0,procedimiento,0,0.64,0,0
427,12791,9,4,5231,2,0,0,0,0,0,0,0,procedimiento,0,0.54,1,0
427,12792,14,2,2918,3,1,0,0,0,0,0,1,procedimiento,1,0.43,2,0
427,12793,15,2,3913,2,0,0,0,0,0,0,0,aleatorio,1,0.32,3,0
427,12794,17,2,2959,1,0,0,0,1,0,0,0,procedimiento,0,0.62,0,0
427,12795,17,2,3262,3,0,0,0,0,0,0,0,conceptual,0,0.51,1,0
427,12796,12,3,4025,1,1,1,0,0,0,0,0,inatencion,1,0.4,2,0
427,12797,19,3,5059,1,1,1,0,0,0,0,0,inatencion,1,0.3,3,0
427,12798,14,4,4201,1,0,0,0,0,0,0,3,inatencion,1,0.19,4,0
427,12799,11,3,4912,1,1,0,0,0,1,0,1,inatencion,1,0.15,5,0
427,12800,18,3,2872,1,1,1,0,0,2,0,0,inatencion,1,0.15,6,0
427,12801,5,2,3181,1,0,0,0,1,0,0,0,procedimiento,0,0.57,0,0
427,12802,15,4,7815,1,1,0,0,0,2,0,0,consigna,0,0.46,1,0
427,12803,3,1,2957,1,1,0,0,1,1,0,0,procedimiento,0,0.55,0,0
427,12804,8,2,3469,3,0,0,0,0,4,0,0,inatencion,0,0.45,1,0
427,12805,8,3,6144,1,1,1,0,0,4,0,0,procedimiento,1,0.34,2,0
427,12806,4,4,8471,2,0,0,0,0,1,0,0,inatencion,1,0.23,3,0
427,12807,19,2,3546,3,0,0,0,0,3,0,3,inatencion,1,0.15,4,0
427,12808,13,2,3577,3,1,1,0,0,2,0,0,inatencion,1,0.15,5,0
427,12809,3,3,6369,1,0,0,0,1,4,0,0,procedimiento,0,0.51,0,0
427,12810,3,4,8212,1,0,0,0,1,1,0,0,procedimiento,0,0.5,0,0
428,12811,6,2,3040,1,0,0,0,0,0,136,1,conceptual,1,0.26,1,0
428,12812,4,2,3507,1,0,0,0,1,4,22,1,procedimiento,1,0.36,0,0
428,12813,4,3,4447,1,1,0,0,0,1,707,0,consigna,1,0.25,1,0
428,12814,9,3,4014,1,0,0,0,0,1,372,1,inatencion,1,0.15,2,0
428,12815,9,2,3640,1,1,0,0,1,3,51,1,procedimiento,1,0.35,0,0
428,12816,9,1,2263,1,0,0,0,1,0,1722,2,procedimiento,1,0.34,0,0
428,12817,5,2,3826,2,1,0,0,0,1,1228,1,inatencion,1,0.24,1,0
428,12818,1,2,2871,2,0,0,0,0,1,31,0,conceptual,1,0.15,2,0
428,12819,18,3,4835,3,0,0,0,0,2,515,2,inatencion,1,0.15,3,0
428,12820,13,2,3678,1,1,0,0,1,3,41,0,procedimiento,1,0.33,0,0
428,12821,9,3,3441,1,1,0,0,1,2,190,1,procedimiento,1,0.32,0,0
428,12822,14,2,3832,1,0,0,0,0,2,561,1,inatencion,1,0.22,1,0
428,12823,4,4,4225,1,0,0,0,1,2,41,3,procedimiento,1,0.32,0,0
428,12824,7,1,2818,1,0,0,0,1,4,508,2,procedimiento,1,0.31,0,0
428,12825,7,2,3184,2,1,1,0,0,3,1137,4,aleatorio,1,0.21,1,0
428,12826,11,1,2261,1,0,0,0,0,2,177,2,aleatorio,1,0.15,2,0
428,12827,2,2,3119,2,0,0,0,0,3,100,0,inatencion,1,0.15,3,0
428,12828,18,1,2316,1,0,0,0,1,1,667,0,procedimiento,1,0.3,0,0
428,12829,4,1,2468,1,0,0,0,1,3,251,1,procedimiento,1,0.3,0,0
428,12830,8,2,2887,3,0,0,0,0,3,308,0,aleatorio,1,0.19,1,0
428,12831,8,2,3301,1,1,0,0,1,1,1055,4,procedimiento,1,0.29,0,0
428,12832,7,3,4670,1,0,0,0,1,1,1329,5,procedimiento,1,0.28,0,0
428,12833,10,3,5635,1,0,0,0,0,3,2952,1,procedimiento,1,0.18,1,0
428,12834,9,2,3955,1,1,1,0,0,2,57,2,conceptual,1,0.15,2,0
428,12835,1,2,4624,1,0,0,0,1,3,618,0,procedimiento,1,0.27,0,0
428,12836,19,3,4446,2,0,0,0,0,5,354,3,conceptual,1,0.17,1,0
428,12837,9,1,2345,1,0,0,0,1,4,120,1,procedimiento,1,0.27,0,0
428,12838,11,1,3158,1,1,0,0,1,1,745,2,procedimiento,1,0.26,0,0
428,12839,13,2,4459,1,0,0,0,1,1,141,2,procedimiento,1,0.26,0,0
428,12840,3,1,2610,1,0,0,0,1,1,1264,3,procedimiento,1,0.26,0,0
429,12841,7,3,3791,1,0,0,0,1,2,542,0,procedimiento,1,0.46,0,0
429,12842,14,2,2671,1,0,0,0,0,0,443,0,inatencion,1,0.36,1,0
429,12843,8,2,4304,1,0,0,0,1,0,538,0,procedimiento,1,0.45,0,0
429,12844,13,4,5354,1,1,0,0,1,1,1,0,procedimiento,1,0.45,0,0
429,12845,15,2,3195,1,1,3,0,1,2,431,0,procedimiento,1,0.44,0,0
429,12846,2,3,4609,1,0,0,0,1,1,249,0,procedimiento,1,0.44,0,0
429,12847,7,2,3520,1,0,0,0,1,3,168,0,procedimiento,1,0.43,0,0
429,12848,10,2,4344,1,1,0,0,1,3,899,0,procedimiento,1,0.43,0,0
429,12849,2,1,2013,1,0,0,0,1,1,531,0,procedimiento,1,0.42,0,0
429,12850,11,2,3382,1,0,0,0,0,2,167,0,conceptual,1,0.32,1,0
429,12851,18,4,5109,1,0,0,0,1,0,339,0,procedimiento,1,0.42,0,0
429,12852,4,3,3246,2,0,0,0,0,0,456,0,conceptual,1,0.31,1,0
429,12853,11,2,3124,1,0,0,0,0,2,405,4,conceptual,1,0.21,2,0
429,12854,13,1,2048,1,1,0,0,1,0,108,0,procedimiento,1,0.4,0,0
429,12855,3,2,2992,1,1,0,0,1,2,55,1,procedimiento,1,0.4,0,0
429,12856,9,2,2979,1,0,0,0,0,2,81,1,conceptual,1,0.29,1,0
429,12857,10,1,2818,1,0,0,0,1,6,28,0,procedimiento,1,0.39,0,0
429,12858,1,2,3171,1,1,0,0,1,0,1305,2,procedimiento,1,0.38,0,0
429,12859,9,3,3966,1,0,0,0,1,2,743,0,procedimiento,1,0.38,0,0
429,12860,1,4,6694,3,1,0,0,0,3,257,1,procedimiento,1,0.27,1,0
429,12861,7,2,3013,1,0,0,0,0,1,20,0,conceptual,1,0.17,2,0
429,12862,4,4,7974,3,1,1,0,0,4,42,2,inatencion,1,0.15,3,0
429,12863,10,2,3777,1,0,0,0,1,2,132,2,procedimiento,1,0.36,0,0
429,12864,10,1,4066,1,0,0,0,0,0,615,1,inatencion,1,0.26,1,0
429,12865,14,2,3842,1,0,0,0,1,4,951,1,procedimiento,1,0.35,0,0
429,12866,9,1,3126,1,0,0,0,1,2,625,0,procedimiento,1,0.35,0,0
429,12867,15,3,6115,1,1,1,0,1,3,393,0,procedimiento,1,0.34,0,0
429,12868,5,4,6435,1,1,0,0,0,1,254,1,inatencion,1,0.24,1,0
429,12869,10,3,3912,1,0,0,0,1,2,165,1,procedimiento,1,0.33,0,0
429,12870,6,3,6556,2,0,0,0,0,5,29,2,inatencion,1,0.23,1,0
430,12871,8,3,2598,2,1,1,0,0,0,0,0,conceptual,0,0.77,1,0
430,12872,11,3,3515,3,0,0,0,0,0,0,0,consigna,1,0.66,2,0
430,12873,9,3,2668,1,0,0,0,1,0,0,0,procedimiento,0,0.85,0,0
430,12874,7,3,2712,1,0,0,0,1,0,0,0,procedimiento,0,0.84,0,0
430,12875,8,3,3107,1,1,1,0,1,0,0,0,procedimiento,0,0.83,0,0
430,12876,14,3,2185,3,0,0,0,0,0,0,0,conceptual,0,0.73,1,0
430,12877,12,4,3385,1,0,0,0,1,0,0,0,procedimiento,0,0.82,0,0
430,12878,6,2,2109,2,1,1,0,0,0,0,0,procedimiento,0,0.71,1,0
430,12879,18,1,2119,1,0,0,0,1,0,0,0,procedimiento,0,0.8,0,0
430,12880,14,2,2829,1,0,0,0,1,0,0,0,procedimiento,0,0.79,0,0
430,12881,4,3,3464,1,0,0,0,1,0,0,0,procedimiento,0,0.78,0,0
430,12882,4,1,1949,1,0,0,1,1,0,0,0,procedimiento,0,0.77,0,0
430,12883,7,3,2271,2,1,0,0,0,0,0,0,consigna,0,0.67,1,0
430,12884,10,3,3195,1,1,0,0,1,0,0,0,procedimiento,0,0.76,0,0
430,12885,1,2,1844,1,1,1,1,0,0,0,0,inatencion,0,0.65,1,0
430,12886,2,2,1961,1,1,0,1,1,0,0,0,procedimiento,0,0.74,0,0
430,12887,18,2,1994,1,0,0,1,1,0,0,0,procedimiento,0,0.73,0,0
430,12888,15,2,2515,1,0,0,0,1,0,0,0,procedimiento,0,0.72,0,0
430,12889,11,2,1909,1,1,2,1,1,0,0,0,procedimiento,0,0.71,0,0
430,12890,16,3,3348,1,0,0,0,1,0,0,0,procedimiento,0,0.7,0,0
430,12891,14,3,2349,1,1,1,0,1,0,0,0,procedimiento,0,0.7,0,0
430,12892,6,1,1809,3,0,0,1,0,0,0,0,inatencion,0,0.59,1,0
430,12893,6,3,3935,1,1,0,0,1,0,0,0,procedimiento,0,0.68,0,0
430,12894,6,2,3105,3,0,0,0,0,0,0,0,inatencion,0,0.57,1,0
430,12895,19,2,2474,2,0,0,0,0,0,0,1,inatencion,1,0.46,2,0
430,12896,10,3,2899,3,1,1,0,0,0,0,0,aleatorio,1,0.35,3,0
430,12897,17,3,2906,1,0,0,0,1,0,0,0,procedimiento,0,0.64,0,0
430,12898,14,3,4174,1,0,0,0,1,0,0,0,procedimiento,0,0.63,0,0
430,12899,12,4,4109,2,0,0,0,0,0,0,0,procedimiento,0,0.53,1,0
430,12900,9,3,3887,1,1,0,0,1,0,0,0,procedimiento,0,0.62,0,0
431,12901,13,2,4644,1,0,0,0,0,0,347,0,conceptual,1,0.39,1,0
431,12902,7,4,6724,1,1,0,0,0,1,922,1,consigna,1,0.28,2,0
431,12903,3,1,2663,2,0,0,0,0,1,742,0,inatencion,1,0.18,3,0
431,12904,15,3,3936,1,1,0,0,0,1,490,1,inatencion,1,0.15,4,0
431,12905,18,2,3499,1,0,0,0,1,3,1105,0,procedimiento,1,0.47,0,0
431,12906,1,3,4524,1,0,0,0,0,0,209,0,inatencion,1,0.36,1,0
431,12907,14,4,5466,1,0,0,0,0,4,56,0,inatencion,1,0.26,2,0
431,12908,6,2,4633,1,1,0,0,1,2,100,0,procedimiento,1,0.45,0,0
431,12909,6,2,2789,1,1,0,0,0,2,70,0,consigna,1,0.35,1,0
431,12910,13,1,2084,2,0,0,0,0,1,430,0,inatencion,1,0.24,2,0
431,12911,7,3,5682,1,0,0,0,0,1,410,2,inatencion,1,0.15,3,0
431,12912,1,1,2716,2,0,0,0,0,0,92,1,inatencion,1,0.15,4,0
431,12913,1,2,4092,2,1,1,0,0,2,1210,2,inatencion,1,0.15,5,0
431,12914,6,4,6049,1,0,0,0,1,2,89,0,procedimiento,1,0.42,0,0
431,12915,13,2,4552,1,0,0,0,1,1,290,0,procedimiento,1,0.42,0,0
431,12916,10,4,5226,1,0,0,0,0,1,30,0,inatencion,1,0.31,1,0
431,12917,9,2,4551,2,1,0,0,0,5,34,0,inatencion,1,0.21,2,0
431,12918,6,2,3632,3,0,0,0,0,3,207,0,inatencion,1,0.15,3,0
431,12919,7,2,4260,1,0,0,0,1,3,170,0,procedimiento,1,0.4,0,0
431,12920,11,1,2638,1,0,0,0,1,3,591,0,procedimiento,1,0.4,0,0
431,12921,16,3,5329,1,0,0,0,1,3,28,1,procedimiento,1,0.39,0,0
431,12922,19,1,2986,1,0,0,0,0,1,231,1,procedimiento,1,0.29,1,0
431,12923,19,4,9434,1,1,0,0,0,6,162,2,inatencion,1,0.18,2,0
431,12924,12,2,5314,1,0,0,0,0,3,724,1,inatencion,1,0.15,3,0
431,12925,15,4,7239,1,0,0,0,1,7,910,2,procedimiento,1,0.37,0,0
431,12926,12,4,5753,3,0,0,0,0,1,948,3,consigna,1,0.27,1,0
431,12927,15,3,6466,1,1,0,0,0,4,391,1,aleatorio,1,0.16,2,0
431,12928,15,2,4368,1,0,0,0,0,1,874,1,inatencion,1,0.15,3,0
431,12929,3,3,4084,1,0,0,0,0,0,625,1,inatencion,1,0.15,4,0
431,12930,17,2,4650,2,1,1,0,0,4,719,2,aleatorio,1,0.15,5,0
432,12931,7,1,2667,1,0,0,0,1,0,0,0,procedimiento,0,0.85,0,0
432,12932,6,2,3862,1,0,0,0,1,0,0,0,procedimiento,0,0.84,0,0
432,12933,17,1,1839,1,0,0,1,1,0,0,0,procedimiento,0,0.83,0,0
432,12934,13,2,2324,1,0,0,0,1,0,0,0,procedimiento,0,0.83,0,0
432,12935,12,3,3380,3,0,0,0,0,0,0,0,inatencion,0,0.72,1,0
432,12936,1,4,4607,1,0,0,0,1,0,0,0,procedimiento,0,0.81,0,0
432,12937,3,3,4286,1,1,0,0,1,0,0,0,procedimiento,0,0.8,0,0
432,12938,5,2,2572,1,1,0,0,1,0,0,0,procedimiento,0,0.79,0,0
432,12939,8,3,4481,1,0,0,0,1,0,0,0,procedimiento,0,0.78,0,0
432,12940,3,1,2047,1,0,0,0,1,0,0,0,procedimiento,0,0.78,0,0
432,12941,12,2,3793,1,0,0,0,1,0,0,0,procedimiento,0,0.77,0,0
432,12942,8,2,3661,1,0,0,0,0,0,0,0,aleatorio,0,0.66,1,0
432,12943,2,2,3275,1,0,0,0,1,0,0,0,procedimiento,0,0.75,0,0
432,12944,13,3,4506,1,0,0,0,1,0,0,0,procedimiento,0,0.74,0,0
432,12945,4,3,4418,2,0,0,0,0,0,0,0,procedimiento,0,0.63,1,0
432,12946,6,4,5728,1,1,0,0,1,0,0,0,procedimiento,0,0.72,0,0
432,12947,5,4,4498,1,0,0,0,1,0,0,0,procedimiento,0,0.72,0,0
432,12948,4,1,1919,2,0,0,1,0,0,0,0,aleatorio,0,0.61,1,0
432,12949,18,1,2306,1,0,0,0,1,0,0,0,procedimiento,0,0.7,0,0
432,12950,15,2,2356,1,0,0,0,0,0,0,0,procedimiento,0,0.59,1,0
432,12951,10,4,4037,1,1,0,0,1,0,0,0,procedimiento,0,0.68,0,0
432,12952,3,3,5071,1,0,0,0,1,0,0,0,procedimiento,0,0.67,0,0
432,12953,19,3,5256,2,1,0,0,0,0,0,0,procedimiento,0,0.56,1,0
432,12954,17,4,6008,1,0,0,0,0,0,0,0,conceptual,1,0.46,2,0
432,12955,15,4,6518,1,0,0,0,1,0,0,0,procedimiento,0,0.65,0,0
432,12956,18,3,6091,1,1,0,0,1,0,0,0,procedimiento,0,0.64,0,0
432,12957,5,3,5986,3,0,0,0,0,0,0,0,consigna,0,0.53,1,0
432,12958,12,1,2719,1,0,0,0,1,0,0,0,procedimiento,0,0.62,0,0
432,12959,18,4,5585,1,0,0,0,1,0,0,0,procedimiento,0,0.61,0,0
432,12960,7,2,3994,1,0,0,0,0,0,0,0,conceptual,0,0.5,1,0
433,12961,11,3,3441,1,1,0,0,1,0,0,0,procedimiento,0,0.93,0,0
433,12962,12,2,3166,2,1,2,0,0,0,0,0,conceptual,0,0.82,1,0
433,12963,7,1,2029,1,1,1,0,1,0,0,0,procedimiento,0,0.92,0,0
433,12964,14,2,3702,1,0,0,0,1,0,0,0,procedimiento,0,0.91,0,0
433,12965,2,1,1925,1,0,0,1,0,0,0,0,aleatorio,0,0.8,1,0
433,12966,9,4,5149,1,0,0,0,1,0,0,0,procedimiento,0,0.89,0,0
433,12967,8,3,4425,1,1,0,0,0,0,0,0,inatencion,0,0.78,1,0
433,12968,9,4,5859,2,1,0,0,0,0,0,1,inatencion,1,0.67,2,0
433,12969,15,3,4791,1,0,0,0,1,0,0,0,procedimiento,0,0.86,0,0
433,12970,12,1,2511,1,0,0,0,1,0,0,0,procedimiento,0,0.85,0,0
433,12971,17,2,3532,1,1,0,0,1,0,0,0,procedimiento,0,0.84,0,0
433,12972,5,3,3762,2,1,0,0,0,0,0,0,procedimiento,0,0.73,1,0
433,12973,15,2,3308,3,0,0,0,0,0,0,0,conceptual,1,0.62,2,0
433,12974,8,4,5544,1,0,0,0,0,0,0,0,aleatorio,1,0.4,3,0
433,12975,9,3,4239,1,0,0,0,0,0,0,0,inatencion,1,0.4,4,0
433,12976,1,2,2551,1,0,0,0,1,0,0,0,procedimiento,0,0.79,0,0
433,12977,16,2,3106,1,0,0,0,1,0,0,0,procedimiento,0,0.78,0,0
433,12978,14,2,2211,1,1,0,0,1,0,0,0,procedimiento,0,0.77,0,0
433,12979,19,1,1775,2,1,0,1,0,0,0,0,aleatorio,0,0.67,1,0
433,12980,19,2,2454,2,0,0,0,0,0,0,0,conceptual,1,0.56,2,0
433,12981,3,4,5461,1,1,0,0,0,0,0,1,inatencion,1,0.4,3,0
433,12982,12,4,5225,3,0,0,0,0,0,0,3,inatencion,1,0.34,4,0
433,12983,19,3,6730,1,0,0,0,0,0,0,0,inatencion,1,0.23,5,0
433,12984,7,1,2952,1,1,0,0,0,0,0,2,inatencion,1,0.15,6,0
433,12985,19,2,3983,1,1,1,0,0,0,0,1,aleatorio,1,0.15,7,0
433,12986,7,3,5184,3,1,0,0,0,0,0,0,inatencion,1,0.15,8,0
433,12987,6,2,3025,1,0,0,0,1,0,0,0,procedimiento,0,0.69,0,0
433,12988,5,2,4213,1,0,0,0,0,0,0,0,consigna,0,0.58,1,0
433,12989,9,2,3335,1,1,0,0,1,0,0,0,procedimiento,0,0.67,0,0
433,12990,13,4,6417,2,0,0,0,0,0,0,0,inatencion,0,0.56,1,0
434,12991,11,4,3876,1,1,0,0,0,0,0,0,inatencion,0,0.53,1,0
434,12992,5,1,1703,1,0,0,1,0,0,0,1,aleatorio,1,0.42,2,0
434,12993,7,2,2154,2,1,2,0,0,0,0,0,aleatorio,1,0.31,3,0
434,12994,18,1,1817,1,0,0,1,0,0,0,0,inatencion,1,0.21,4,0
434,12995,1,3,3119,1,1,0,0,0,0,0,0,inatencion,1,0.15,5,0
434,12996,18,1,1973,2,0,0,1,0,1,0,0,inatencion,1,0.15,6,0
434,12997,1,1,1910,1,1,1,1,0,1,0,0,aleatorio,1,0.15,7,0
434,12998,11,4,3293,2,1,0,0,0,0,0,5,inatencion,1,0.15,8,0
434,12999,10,3,3336,1,0,0,0,1,0,0,0,procedimiento,0,0.58,0,0
434,13000,17,1,1711,1,0,0,1,1,2,0,0,procedimiento,0,0.57,0,0
434,13001,15,1,1644,1,0,0,1,1,1,0,0,procedimiento,0,0.56,0,0
434,13002,19,3,3096,1,0,0,0,1,1,0,0,procedimiento,0,0.56,0,0
434,13003,12,3,3273,1,0,0,0,0,1,0,0,inatencion,0,0.45,1,0
434,13004,1,1,1634,1,0,0,1,0,1,0,0,inatencion,1,0.35,2,0
434,13005,7,2,1842,3,0,0,1,0,0,0,1,inatencion,1,0.24,3,0
434,13006,1,1,1225,2,0,0,1,0,1,0,0,inatencion,1,0.15,4,0
434,13007,4,2,2168,2,0,0,0,0,1,0,1,inatencion,1,0.15,5,0
434,13008,2,1,1632,1,0,0,1,0,0,0,0,aleatorio,1,0.15,6,0
434,13009,2,3,3286,1,0,0,0,1,0,0,0,procedimiento,0,0.51,0,0
434,13010,9,1,1885,1,0,0,1,1,3,0,0,procedimiento,0,0.51,0,0
434,13011,11,1,1923,1,0,0,1,1,1,0,0,procedimiento,0,0.5,0,0
434,13012,12,3,5104,2,1,2,0,0,2,487,0,consigna,1,0.4,1,0
434,13013,19,2,2318,1,0,0,0,0,0,111,1,inatencion,1,0.29,2,0
434,13014,3,4,5036,1,1,0,0,1,2,253,0,procedimiento,1,0.48,0,0
434,13015,11,2,3110,1,1,3,0,0,0,211,0,procedimiento,1,0.38,1,0
434,13016,17,2,2379,1,0,0,0,1,1,379,0,procedimiento,1,0.47,0,0
434,13017,16,4,5887,1,0,0,0,1,0,34,0,procedimiento,1,0.46,0,0
434,13018,12,1,1891,1,0,0,1,1,4,137,0,procedimiento,1,0.46,0,0
434,13019,19,3,3345,1,1,0,0,0,0,506,0,inatencion,1,0.35,1,0
434,13020,14,4,4277,1,1,1,0,0,3,47,0,conceptual,1,0.25,2,0
435,13021,14,1,1906,1,0,0,1,0,0,0,0,aleatorio,0,0.68,1,0
435,13022,3,3,1984,1,1,0,1,0,0,0,3,inatencion,1,0.57,2,0
435,13023,16,2,2309,1,0,0,0,0,0,0,0,inatencion,1,0.4,3,0
435,13024,15,4,4163,1,0,0,0,1,0,0,0,procedimiento,0,0.76,0,0
435,13025,19,3,2434,1,0,0,0,1,0,0,0,procedimiento,0,0.75,0,0
435,13026,16,4,4253,2,0,0,0,0,0,0,0,procedimiento,0,0.64,1,0
435,13027,1,1,1576,1,0,0,1,1,0,0,0,procedimiento,0,0.73,0,0
435,13028,15,4,3190,2,1,0,0,0,0,0,0,conceptual,0,0.62,1,0
435,13029,2,2,2345,1,0,0,0,0,0,0,0,procedimiento,1,0.52,2,0
435,13030,17,1,1240,1,0,0,1,1,0,0,0,procedimiento,0,0.71,0,0
435,13031,4,2,1744,1,0,0,1,1,0,0,0,procedimiento,0,0.7,0,0
435,13032,2,3,2998,1,0,0,0,1,0,0,0,procedimiento,0,0.69,0,0
435,13033,11,3,3512,1,1,1,0,1,0,0,0,procedimiento,0,0.69,0,0
435,13034,12,3,2554,1,0,0,0,1,0,0,0,procedimiento,0,0.68,0,0
435,13035,10,2,2373,1,0,0,0,1,0,0,0,procedimiento,0,0.67,0,0
435,13036,14,2,1981,2,0,0,1,0,0,0,0,aleatorio,0,0.56,1,0
435,13037,14,1,1671,1,0,0,1,1,0,0,0,procedimiento,0,0.65,0,0
435,13038,6,1,1595,1,0,0,1,1,0,0,0,procedimiento,0,0.65,0,0
435,13039,1,3,2881,1,0,0,0,1,0,0,0,procedimiento,0,0.64,0,0
435,13040,19,3,3172,1,1,0,0,1,0,0,0,procedimiento,0,0.63,0,0
435,13041,14,4,3483,1,0,0,0,1,0,0,0,procedimiento,0,0.62,0,0
435,13042,10,1,1471,1,0,0,1,1,0,0,0,procedimiento,0,0.62,0,0
435,13043,13,4,4158,1,0,0,0,1,0,0,0,procedimiento,0,0.61,0,0
435,13044,5,3,4393,1,0,0,0,0,0,0,0,conceptual,0,0.5,1,0
435,13045,3,2,3363,1,1,0,0,1,0,0,0,procedimiento,0,0.59,0,0
435,13046,19,3,2554,1,0,0,0,1,3,0,0,procedimiento,0,0.58,0,0
435,13047,8,2,2564,1,1,0,0,1,3,0,0,procedimiento,0,0.58,0,0
435,13048,13,4,5206,1,0,0,0,1,2,0,0,procedimiento,0,0.57,0,0
435,13049,13,2,3151,2,0,0,0,0,1,0,0,procedimiento,0,0.46,1,0
435,13050,17,4,5078,1,1,0,0,0,2,0,2,inatencion,1,0.35,2,0
436,13051,6,3,2316,1,0,0,0,1,0,0,0,procedimiento,0,0.95,0,0
436,13052,7,1,2030,1,1,2,0,1,0,0,0,procedimiento,0,0.94,0,0
436,13053,16,3,3695,1,1,0,0,0,0,0,0,procedimiento,0,0.83,1,0
436,13054,1,2,2025,1,0,0,0,0,0,0,0,inatencion,1,0.72,2,0
436,13055,12,2,2021,1,0,0,0,0,0,0,0,inatencion,1,0.4,3,0
436,13056,4,2,1889,1,0,0,1,1,0,0,0,procedimiento,0,0.9,0,0
436,13057,10,3,3268,3,1,1,0,0,0,0,0,aleatorio,0,0.79,1,0
436,13058,9,4,3523,1,1,0,0,1,0,0,0,procedimiento,0,0.88,0,0
436,13059,5,2,2020,1,0,0,0,0,0,0,0,procedimiento,0,0.77,1,0
436,13060,9,4,3693,3,1,0,0,0,0,0,0,conceptual,1,0.66,2,0
436,13061,16,3,2337,1,1,0,0,1,0,0,0,procedimiento,0,0.86,0,0
436,13062,18,2,2769,1,0,0,0,1,0,0,0,procedimiento,0,0.85,0,0
436,13063,8,1,2109,1,0,0,0,1,0,0,0,procedimiento,0,0.84,0,0
436,13064,12,3,2841,1,0,0,0,1,0,0,0,procedimiento,0,0.83,0,0
436,13065,1,2,2612,1,0,0,0,1,0,0,0,procedimiento,0,0.82,0,0
436,13066,7,2,2933,3,1,0,0,0,0,0,0,inatencion,0,0.71,1,0
436,13067,10,1,2032,1,0,0,0,1,0,0,0,procedimiento,0,0.8,0,0
436,13068,9,2,2077,1,1,1,0,1,0,0,0,procedimiento,0,0.79,0,0
436,13069,19,1,1511,1,0,0,1,1,0,0,0,procedimiento,0,0.78,0,0
436,13070,11,3,2890,2,1,1,0,0,0,0,0,inatencion,0,0.67,1,0
436,13071,18,2,2276,1,0,0,0,1,0,0,0,procedimiento,0,0.76,0,0
436,13072,7,2,2996,1,0,0,0,1,0,0,0,procedimiento,0,0.75,0,0
436,13073,2,2,2902,1,0,0,0,1,0,0,0,procedimiento,0,0.74,0,0
436,13074,6,1,2330,1,0,0,0,1,0,0,0,procedimiento,0,0.73,0,0
436,13075,19,1,1556,1,0,0,1,1,0,0,0,procedimiento,0,0.72,0,0
436,13076,16,3,3611,1,1,2,0,1,0,0,0,procedimiento,0,0.71,0,0
436,13077,10,4,5103,1,1,2,0,1,0,0,0,procedimiento,0,0.7,0,0
436,13078,16,3,4780,1,1,0,0,0,0,0,0,conceptual,0,0.59,1,0
436,13079,11,3,3836,1,1,0,0,0,0,0,0,inatencion,1,0.48,2,0
436,13080,9,2,3893,1,0,0,0,1,0,0,0,procedimiento,0,0.67,0,0
437,13081,6,4,3727,2,1,0,0,0,0,0,0,aleatorio,0,0.75,1,0
437,13082,1,3,2519,1,1,0,0,1,0,0,0,procedimiento,0,0.84,0,0
437,13083,15,2,3063,1,0,0,0,1,0,0,0,procedimiento,0,0.84,0,0
437,13084,2,2,1863,1,0,0,1,0,0,0,0,aleatorio,0,0.73,1,0
437,13085,4,3,2436,1,1,0,0,0,0,0,0,procedimiento,1,0.62,2,0
437,13086,14,1,2009,3,0,0,0,0,0,0,1,inatencion,1,0.4,3,0
437,13087,7,3,2471,1,0,0,0,1,0,0,0,procedimiento,0,0.8,0,0
437,13088,5,3,2647,1,0,0,0,0,0,0,0,conceptual,0,0.69,1,0
437,13089,8,1,2027,1,0,0,0,1,0,0,0,procedimiento,0,0.78,0,0
437,13090,3,1,2163,1,0,0,0,0,0,0,0,procedimiento,0,0.68,1,0
437,13091,8,3,3947,3,0,0,0,0,0,0,0,inatencion,1,0.57,2,0
437,13092,7,2,2156,2,0,0,0,0,0,0,1,inatencion,1,0.4,3,0
437,13093,4,3,2283,1,0,0,0,0,0,0,0,aleatorio,1,0.35,4,0
437,13094,4,3,3887,1,0,0,0,0,0,0,1,inatencion,1,0.24,5,0
437,13095,6,4,3727,1,0,0,0,0,0,0,0,inatencion,1,0.15,6,0
437,13096,11,3,2730,3,0,0,0,0,0,0,0,aleatorio,1,0.15,7,0
437,13097,15,4,3201,2,1,0,0,0,0,0,1,inatencion,1,0.15,8,0
437,13098,5,2,2717,1,0,0,0,1,0,0,0,procedimiento,0,0.71,0,0
437,13099,9,3,2490,1,0,0,0,0,0,0,0,procedimiento,0,0.6,1,0
437,13100,5,3,3398,2,1,0,0,0,0,0,2,procedimiento,1,0.49,2,0
437,13101,3,2,3043,1,0,0,0,1,0,0,0,procedimiento,0,0.68,0,0
437,13102,9,3,3328,1,1,0,0,0,0,0,0,procedimiento,0,0.57,1,0
437,13103,17,2,3356,3,0,0,0,0,0,0,1,inatencion,1,0.46,2,0
437,13104,6,3,4948,2,0,0,0,0,0,0,0,inatencion,1,0.36,3,0
437,13105,11,1,1901,3,1,1,1,0,0,0,2,inatencion,1,0.25,4,0
437,13106,1,3,3550,2,0,0,0,0,0,0,2,inatencion,1,0.15,5,0
437,13107,18,3,3332,3,1,0,0,0,0,0,1,aleatorio,1,0.15,6,0
437,13108,3,2,4294,2,0,0,0,0,0,0,0,inatencion,1,0.15,7,0
437,13109,16,3,5127,1,0,0,0,0,0,0,2,aleatorio,1,0.15,8,0
437,13110,14,1,1681,3,0,0,1,0,0,0,0,aleatorio,1,0.15,9,0
438,13111,1,3,2264,2,1,0,0,0,0,0,0,conceptual,0,0.65,1,0
438,13112,4,1,1715,1,0,0,1,1,0,0,0,procedimiento,0,0.75,0,0
438,13113,16,1,1497,1,0,0,1,1,0,0,0,procedimiento,0,0.74,0,0
438,13114,7,1,1641,1,0,0,1,1,0,0,0,procedimiento,0,0.73,0,0
438,13115,1,1,1270,1,1,0,1,0,0,0,0,aleatorio,0,0.62,1,0
438,13116,14,4,2858,1,1,1,0,1,0,0,0,procedimiento,0,0.72,0,0
438,13117,11,2,2673,2,0,0,0,0,0,0,0,conceptual,0,0.61,1,0
438,13118,13,2,1939,1,0,0,1,1,0,0,0,procedimiento,0,0.7,0,0
438,13119,13,3,2433,2,1,0,0,0,0,0,0,consigna,0,0.59,1,0
438,13120,10,3,3160,1,0,0,0,1,0,0,0,procedimiento,0,0.69,0,0
438,13121,4,1,1283,1,0,0,1,1,0,0,0,procedimiento,0,0.68,0,0
438,13122,14,3,2116,1,1,0,0,1,0,0,0,procedimiento,0,0.67,0,0
438,13123,8,2,1849,1,0,0,1,1,0,0,0,procedimiento,0,0.66,0,0
438,13124,10,3,3241,1,1,1,0,1,0,0,0,procedimiento,0,0.66,0,0
438,13125,14,2,1830,1,1,0,1,1,0,0,0,procedimiento,0,0.65,0,0
438,13126,6,2,2281,1,0,0,0,1,0,0,0,procedimiento,0,0.64,0,0
438,13127,6,1,1787,1,0,0,1,1,0,0,0,procedimiento,0,0.63,0,0
438,13128,2,2,2174,1,1,1,0,1,0,0,0,procedimiento,0,0.63,0,0
438,13129,3,3,2879,1,0,0,0,1,0,0,0,procedimiento,0,0.62,0,0
438,13130,15,2,2146,1,0,0,0,0,0,0,0,inatencion,0,0.51,1,0
438,13131,14,2,1552,1,0,0,1,1,0,0,0,procedimiento,0,0.6,0,0
438,13132,6,2,2614,1,0,0,0,1,2,0,0,procedimiento,0,0.6,0,0
438,13133,5,1,2486,1,1,0,0,1,1,0,0,procedimiento,0,0.59,0,0
438,13134,1,2,2190,1,1,0,0,0,2,0,0,aleatorio,0,0.48,1,0
438,13135,19,3,2745,2,1,1,0,0,1,0,2,conceptual,1,0.37,2,0
438,13136,11,4,4509,1,0,0,0,1,0,0,0,procedimiento,0,0.57,0,0
438,13137,11,4,3902,1,0,0,0,1,1,0,0,procedimiento,0,0.56,0,0
438,13138,15,2,3097,1,0,0,0,1,2,0,0,procedimiento,0,0.55,0,0
438,13139,18,2,2850,1,0,0,0,1,1,0,0,procedimiento,0,0.54,0,0
438,13140,7,4,4260,2,1,0,0,0,1,0,0,conceptual,0,0.44,1,0
439,13141,15,3,3907,1,0,0,0,1,0,0,0,procedimiento,0,0.8,0,0
439,13142,1,4,4489,2,0,0,0,0,0,0,0,aleatorio,0,0.69,1,0
439,13143,2,3,3447,2,1,0,0,0,0,0,0,inatencion,1,0.58,2,0
439,13144,9,2,2456,1,1,0,0,1,0,0,0,procedimiento,0,0.77,0,0
439,13145,10,3,3698,1,0,0,0,1,0,0,0,procedimiento,0,0.76,0,0
439,13146,11,4,3561,3,1,1,0,0,0,0,0,procedimiento,0,0.66,1,0
439,13147,6,1,1509,1,0,0,1,1,0,0,0,procedimiento,0,0.75,0,0
439,13148,8,2,2986,1,0,0,0,1,0,0,0,procedimiento,0,0.74,0,0
439,13149,9,3,3975,1,1,2,0,1,0,0,0,procedimiento,0,0.73,0,0
439,13150,3,2,2598,1,0,0,0,1,0,0,0,procedimiento,0,0.72,0,0
439,13151,4,2,2174,1,1,0,0,0,0,0,0,inatencion,0,0.62,1,0
439,13152,19,2,2409,1,0,0,0,1,0,0,0,procedimiento,0,0.71,0,0
439,13153,10,2,2305,1,1,0,0,1,0,0,0,procedimiento,0,0.7,0,0
439,13154,1,2,3092,1,1,0,0,1,0,0,0,procedimiento,0,0.69,0,0
439,13155,15,1,1689,1,0,0,1,1,0,0,0,procedimiento,0,0.68,0,0
439,13156,6,4,3420,1,1,1,0,1,0,0,0,procedimiento,0,0.68,0,0
439,13157,13,2,2592,1,1,0,0,1,0,0,0,procedimiento,0,0.67,0,0
439,13158,9,1,1678,1,1,0,1,1,0,0,0,procedimiento,0,0.66,0,0
439,13159,11,2,2796,1,0,0,0,0,0,0,0,conceptual,0,0.55,1,0
439,13160,16,2,2795,1,0,0,0,1,0,0,0,procedimiento,0,0.64,0,0
439,13161,6,3,2459,1,0,0,0,1,0,0,0,procedimiento,0,0.64,0,0
439,13162,13,3,3032,1,0,0,0,1,0,0,0,procedimiento,0,0.63,0,0
439,13163,9,3,4616,2,0,0,0,0,0,0,0,inatencion,0,0.52,1,0
439,13164,3,2,2644,1,0,0,0,0,0,0,0,inatencion,1,0.41,2,0
439,13165,12,4,6218,1,0,0,0,1,0,0,0,procedimiento,0,0.6,0,0
439,13166,4,2,3101,1,0,0,0,0,1,0,0,inatencion,0,0.5,1,0
439,13167,3,3,3559,2,1,0,0,0,2,0,1,procedimiento,1,0.39,2,0
439,13168,14,1,1848,1,1,0,1,1,0,0,0,procedimiento,0,0.58,0,0
439,13169,19,3,3173,1,0,0,0,1,2,0,0,procedimiento,0,0.57,0,0
439,13170,9,1,2317,1,0,0,0,1,3,0,0,procedimiento,0,0.56,0,0
440,13171,18,2,2190,1,1,0,0,1,0,0,0,procedimiento,0,0.81,0,0
440,13172,11,4,4809,1,0,0,0,1,0,0,0,procedimiento,0,0.8,0,0
440,13173,1,3,3221,2,1,0,0,0,0,0,0,conceptual,0,0.7,1,0
440,13174,1,1,1788,1,0,0,1,1,0,0,0,procedimiento,0,0.79,0,0
440,13175,11,3,2645,1,0,0,0,0,0,0,0,conceptual,0,0.68,1,0
440,13176,6,2,2709,1,0,0,0,1,0,0,0,procedimiento,0,0.77,0,0
440,13177,8,3,3016,1,0,0,0,1,0,0,0,procedimiento,0,0.76,0,0
440,13178,7,1,2323,2,0,0,0,0,0,0,0,inatencion,0,0.66,1,0
440,13179,15,1,2181,2,0,0,0,0,0,0,0,conceptual,1,0.55,2,0
440,13180,15,4,5601,1,1,0,0,0,0,0,0,inatencion,1,0.4,3,0
440,13181,12,2,2687,1,0,0,0,0,0,0,0,aleatorio,1,0.33,4,0
440,13182,10,2,2538,1,0,0,0,1,0,0,0,procedimiento,0,0.72,0,0
440,13183,15,1,1557,1,0,0,1,1,0,0,0,procedimiento,0,0.71,0,0
440,13184,4,4,4157,1,0,0,0,1,0,0,0,procedimiento,0,0.71,0,0
440,13185,18,1,2426,2,1,0,0,0,0,0,0,consigna,0,0.6,1,0
440,13186,8,1,2125,2,0,0,0,0,0,0,2,inatencion,1,0.49,2,0
440,13187,17,4,4625,1,1,0,0,1,0,0,0,procedimiento,0,0.68,0,0
440,13188,17,3,3327,1,0,0,0,1,0,0,0,procedimiento,0,0.67,0,0
440,13189,16,2,2249,2,0,0,0,0,0,0,0,consigna,0,0.57,1,0
440,13190,15,2,3190,1,0,0,0,1,0,0,0,procedimiento,0,0.66,0,0
440,13191,16,2,2605,1,0,0,0,1,0,0,0,procedimiento,0,0.65,0,0
440,13192,11,4,4004,2,0,0,0,0,0,0,0,inatencion,0,0.54,1,0
440,13193,14,2,3521,1,0,0,0,1,0,0,0,procedimiento,0,0.63,0,0
440,13194,5,2,3615,1,0,0,0,1,0,0,0,procedimiento,0,0.63,0,0
440,13195,11,4,5243,1,1,1,0,1,0,0,0,procedimiento,0,0.62,0,0
440,13196,11,1,2838,1,0,0,0,1,0,0,0,procedimiento,0,0.61,0,0
440,13197,9,3,4138,2,1,0,0,0,0,0,0,inatencion,0,0.5,1,0
440,13198,17,1,2327,2,1,1,0,0,1,0,2,inatencion,1,0.39,2,0
440,13199,6,3,4677,1,0,0,0,1,2,0,0,procedimiento,0,0.58,0,0
440,13200,5,2,3641,1,1,0,0,0,0,0,0,conceptual,0,0.48,1,0
441,13201,6,3,4164,1,0,0,0,0,0,0,0,consigna,0,0.85,1,0
441,13202,15,2,2589,1,0,0,0,1,0,0,0,procedimiento,0,0.94,0,0
441,13203,14,3,5337,1,1,0,0,1,0,0,0,procedimiento,0,0.93,0,0
441,13204,17,3,4415,1,0,0,0,1,0,0,0,procedimiento,0,0.92,0,0
441,13205,13,3,5197,3,1,1,0,0,0,0,0,procedimiento,0,0.81,1,0
441,13206,14,2,2813,2,0,0,0,0,0,0,0,inatencion,1,0.7,2,0
441,13207,15,3,5031,1,0,0,0,0,0,0,0,aleatorio,1,0.4,3,0
441,13208,6,4,4523,2,0,0,0,0,0,0,0,inatencion,1,0.4,4,0
441,13209,8,1,1923,2,0,0,1,0,0,0,0,inatencion,1,0.38,5,0
441,13210,19,2,3226,1,0,0,0,1,0,0,0,procedimiento,0,0.87,0,0
441,13211,13,3,3820,1,1,0,0,0,0,0,0,inatencion,0,0.76,1,0
441,13212,15,3,4295,2,1,0,0,0,0,0,0,inatencion,1,0.65,2,0
441,13213,11,2,3812,1,0,0,0,1,0,0,0,procedimiento,0,0.84,0,0
441,13214,9,3,4311,1,0,0,0,1,0,0,0,procedimiento,0,0.83,0,0
441,13215,17,3,3867,1,0,0,0,1,0,0,0,procedimiento,0,0.82,0,0
441,13216,17,2,3654,1,0,0,0,1,0,0,0,procedimiento,0,0.81,0,0
441,13217,17,3,4724,1,1,0,0,1,0,0,0,procedimiento,0,0.8,0,0
441,13218,15,3,3792,1,0,0,0,1,0,0,0,procedimiento,0,0.79,0,0
441,13219,6,2,4336,1,0,0,0,1,0,0,0,procedimiento,0,0.78,0,0
441,13220,19,2,3564,1,0,0,0,1,0,0,0,procedimiento,0,0.77,0,0
441,13221,17,2,3084,1,0,0,0,0,0,0,0,inatencion,0,0.66,1,0
441,13222,12,4,8875,1,0,0,0,1,0,0,0,procedimiento,0,0.75,0,0
441,13223,13,2,2731,1,1,0,0,1,0,0,0,procedimiento,0,0.74,0,0
441,13224,15,4,6560,1,0,0,0,0,0,0,0,conceptual,0,0.63,1,0
441,13225,3,4,8553,2,0,0,0,0,0,0,1,inatencion,1,0.52,2,0
441,13226,7,2,3190,1,0,0,0,1,0,0,0,procedimiento,0,0.71,0,0
441,13227,14,2,5222,1,1,0,0,0,0,0,0,consigna,0,0.6,1,0
441,13228,7,3,5314,1,0,0,0,0,0,0,3,procedimiento,1,0.5,2,0
441,13229,13,2,5753,1,0,0,0,0,0,0,2,inatencion,1,0.39,3,0
441,13230,16,1,2565,1,0,0,0,1,0,0,0,procedimiento,0,0.68,0,0
442,13231,1,2,3102,1,0,0,0,1,0,0,0,procedimiento,0,0.89,0,0
442,13232,5,3,3245,2,1,0,0,0,0,0,0,inatencion,0,0.78,1,0
442,13233,9,4,4172,1,0,0,0,1,0,0,0,procedimiento,0,0.88,0,0
442,13234,16,4,4591,1,0,0,0,1,0,0,0,procedimiento,0,0.87,0,0
442,13235,17,3,3010,3,0,0,0,0,0,0,0,inatencion,0,0.76,1,0
442,13236,19,3,2456,1,1,3,0,1,0,0,0,procedimiento,0,0.85,0,0
442,13237,19,4,3614,1,0,0,0,0,0,0,0,inatencion,0,0.74,1,0
442,13238,6,3,4139,3,1,0,0,0,0,0,0,conceptual,1,0.63,2,0
442,13239,5,1,1683,1,0,0,1,0,0,0,1,aleatorio,1,0.4,3,0
442,13240,19,2,2891,2,0,0,0,0,0,0,0,inatencion,1,0.4,4,0
442,13241,13,3,4155,1,1,0,0,1,0,0,0,procedimiento,0,0.8,0,0
442,13242,15,3,2343,1,0,0,0,0,0,0,0,inatencion,0,0.7,1,0
442,13243,18,3,2398,2,0,0,0,0,0,0,0,aleatorio,1,0.59,2,0
442,13244,18,2,2251,1,1,2,0,0,0,0,0,aleatorio,1,0.4,3,0
442,13245,9,2,3020,1,0,0,0,1,0,0,0,procedimiento,0,0.77,0,0
442,13246,14,3,3974,1,0,0,0,1,0,0,0,procedimiento,0,0.76,0,0
442,13247,16,4,4450,3,0,0,0,0,0,0,0,conceptual,0,0.65,1,0
442,13248,1,1,2084,1,0,0,0,0,0,0,0,inatencion,1,0.54,2,0
442,13249,13,4,4120,1,0,0,0,0,0,0,1,inatencion,1,0.4,3,0
442,13250,3,1,2163,1,0,0,0,1,0,0,0,procedimiento,0,0.72,0,0
442,13251,3,2,2930,1,0,0,0,1,0,0,0,procedimiento,0,0.71,0,0
442,13252,6,3,3974,2,1,0,0,0,0,0,0,procedimiento,0,0.61,1,0
442,13253,4,1,2601,1,0,0,0,1,0,0,0,procedimiento,0,0.7,0,0
442,13254,2,3,4724,1,0,0,0,1,0,0,0,procedimiento,0,0.69,0,0
442,13255,17,2,3754,2,1,0,0,0,0,0,0,procedimiento,0,0.58,1,0
442,13256,2,2,2728,1,0,0,0,0,0,0,0,aleatorio,1,0.47,2,0
442,13257,10,1,1738,2,1,0,1,0,0,0,3,inatencion,1,0.36,3,0
442,13258,17,2,2081,3,0,0,0,0,0,0,0,inatencion,1,0.25,4,0
442,13259,1,2,3128,1,0,0,0,0,0,0,4,aleatorio,1,0.15,5,0
442,13260,8,2,3130,1,0,0,0,0,0,0,1,inatencion,1,0.15,6,0
443,13261,2,4,2651,1,0,0,0,1,0,0,0,procedimiento,0,0.74,0,0
443,13262,14,1,1285,1,0,0,1,1,0,0,0,procedimiento,0,0.73,0,0
443,13263,8,3,2341,1,1,0,0,0,0,0,0,consigna,0,0.63,1,0
443,13264,17,2,2035,1,0,0,0,1,0,0,0,procedimiento,0,0.72,0,0
443,13265,6,3,2741,2,1,0,0,0,0,0,0,conceptual,0,0.61,1,0
443,13266,16,4,4095,1,0,0,0,1,0,0,0,procedimiento,0,0.7,0,0
443,13267,8,3,1901,1,0,0,1,1,0,0,0,procedimiento,0,0.7,0,0
443,13268,13,3,3074,1,1,1,0,1,0,0,0,procedimiento,0,0.69,0,0
443,13269,5,4,3583,1,0,0,0,1,0,0,0,procedimiento,0,0.68,0,0
443,13270,6,1,1365,1,0,0,1,1,0,0,0,procedimiento,0,0.67,0,0
443,13271,4,4,2763,2,1,0,0,0,0,0,0,procedimiento,0,0.57,1,0
443,13272,13,4,2754,2,0,0,0,0,0,0,1,procedimiento,1,0.46,2,0
443,13273,15,2,1571,2,0,0,1,0,0,0,1,inatencion,1,0.35,3,0
443,13274,4,4,2943,3,1,0,0,0,0,0,1,inatencion,1,0.25,4,0
443,13275,3,2,1890,1,1,0,1,0,0,0,0,inatencion,1,0.15,5,0
443,13276,15,2,2601,2,1,0,0,0,0,0,0,inatencion,1,0.15,6,0
443,13277,13,4,3595,1,0,0,0,1,0,0,0,procedimiento,0,0.62,0,0
443,13278,17,3,2213,1,1,0,0,1,0,0,0,procedimiento,0,0.62,0,0
443,13279,19,3,2459,1,0,0,0,1,0,0,0,procedimiento,0,0.61,0,0
443,13280,6,2,2088,1,0,0,0,1,0,0,0,procedimiento,0,0.6,0,0
443,13281,17,3,2594,1,0,0,0,1,2,0,0,procedimiento,0,0.59,0,0
443,13282,14,2,2200,1,1,0,0,1,3,0,0,procedimiento,0,0.59,0,0
443,13283,5,1,1845,1,0,0,1,1,3,0,0,procedimiento,0,0.58,0,0
443,13284,10,4,4930,3,1,0,0,0,3,0,0,conceptual,0,0.47,1,0
443,13285,12,2,2244,1,0,0,0,0,4,0,0,inatencion,1,0.36,2,0
443,13286,17,3,2769,1,1,0,0,1,1,0,0,procedimiento,0,0.56,0,0
443,13287,12,2,2030,1,0,0,0,0,1,0,0,procedimiento,0,0.45,1,0
443,13288,1,2,2849,1,0,0,0,0,1,0,0,inatencion,1,0.34,2,0
443,13289,12,3,3524,1,0,0,0,1,4,0,0,procedimiento,0,0.53,0,0
443,13290,8,3,3109,1,1,2,0,1,0,0,0,procedimiento,0,0.53,0,0
444,13291,1,2,2976,1,1,2,0,1,0,0,0,procedimiento,0,0.93,0,0
444,13292,10,4,4158,1,1,0,0,0,0,0,0,conceptual,0,0.82,1,0
444,13293,5,2,2433,1,1,0,0,0,0,0,1,procedimiento,1,0.71,2,0
444,13294,2,1,1623,1,0,0,1,0,0,0,0,aleatorio,1,0.4,3,0
444,13295,2,4,4952,2,0,0,0,0,0,0,0,aleatorio,1,0.4,4,0
444,13296,11,2,3083,3,0,0,0,0,0,0,1,inatencion,1,0.39,5,0
444,13297,15,1,2022,2,0,0,0,0,0,0,0,aleatorio,1,0.28,6,0
444,13298,10,2,2164,2,0,0,0,0,0,0,0,inatencion,1,0.17,7,0
444,13299,11,2,2352,3,1,1,0,0,0,0,1,inatencion,1,0.15,8,0
444,13300,6,4,3563,1,1,0,0,1,0,0,0,procedimiento,0,0.85,0,0
444,13301,14,2,2480,1,1,0,0,1,0,0,0,procedimiento,0,0.84,0,0
444,13302,2,3,2631,1,0,0,0,1,0,0,0,procedimiento,0,0.83,0,0
444,13303,12,1,1803,1,0,0,1,1,0,0,0,procedimiento,0,0.82,0,0
444,13304,17,4,4190,1,0,0,0,0,0,0,0,inatencion,0,0.71,1,0
444,13305,1,4,4777,1,1,1,0,1,0,0,0,procedimiento,0,0.8,0,0
444,13306,19,3,3662,1,1,0,0,0,0,0,0,inatencion,0,0.69,1,0
444,13307,16,2,1865,3,1,0,1,0,0,0,0,inatencion,1,0.58,2,0
444,13308,3,1,1740,1,0,0,1,1,0,0,0,procedimiento,0,0.77,0,0
444,13309,18,2,2071,1,0,0,0,0,0,0,0,conceptual,0,0.66,1,0
444,13310,6,2,2933,1,0,0,0,0,0,0,1,procedimiento,1,0.55,2,0
444,13311,11,3,3673,3,1,0,0,0,0,0,0,aleatorio,1,0.4,3,0
444,13312,5,3,3390,1,0,0,0,1,0,0,0,procedimiento,0,0.74,0,0
444,13313,15,3,4519,1,1,1,0,0,0,0,0,conceptual,0,0.63,1,0
444,13314,18,1,2733,1,1,0,0,1,0,0,0,procedimiento,0,0.72,0,0
444,13315,19,1,1880,1,0,0,1,1,0,0,0,procedimiento,0,0.71,0,0
444,13316,14,4,5842,1,0,0,0,0,0,0,0,conceptual,0,0.6,1,0
444,13317,17,2,2890,1,0,0,0,1,0,0,0,procedimiento,0,0.69,0,0
444,13318,12,2,3289,1,0,0,0,1,0,0,0,procedimiento,0,0.68,0,0
444,13319,19,4,4694,3,0,0,0,0,0,0,0,conceptual,0,0.57,1,0
444,13320,19,4,6176,2,1,2,0,0,0,0,1,inatencion,1,0.46,2,0
445,13321,10,2,2778,1,0,0,0,0,0,199,0,inatencion,1,0.37,1,0
445,13322,5,1,1431,1,0,0,1,1,2,403,0,procedimiento,1,0.47,0,0
445,13323,18,1,1590,1,1,0,1,1,0,116,0,procedimiento,1,0.46,0,0
445,13324,19,2,2130,1,0,0,0,1,0,527,0,procedimiento,1,0.46,0,0
445,13325,4,2,2641,1,0,0,0,0,2,276,0,procedimiento,1,0.35,1,0
445,13326,13,3,2820,1,0,0,0,0,0,186,3,inatencion,1,0.25,2,0
445,13327,13,4,4935,1,0,0,0,0,3,215,2,inatencion,1,0.15,3,0
445,13328,7,3,2938,1,0,0,0,1,1,160,0,procedimiento,1,0.44,0,0
445,13329,1,3,3573,1,1,0,0,0,3,625,0,conceptual,1,0.33,1,0
445,13330,18,2,1925,1,1,0,1,0,1,187,1,aleatorio,1,0.23,2,0
445,13331,15,1,1608,1,0,0,1,1,0,200,0,procedimiento,1,0.42,0,0
445,13332,7,2,2636,1,0,0,0,1,2,59,0,procedimiento,1,0.42,0,0
445,13333,4,1,1549,1,0,0,1,1,0,780,0,procedimiento,1,0.41,0,0
445,13334,10,1,2369,1,0,0,0,0,4,758,0,inatencion,1,0.31,1,0
445,13335,16,1,1432,3,0,0,1,0,0,592,5,inatencion,1,0.2,2,0
445,13336,11,2,2832,1,0,0,0,1,2,208,0,procedimiento,1,0.4,0,0
445,13337,12,2,2495,1,1,3,0,0,2,643,2,conceptual,1,0.3,1,0
445,13338,12,3,4170,2,1,0,0,0,1,2027,0,procedimiento,1,0.19,2,0
445,13339,3,1,2299,1,0,0,0,1,1,199,2,procedimiento,1,0.39,0,0
445,13340,7,2,2468,1,0,0,0,1,0,82,3,procedimiento,1,0.38,0,0
445,13341,3,2,2834,1,0,0,0,0,0,44,1,consigna,1,0.28,1,0
445,13342,3,2,2482,1,0,0,0,0,3,537,1,consigna,1,0.17,2,0
445,13343,17,3,3935,1,1,0,0,0,2,1352,0,aleatorio,1,0.15,3,0
445,13344,16,1,2085,1,0,0,0,1,3,50,0,procedimiento,1,0.36,0,0
445,13345,8,2,2877,3,0,0,0,0,1,423,1,consigna,1,0.26,1,0
445,13346,18,3,5488,2,1,1,0,0,1,778,2,conceptual,1,0.15,2,0
445,13347,3,1,2429,2,0,0,0,0,1,56,1,inatencion,1,0.15,3,0
445,13348,10,3,5060,3,1,1,0,0,0,180,0,inatencion,1,0.15,4,0
445,13349,11,2,2281,2,1,1,0,0,4,1277,1,inatencion,1,0.15,5,0
445,13350,14,3,3594,2,0,0,0,0,3,175,1,aleatorio,1,0.15,6,0
446,13351,18,1,2539,1,0,0,0,1,0,0,0,procedimiento,0,0.65,0,0
446,13352,10,1,2425,1,0,0,0,0,0,0,0,procedimiento,0,0.54,1,0
446,13353,9,2,2493,1,0,0,0,1,0,0,0,procedimiento,0,0.64,0,0
446,13354,9,4,4171,2,0,0,0,0,0,0,0,inatencion,0,0.53,1,0
446,13355,8,1,1971,1,0,0,1,1,0,0,0,procedimiento,0,0.62,0,0
446,13356,4,3,3778,3,1,0,0,0,0,0,0,conceptual,0,0.52,1,0
446,13357,11,4,4723,2,1,0,0,0,0,0,0,inatencion,1,0.41,2,0
446,13358,1,2,2334,1,1,1,0,0,0,0,1,aleatorio,1,0.3,3,0
446,13359,9,2,2705,1,0,0,0,1,0,0,0,procedimiento,0,0.6,0,0
446,13360,7,4,5455,1,0,0,0,0,2,0,0,inatencion,0,0.49,1,0
446,13361,12,2,2873,1,0,0,0,1,1,0,0,procedimiento,0,0.58,0,0
446,13362,15,2,2986,1,0,0,0,0,3,0,0,conceptual,0,0.48,1,0
446,13363,11,4,5711,1,0,0,0,1,0,0,0,procedimiento,0,0.57,0,0
446,13364,17,4,4180,3,0,0,0,0,2,0,0,procedimiento,0,0.47,1,0
446,13365,7,2,2597,2,0,0,0,0,0,0,1,inatencion,1,0.36,2,0
446,13366,2,2,2846,2,0,0,0,0,3,0,0,inatencion,1,0.25,3,0
446,13367,9,2,3028,1,0,0,0,1,1,0,0,procedimiento,0,0.55,0,0
446,13368,15,3,3174,1,1,0,0,0,2,0,0,procedimiento,0,0.44,1,0
446,13369,15,2,2208,2,1,1,0,0,1,0,1,aleatorio,1,0.33,2,0
446,13370,10,1,2427,1,1,0,0,1,1,0,0,procedimiento,0,0.53,0,0
446,13371,14,1,1951,1,0,0,1,1,1,0,0,procedimiento,0,0.52,0,0
446,13372,12,3,4299,1,1,0,0,0,3,0,0,conceptual,0,0.41,1,0
446,13373,4,2,3368,3,0,0,0,0,2,0,1,conceptual,1,0.31,2,0
446,13374,8,1,2777,1,0,0,0,1,1,0,0,procedimiento,0,0.5,0,0
446,13375,14,3,6704,1,1,0,0,0,2,346,0,procedimiento,1,0.39,1,0
446,13376,7,3,5793,2,1,0,0,0,3,595,4,conceptual,1,0.29,2,0
446,13377,16,3,5597,2,1,0,0,0,1,1730,1,inatencion,1,0.18,3,0
446,13378,5,1,1992,1,0,0,1,1,3,193,0,procedimiento,1,0.47,0,0
446,13379,5,2,3392,1,0,0,0,1,1,1056,0,procedimiento,1,0.47,0,0
446,13380,3,3,2910,2,0,0,0,0,2,628,0,inatencion,1,0.36,1,0
447,13381,9,2,2332,2,0,0,0,0,0,0,0,inatencion,0,0.47,1,0
447,13382,11,2,2555,2,0,0,0,0,1,0,0,consigna,1,0.36,2,0
447,13383,3,2,1863,2,0,0,1,0,1,0,0,inatencion,1,0.26,3,0
447,13384,18,3,3419,1,1,0,0,0,0,0,1,inatencion,1,0.15,4,0
447,13385,2,3,3526,1,1,1,0,0,1,0,1,inatencion,1,0.15,5,0
447,13386,17,3,2788,1,0,0,0,1,0,0,0,procedimiento,0,0.54,0,0
447,13387,16,3,2019,1,0,0,0,1,0,0,0,procedimiento,0,0.53,0,0
447,13388,9,3,2170,1,1,1,0,0,2,0,0,inatencion,0,0.43,1,0
447,13389,5,3,3133,2,0,0,0,0,3,0,1,inatencion,1,0.32,2,0
447,13390,16,4,3952,2,0,0,0,0,2,0,1,inatencion,1,0.22,3,0
447,13391,17,1,1251,2,0,0,1,0,2,0,0,inatencion,1,0.15,4,0
447,13392,2,2,1776,1,0,0,1,0,2,0,2,inatencion,1,0.15,5,0
447,13393,18,4,4003,2,1,0,0,0,1,455,1,aleatorio,1,0.15,6,0
447,13394,11,1,1838,1,0,0,1,1,1,162,0,procedimiento,1,0.49,0,0
447,13395,14,2,2050,1,0,0,0,1,1,430,0,procedimiento,1,0.49,0,0
447,13396,12,1,1271,1,0,0,1,1,0,347,0,procedimiento,1,0.48,0,0
447,13397,16,2,2174,1,0,0,0,0,1,29,0,conceptual,1,0.38,1,0
447,13398,12,2,1768,1,1,0,1,1,2,20,0,procedimiento,1,0.47,0,0
447,13399,17,4,3997,2,0,0,0,0,1,507,0,procedimiento,1,0.37,1,0
447,13400,3,2,2121,2,0,0,0,0,4,2452,2,inatencion,1,0.26,2,0
447,13401,12,2,1764,3,0,0,1,0,3,69,0,inatencion,1,0.15,3,0
447,13402,11,3,3672,1,1,0,0,0,2,267,2,inatencion,1,0.15,4,0
447,13403,4,2,3121,2,0,0,0,0,2,24,1,inatencion,1,0.15,5,0
447,13404,5,2,2126,1,0,0,0,0,0,37,2,aleatorio,1,0.15,6,0
447,13405,2,3,4836,3,1,0,0,0,1,73,3,inatencion,1,0.15,7,0
447,13406,5,1,1518,1,0,0,1,0,2,400,1,inatencion,1,0.15,8,0
447,13407,9,2,2231,1,1,0,0,1,0,367,0,procedimiento,1,0.42,0,0
447,13408,5,2,2868,1,0,0,0,1,0,22,0,procedimiento,1,0.41,0,0
447,13409,14,4,3953,3,0,0,0,0,1,206,0,conceptual,1,0.31,1,0
447,13410,3,3,2527,1,1,0,0,0,2,485,1,conceptual,1,0.2,2,0
448,13411,6,3,3175,2,1,0,0,0,0,0,0,procedimiento,0,0.54,1,0
448,13412,14,2,3433,1,1,0,0,0,0,0,1,procedimiento,1,0.44,2,0
448,13413,6,3,4123,1,1,0,0,1,0,0,0,procedimiento,0,0.63,0,0
448,13414,12,4,5199,1,0,0,0,1,0,0,0,procedimiento,0,0.62,0,0
448,13415,7,1,1912,1,0,0,1,1,0,0,0,procedimiento,0,0.62,0,0
448,13416,12,2,3831,1,1,0,0,1,0,0,0,procedimiento,0,0.61,0,0
448,13417,1,3,3232,1,0,0,0,1,0,0,0,procedimiento,0,0.6,0,0
448,13418,16,3,4187,3,1,0,0,0,2,0,0,procedimiento,0,0.5,1,0
448,13419,1,4,5007,1,0,0,0,0,1,0,0,inatencion,1,0.39,2,0
448,13420,11,4,4808,1,1,1,0,0,1,0,0,inatencion,1,0.28,3,0
448,13421,6,1,2214,1,0,0,0,0,3,0,3,inatencion,1,0.18,4,0
448,13422,14,3,4608,1,1,0,0,1,3,0,0,procedimiento,0,0.57,0,0
448,13423,6,3,3969,1,0,0,0,1,2,0,0,procedimiento,0,0.56,0,0
448,13424,12,2,2527,1,0,0,0,1,1,0,0,procedimiento,0,0.56,0,0
448,13425,4,1,2807,2,0,0,0,0,1,0,0,consigna,0,0.45,1,0
448,13426,3,2,2414,2,0,0,0,0,4,0,1,conceptual,1,0.35,2,0
448,13427,19,3,4697,2,1,1,0,0,1,0,0,inatencion,1,0.24,3,0
448,13428,9,4,5739,1,0,0,0,1,0,0,0,procedimiento,0,0.53,0,0
448,13429,8,2,3742,1,0,0,0,1,0,0,0,procedimiento,0,0.53,0,0
448,13430,17,3,3205,1,1,0,0,0,0,0,0,inatencion,0,0.42,1,0
448,13431,6,4,4747,1,1,0,0,0,0,0,0,inatencion,1,0.31,2,0
448,13432,18,1,3544,1,1,0,0,1,2,0,0,procedimiento,0,0.51,0,0
448,13433,7,1,3060,1,1,0,0,1,1,0,0,procedimiento,0,0.5,0,0
448,13434,13,1,3208,1,1,0,0,1,3,165,0,procedimiento,1,0.49,0,0
448,13435,11,4,5051,1,0,0,0,0,3,33,0,inatencion,1,0.39,1,0
448,13436,7,1,3013,1,0,0,0,1,1,74,0,procedimiento,1,0.48,0,0
448,13437,13,2,2658,1,1,0,0,1,3,108,0,procedimiento,1,0.47,0,0
448,13438,12,2,4633,1,1,0,0,0,7,661,0,consigna,1,0.37,1,0
448,13439,3,2,3357,1,0,0,0,1,3,157,0,procedimiento,1,0.46,0,0
448,13440,11,3,5454,2,0,0,0,0,1,546,0,inatencion,1,0.36,1,0
449,13441,4,3,4043,1,1,0,0,0,0,0,0,aleatorio,0,0.62,1,0
449,13442,17,1,2590,1,0,0,0,1,0,0,0,procedimiento,0,0.71,0,0
449,13443,8,3,4830,3,1,0,0,0,0,0,0,inatencion,0,0.6,1,0
449,13444,18,3,5094,1,1,0,0,0,0,0,1,conceptual,1,0.5,2,0
449,13445,16,2,4522,1,0,0,0,0,0,0,1,inatencion,1,0.39,3,0
449,13446,14,4,5275,2,0,0,0,0,0,0,0,aleatorio,1,0.28,4,0
449,13447,6,4,5001,1,1,0,0,1,0,0,0,procedimiento,0,0.68,0,0
449,13448,17,1,2881,1,0,0,0,1,0,0,0,procedimiento,0,0.67,0,0
449,13449,4,4,4957,2,0,0,0,0,0,0,0,conceptual,0,0.56,1,0
449,13450,5,1,2501,1,0,0,0,1,0,0,0,procedimiento,0,0.65,0,0
449,13451,17,4,5242,3,1,0,0,0,0,0,0,inatencion,0,0.55,1,0
449,13452,11,3,4519,1,0,0,0,0,0,0,1,inatencion,1,0.44,2,0
449,13453,13,4,4951,2,1,0,0,0,0,0,0,inatencion,1,0.33,3,0
449,13454,2,2,2996,1,0,0,0,0,0,0,0,inatencion,1,0.23,4,0
449,13455,7,4,5158,1,1,0,0,1,0,0,0,procedimiento,0,0.62,0,0
449,13456,8,2,3760,1,1,0,0,0,0,0,0,aleatorio,0,0.51,1,0
449,13457,3,3,4777,1,0,0,0,0,0,0,0,procedimiento,1,0.4,2,0
449,13458,9,2,4094,1,1,0,0,0,2,0,0,inatencion,1,0.3,3,0
449,13459,7,2,3338,3,0,0,0,0,1,0,0,inatencion,1,0.19,4,0
449,13460,2,3,5797,1,0,0,0,0,0,0,0,inatencion,1,0.15,5,0
449,13461,10,3,3996,1,0,0,0,1,5,0,0,procedimiento,0,0.58,0,0
449,13462,7,2,3271,1,0,0,0,1,1,0,0,procedimiento,0,0.57,0,0
449,13463,6,3,4782,1,0,0,0,1,2,0,0,procedimiento,0,0.56,0,0
449,13464,14,4,7017,2,0,0,0,0,0,0,0,procedimiento,0,0.45,1,0
449,13465,19,1,3859,1,0,0,0,1,1,0,0,procedimiento,0,0.55,0,0
449,13466,9,3,4904,1,0,0,0,1,1,0,0,procedimiento,0,0.54,0,0
449,13467,5,1,4757,1,0,0,0,1,0,0,0,procedimiento,0,0.53,0,0
449,13468,2,1,3384,3,0,0,0,0,2,0,0,procedimiento,0,0.42,1,0
449,13469,16,2,3630,1,0,0,0,1,3,0,0,procedimiento,0,0.52,0,0
449,13470,15,1,2679,3,0,0,0,0,1,0,0,consigna,0,0.41,1,0
450,13471,19,3,3814,1,1,0,0,1,0,0,0,procedimiento,0,0.84,0,0
450,13472,4,2,2865,2,0,0,0,0,0,0,0,consigna,0,0.74,1,0
450,13473,3,3,4355,1,0,0,0,1,0,0,0,procedimiento,0,0.83,0,0
450,13474,14,4,4229,1,0,0,0,1,0,0,0,procedimiento,0,0.82,0,0
450,13475,6,3,3692,2,0,0,0,0,0,0,0,aleatorio,0,0.71,1,0
450,13476,16,4,5212,1,1,0,0,1,0,0,0,procedimiento,0,0.8,0,0
450,13477,16,3,4146,1,1,0,0,0,0,0,0,consigna,0,0.69,1,0
450,13478,15,2,2822,1,0,0,0,1,0,0,0,procedimiento,0,0.79,0,0
450,13479,14,2,2636,1,0,0,0,1,0,0,0,procedimiento,0,0.78,0,0
450,13480,17,3,4438,2,1,0,0,0,0,0,0,procedimiento,0,0.67,1,0
450,13481,8,1,2050,1,0,0,0,1,0,0,0,procedimiento,0,0.76,0,0
450,13482,19,2,3360,1,0,0,0,1,0,0,0,procedimiento,0,0.75,0,0
450,13483,14,2,2417,2,0,0,0,0,0,0,0,consigna,0,0.64,1,0
450,13484,6,1,2223,1,0,0,0,1,0,0,0,procedimiento,0,0.74,0,0
450,13485,14,3,4221,1,1,0,0,0,0,0,0,consigna,0,0.63,1,0
450,13486,8,2,3331,1,1,0,0,0,0,0,0,inatencion,1,0.52,2,0
450,13487,19,3,3618,1,0,0,0,1,0,0,0,procedimiento,0,0.71,0,0
450,13488,6,1,1936,3,1,0,1,0,0,0,0,aleatorio,0,0.6,1,0
450,13489,14,4,4986,1,0,0,0,1,0,0,0,procedimiento,0,0.69,0,0
450,13490,6,2,3007,1,0,0,0,1,0,0,0,procedimiento,0,0.68,0,0
450,13491,9,2,2987,1,0,0,0,1,0,0,0,procedimiento,0,0.68,0,0
450,13492,3,1,2777,1,0,0,0,1,0,0,0,procedimiento,0,0.67,0,0
450,13493,8,3,4068,1,1,0,0,1,0,0,0,procedimiento,0,0.66,0,0
450,13494,17,2,2909,1,0,0,0,1,0,0,0,procedimiento,0,0.65,0,0
450,13495,5,3,5747,1,1,0,0,1,0,0,0,procedimiento,0,0.64,0,0
450,13496,9,2,3645,1,0,0,0,1,0,0,0,procedimiento,0,0.63,0,0
450,13497,4,2,4291,1,0,0,0,1,0,0,0,procedimiento,0,0.63,0,0
450,13498,9,2,3821,1,1,0,0,1,0,0,0,procedimiento,0,0.62,0,0
450,13499,4,4,4955,1,1,0,0,0,0,0,0,conceptual,0,0.51,1,0
450,13500,3,3,4187,1,1,0,0,1,0,0,0,procedimiento,0,0.6,0,0
451,13501,6,2,2401,2,1,3,0,0,2,0,0,inatencion,0,0.41,1,0
451,13502,4,1,2515,1,0,0,0,1,2,0,0,procedimiento,0,0.51,0,0
451,13503,15,1,2236,1,1,0,0,1,4,0,0,procedimiento,0,0.5,0,0
451,13504,4,2,2518,1,0,0,0,1,1,222,0,procedimiento,1,0.5,0,0
451,13505,10,3,4071,1,1,0,0,0,3,140,0,inatencion,1,0.39,1,0
451,13506,11,1,2446,1,0,0,0,1,2,150,0,procedimiento,1,0.49,0,0
451,13507,6,2,3000,1,1,0,0,0,2,46,0,conceptual,1,0.38,1,0
451,13508,5,3,3054,3,0,0,0,0,0,248,1,consigna,1,0.27,2,0
451,13509,6,1,2380,1,0,0,0,1,1,219,0,procedimiento,1,0.47,0,0
451,13510,10,2,3554,1,0,0,0,1,1,291,0,procedimiento,1,0.46,0,0
451,13511,15,3,3454,3,0,0,0,0,3,306,0,conceptual,1,0.36,1,0
451,13512,6,2,2533,1,0,0,0,1,2,28,0,procedimiento,1,0.45,0,0
451,13513,6,2,3429,3,0,0,0,0,1,40,0,procedimiento,1,0.35,1,0
451,13514,18,1,2370,1,0,0,0,0,3,863,3,inatencion,1,0.24,2,0
451,13515,6,3,4291,2,0,0,0,0,1,515,0,aleatorio,1,0.15,3,0
451,13516,2,2,3857,1,0,0,0,1,1,1668,0,procedimiento,1,0.43,0,0
451,13517,9,1,2791,1,0,0,0,1,2,295,0,procedimiento,1,0.43,0,0
451,13518,2,3,4307,2,1,0,0,0,4,191,0,procedimiento,1,0.32,1,0
451,13519,10,2,3551,2,0,0,0,0,4,433,0,procedimiento,1,0.22,2,0
451,13520,1,1,2386,1,0,0,0,1,6,596,0,procedimiento,1,0.41,0,0
451,13521,15,1,2646,1,1,1,0,0,1,262,0,conceptual,1,0.31,1,0
451,13522,17,3,4666,1,0,0,0,0,0,149,2,procedimiento,1,0.2,2,0
451,13523,19,1,2891,1,0,0,0,1,4,244,2,procedimiento,1,0.4,0,0
451,13524,16,2,5521,1,0,0,0,1,0,316,0,procedimiento,1,0.39,0,0
451,13525,12,3,6336,1,1,0,0,1,4,788,1,procedimiento,1,0.39,0,0
451,13526,4,1,4021,1,0,0,0,1,1,64,1,procedimiento,1,0.38,0,0
451,13527,7,4,5214,3,1,0,0,0,3,1825,1,consigna,1,0.28,1,0
451,13528,17,3,5851,1,1,0,0,1,3,268,1,procedimiento,1,0.37,0,0
451,13529,12,4,9127,1,1,1,0,1,3,404,3,procedimiento,1,0.37,0,0
451,13530,10,1,2473,1,0,0,0,1,3,95,0,procedimiento,1,0.36,0,0
452,13531,6,2,4373,1,0,0,0,0,0,0,0,procedimiento,0,0.81,1,0
452,13532,3,3,5685,1,1,0,0,0,0,0,1,conceptual,1,0.7,2,0
452,13533,1,3,5186,1,1,1,0,0,0,0,0,inatencion,1,0.4,3,0
452,13534,4,2,4411,1,0,0,0,0,0,0,1,aleatorio,1,0.4,4,0
452,13535,17,2,2711,2,0,0,0,0,0,0,0,aleatorio,1,0.38,5,0
452,13536,7,1,2440,2,1,0,0,0,0,0,0,inatencion,1,0.27,6,0
452,13537,19,3,4392,2,0,0,0,0,0,0,1,aleatorio,1,0.16,7,0
452,13538,17,2,3410,2,0,0,0,0,0,0,0,aleatorio,1,0.15,8,0
452,13539,13,3,4907,1,1,0,0,1,0,0,0,procedimiento,0,0.84,0,0
452,13540,11,4,6599,2,0,0,0,0,0,0,0,conceptual,0,0.73,1,0
452,13541,16,2,3003,1,0,0,0,0,0,0,0,conceptual,1,0.62,2,0
452,13542,5,3,4812,2,1,0,0,0,0,0,0,aleatorio,1,0.4,3,0
452,13543,3,2,3681,1,0,0,0,1,0,0,0,procedimiento,0,0.8,0,0
452,13544,2,4,5735,1,0,0,0,1,0,0,0,procedimiento,0,0.79,0,0
452,13545,2,2,3489,2,0,0,0,0,0,0,0,conceptual,0,0.69,1,0
452,13546,10,2,3576,1,0,0,0,1,0,0,0,procedimiento,0,0.78,0,0
452,13547,10,3,3877,1,1,0,0,1,0,0,0,procedimiento,0,0.77,0,0
452,13548,3,4,6786,1,0,0,0,1,0,0,0,procedimiento,0,0.76,0,0
452,13549,14,1,2501,1,0,0,0,1,0,0,0,procedimiento,0,0.75,0,0
452,13550,3,1,2933,1,0,0,0,1,0,0,0,procedimiento,0,0.74,0,0
452,13551,17,3,4250,2,0,0,0,0,0,0,0,consigna,0,0.63,1,0
452,13552,10,2,4438,1,0,0,0,1,0,0,0,procedimiento,0,0.72,0,0
452,13553,10,3,6226,1,1,0,0,1,0,0,0,procedimiento,0,0.71,0,0
452,13554,9,2,4874,1,1,2,0,1,0,0,0,procedimiento,0,0.7,0,0
452,13555,12,2,4695,2,1,0,0,0,0,0,0,aleatorio,0,0.59,1,0
452,13556,7,4,7144,1,0,0,0,1,0,0,0,procedimiento,0,0.68,0,0
452,13557,3,1,2976,1,0,0,0,1,0,0,0,procedimiento,0,0.68,0,0
452,13558,13,3,4445,1,1,0,0,1,0,0,0,procedimiento,0,0.67,0,0
452,13559,10,4,6205,2,0,0,0,0,0,0,0,inatencion,0,0.56,1,0
452,13560,3,1,2975,2,1,0,0,0,0,0,0,conceptual,1,0.45,2,0
453,13561,10,1,1370,1,0,0,1,1,0,0,0,procedimiento,0,0.81,0,0
453,13562,2,2,1970,1,1,0,1,1,0,0,0,procedimiento,0,0.8,0,0
453,13563,3,3,2357,1,0,0,0,0,0,0,0,inatencion,0,0.69,1,0
453,13564,16,3,2681,1,0,0,0,1,0,0,0,procedimiento,0,0.78,0,0
453,13565,18,2,2483,1,0,0,0,0,0,0,0,procedimiento,0,0.68,1,0
453,13566,16,4,3001,3,0,0,0,0,0,0,1,inatencion,1,0.57,2,0
453,13567,6,4,4133,3,0,0,0,0,0,0,0,aleatorio,1,0.4,3,0
453,13568,10,3,2470,2,0,0,0,0,0,0,0,inatencion,1,0.35,4,0
453,13569,9,1,1566,1,1,0,1,1,0,0,0,procedimiento,0,0.74,0,0
453,13570,13,2,2151,1,1,0,0,0,0,0,0,conceptual,0,0.63,1,0
453,13571,8,4,4042,1,0,0,0,1,0,0,0,procedimiento,0,0.73,0,0
453,13572,4,3,2463,3,1,0,0,0,0,0,0,conceptual,0,0.62,1,0
453,13573,14,3,2511,1,1,0,0,1,0,0,0,procedimiento,0,0.71,0,0
453,13574,19,1,1920,1,0,0,1,1,0,0,0,procedimiento,0,0.7,0,0
453,13575,1,3,2527,1,0,0,0,0,0,0,0,inatencion,0,0.59,1,0
453,13576,14,2,2413,1,0,0,0,1,0,0,0,procedimiento,0,0.69,0,0
453,13577,5,3,2070,1,0,0,0,1,0,0,0,procedimiento,0,0.68,0,0
453,13578,8,3,3431,2,1,1,0,0,0,0,0,consigna,0,0.57,1,0
453,13579,11,4,2772,1,0,0,0,1,0,0,0,procedimiento,0,0.66,0,0
453,13580,5,3,3363,1,1,1,0,0,0,0,0,procedimiento,0,0.55,1,0
453,13581,8,2,2242,3,0,0,0,0,0,0,2,inatencion,1,0.45,2,0
453,13582,15,3,3654,1,0,0,0,0,0,0,0,inatencion,1,0.34,3,0
453,13583,12,4,4719,1,0,0,0,0,0,0,0,inatencion,1,0.23,4,0
453,13584,6,1,2522,1,0,0,0,1,0,0,0,procedimiento,0,0.62,0,0
453,13585,9,1,1842,1,0,0,1,0,0,0,0,aleatorio,0,0.51,1,0
453,13586,14,4,4590,1,1,0,0,0,0,0,2,inatencion,1,0.41,2,0
453,13587,17,4,3298,1,0,0,0,1,0,0,0,procedimiento,0,0.6,0,0
453,13588,16,3,2486,1,1,1,0,0,1,0,0,inatencion,0,0.49,1,0
453,13589,2,3,4861,1,0,0,0,0,0,0,0,procedimiento,1,0.38,2,0
453,13590,17,3,3158,1,1,0,0,0,1,0,1,aleatorio,1,0.27,3,0
454,13591,1,2,2041,3,0,0,0,0,0,0,0,inatencion,0,0.53,1,0
454,13592,13,1,1825,1,0,0,1,1,0,0,0,procedimiento,0,0.62,0,0
454,13593,16,1,1344,1,0,0,1,1,0,0,0,procedimiento,0,0.62,0,0
454,13594,12,3,3207,1,0,0,0,1,0,0,0,procedimiento,0,0.61,0,0
454,13595,13,3,3219,2,0,0,0,0,0,0,0,inatencion,0,0.5,1,0
454,13596,15,3,2757,1,0,0,0,1,3,0,0,procedimiento,0,0.6,0,0
454,13597,1,3,2532,1,0,0,0,0,3,0,0,procedimiento,0,0.49,1,0
454,13598,15,3,2544,1,1,0,0,1,1,0,0,procedimiento,0,0.59,0,0
454,13599,12,4,4305,1,0,0,0,1,1,0,0,procedimiento,0,0.58,0,0
454,13600,14,2,2172,1,0,0,0,1,1,0,0,procedimiento,0,0.57,0,0
454,13601,10,2,1751,1,1,0,1,1,0,0,0,procedimiento,0,0.57,0,0
454,13602,11,2,1876,1,0,0,1,1,2,0,0,procedimiento,0,0.56,0,0
454,13603,9,2,2084,1,0,0,0,1,1,0,0,procedimiento,0,0.55,0,0
454,13604,13,2,2740,1,0,0,0,1,0,0,0,procedimiento,0,0.55,0,0
454,13605,5,1,1542,1,1,0,1,1,0,0,0,procedimiento,0,0.54,0,0
454,13606,1,2,1652,1,0,0,1,1,2,0,0,procedimiento,0,0.54,0,0
454,13607,5,3,2476,1,0,0,0,1,0,0,0,procedimiento,0,0.53,0,0
454,13608,14,3,3585,1,0,0,0,0,3,0,0,procedimiento,0,0.42,1,0
454,13609,16,2,1873,2,0,0,1,0,2,0,0,aleatorio,1,0.32,2,0
454,13610,9,1,1631,1,0,0,1,1,2,0,0,procedimiento,0,0.51,0,0
454,13611,6,3,2783,1,0,0,0,0,3,0,0,conceptual,0,0.4,1,0
454,13612,1,3,3910,1,0,0,0,1,0,846,0,procedimiento,1,0.5,0,0
454,13613,2,4,4202,2,0,0,0,0,2,173,0,conceptual,1,0.39,1,0
454,13614,8,2,3391,3,1,0,0,0,2,95,0,procedimiento,1,0.28,2,0
454,13615,6,3,4404,1,0,0,0,0,0,95,1,inatencion,1,0.18,3,0
454,13616,19,2,2487,2,0,0,0,0,1,928,0,inatencion,1,0.15,4,0
454,13617,8,2,2579,1,1,1,0,0,2,589,1,aleatorio,1,0.15,5,0
454,13618,13,3,3022,1,0,0,0,1,0,606,0,procedimiento,1,0.46,0,0
454,13619,6,2,2389,1,0,0,0,1,0,125,0,procedimiento,1,0.45,0,0
454,13620,13,3,3383,1,0,0,0,0,0,439,0,conceptual,1,0.35,1,0
455,13621,19,2,2871,1,0,0,0,0,0,0,0,inatencion,0,0.67,1,0
455,13622,17,1,2497,1,0,0,0,0,0,0,1,consigna,1,0.56,2,0
455,13623,12,1,2910,1,0,0,0,1,0,0,0,procedimiento,0,0.75,0,0
455,13624,10,1,2333,1,0,0,0,0,0,0,0,conceptual,0,0.65,1,0
455,13625,16,4,5831,1,0,0,0,1,0,0,0,procedimiento,0,0.74,0,0
455,13626,19,4,5599,2,1,0,0,0,0,0,0,conceptual,0,0.63,1,0
455,13627,19,2,3067,1,0,0,0,0,0,0,0,consigna,1,0.52,2,0
455,13628,12,3,2978,2,1,0,0,0,0,0,0,inatencion,1,0.4,3,0
455,13629,5,4,6273,1,0,0,0,0,0,0,0,inatencion,1,0.31,4,0
455,13630,7,2,3190,1,1,3,0,1,0,0,0,procedimiento,0,0.7,0,0
455,13631,16,1,1869,1,1,0,1,1,0,0,0,procedimiento,0,0.69,0,0
455,13632,13,3,4162,2,0,0,0,0,0,0,0,conceptual,0,0.58,1,0
455,13633,19,1,1807,2,0,0,1,0,0,0,0,aleatorio,1,0.48,2,0
455,13634,19,2,2489,3,0,0,0,0,0,0,0,inatencion,1,0.37,3,0
455,13635,8,3,4907,1,0,0,0,0,0,0,0,aleatorio,1,0.26,4,0
455,13636,10,2,2427,1,0,0,0,0,0,0,0,inatencion,1,0.15,5,0
455,13637,3,1,2055,2,0,0,0,0,0,0,0,inatencion,1,0.15,6,0
455,13638,6,3,3125,1,0,0,0,1,0,0,0,procedimiento,0,0.64,0,0
455,13639,10,2,2639,3,1,1,0,0,0,0,0,inatencion,0,0.53,1,0
455,13640,2,3,5061,2,1,0,0,0,0,0,1,inatencion,1,0.42,2,0
455,13641,9,2,3277,1,0,0,0,1,0,0,0,procedimiento,0,0.61,0,0
455,13642,9,2,4403,1,1,3,0,1,0,0,0,procedimiento,0,0.61,0,0
455,13643,5,2,2764,2,0,0,0,0,1,0,0,inatencion,0,0.5,1,0
455,13644,11,2,5772,1,0,0,0,1,2,0,0,procedimiento,0,0.59,0,0
455,13645,11,2,3058,1,1,0,0,0,0,0,0,consigna,0,0.48,1,0
455,13646,12,1,4180,1,0,0,0,0,2,0,0,inatencion,1,0.38,2,0
455,13647,12,4,7549,1,1,0,0,1,2,0,0,procedimiento,0,0.57,0,0
455,13648,3,4,5276,1,1,0,0,0,0,0,0,procedimiento,0,0.46,1,0
455,13649,16,4,5954,1,1,1,0,1,1,0,0,procedimiento,0,0.55,0,0
455,13650,19,4,6439,1,1,0,0,1,1,0,0,procedimiento,0,0.55,0,0
456,13651,14,2,2710,1,0,0,0,1,0,0,0,procedimiento,0,0.8,0,0
456,13652,19,1,2744,1,1,0,0,1,0,0,0,procedimiento,0,0.79,0,0
456,13653,19,3,5360,1,0,0,0,1,0,0,0,procedimiento,0,0.78,0,0
456,13654,18,1,2054,3,0,0,0,0,0,0,0,conceptual,0,0.67,1,0
456,13655,6,2,4046,1,0,0,0,0,0,0,0,procedimiento,1,0.57,2,0
456,13656,1,2,3840,1,1,0,0,0,0,0,2,inatencion,1,0.4,3,0
456,13657,7,1,2575,1,0,0,0,1,0,0,0,procedimiento,0,0.75,0,0
456,13658,18,3,4006,1,1,0,0,1,0,0,0,procedimiento,0,0.74,0,0
456,13659,2,1,2125,1,0,0,0,0,0,0,0,inatencion,0,0.63,1,0
456,13660,1,3,4219,1,1,0,0,1,0,0,0,procedimiento,0,0.73,0,0
456,13661,15,3,3619,3,1,2,0,0,0,0,0,conceptual,0,0.62,1,0
456,13662,12,2,2981,1,0,0,0,1,0,0,0,procedimiento,0,0.71,0,0
456,13663,6,2,2973,2,0,0,0,0,0,0,0,conceptual,0,0.6,1,0
456,13664,4,3,5121,1,0,0,0,1,0,0,0,procedimiento,0,0.69,0,0
456,13665,19,2,2846,3,1,0,0,0,0,0,0,inatencion,0,0.59,1,0
456,13666,19,4,5369,1,0,0,0,0,0,0,0,consigna,1,0.48,2,0
456,13667,7,2,3464,2,0,0,0,0,0,0,0,inatencion,1,0.37,3,0
456,13668,18,1,2545,1,0,0,0,1,0,0,0,procedimiento,0,0.66,0,0
456,13669,12,1,2016,2,0,0,0,0,0,0,0,procedimiento,0,0.55,1,0
456,13670,4,3,5204,2,0,0,0,0,0,0,0,procedimiento,1,0.45,2,0
456,13671,6,2,4115,1,0,0,0,1,0,0,0,procedimiento,0,0.64,0,0
456,13672,14,3,5533,1,0,0,0,1,0,0,0,procedimiento,0,0.63,0,0
456,13673,19,3,4714,1,0,0,0,0,0,0,0,procedimiento,0,0.52,1,0
456,13674,16,2,4882,1,0,0,0,1,0,0,0,procedimiento,0,0.61,0,0
456,13675,10,3,4878,1,0,0,0,1,0,0,0,procedimiento,0,0.61,0,0
456,13676,12,1,3491,1,0,0,0,1,2,0,0,procedimiento,0,0.6,0,0
456,13677,15,1,2131,1,0,0,0,1,1,0,0,procedimiento,0,0.59,0,0
456,13678,9,1,2678,1,0,0,0,1,0,0,0,procedimiento,0,0.58,0,0
456,13679,10,2,3170,2,0,0,0,0,3,0,0,conceptual,0,0.47,1,0
456,13680,9,3,4639,1,1,0,0,1,3,0,0,procedimiento,0,0.57,0,0
457,13681,6,2,3737,1,0,0,0,1,0,0,0,procedimiento,0,0.93,0,0
457,13682,11,3,5390,1,1,1,0,1,0,0,0,procedimiento,0,0.92,0,0
457,13683,18,3,3177,1,0,0,0,1,0,0,0,procedimiento,0,0.91,0,0
457,13684,12,3,4209,1,0,0,0,0,0,0,0,consigna,0,0.8,1,0
457,13685,18,2,4059,1,1,0,0,1,0,0,0,procedimiento,0,0.89,0,0
457,13686,4,2,2681,1,0,0,0,1,0,0,0,procedimiento,0,0.89,0,0
457,13687,18,1,2142,1,0,0,0,1,0,0,0,procedimiento,0,0.88,0,0
457,13688,18,3,5371,1,0,0,0,1,0,0,0,procedimiento,0,0.87,0,0
457,13689,7,2,3398,1,0,0,0,1,0,0,0,procedimiento,0,0.86,0,0
457,13690,3,3,4540,2,0,0,0,0,0,0,0,procedimiento,0,0.75,1,0
457,13691,18,2,2714,1,0,0,0,1,0,0,0,procedimiento,0,0.84,0,0
457,13692,13,3,3916,1,0,0,0,1,0,0,0,procedimiento,0,0.83,0,0
457,13693,12,1,2007,1,1,0,0,1,0,0,0,procedimiento,0,0.82,0,0
457,13694,17,1,2799,1,0,0,0,1,0,0,0,procedimiento,0,0.81,0,0
457,13695,16,1,2326,1,1,0,0,1,0,0,0,procedimiento,0,0.8,0,0
457,13696,18,2,4051,1,0,0,0,1,0,0,0,procedimiento,0,0.79,0,0
457,13697,18,2,3226,2,0,0,0,0,0,0,0,conceptual,0,0.68,1,0
457,13698,13,3,5639,1,0,0,0,1,0,0,0,procedimiento,0,0.77,0,0
457,13699,3,2,3746,1,0,0,0,1,0,0,0,procedimiento,0,0.76,0,0
457,13700,15,2,3634,1,0,0,0,0,0,0,0,inatencion,0,0.65,1,0
457,13701,2,2,2624,1,0,0,0,1,0,0,0,procedimiento,0,0.75,0,0
457,13702,11,3,7876,1,1,0,0,1,0,0,0,procedimiento,0,0.74,0,0
457,13703,17,1,2917,2,0,0,0,0,0,0,0,inatencion,0,0.63,1,0
457,13704,10,4,7685,1,1,1,0,0,0,0,0,conceptual,1,0.52,2,0
457,13705,3,3,4529,1,0,0,0,1,0,0,0,procedimiento,0,0.71,0,0
457,13706,6,1,2816,1,0,0,0,1,0,0,0,procedimiento,0,0.7,0,0
457,13707,13,4,6382,3,0,0,0,0,0,0,0,procedimiento,0,0.59,1,0
457,13708,8,4,6245,1,0,0,0,0,0,0,0,inatencion,1,0.48,2,0
457,13709,2,3,4758,1,1,2,0,0,0,0,0,inatencion,1,0.37,3,0
457,13710,9,3,4387,1,0,0,0,0,0,0,0,inatencion,1,0.26,4,0
458,13711,4,4,6968,1,0,0,0,1,0,0,0,procedimiento,0,0.77,0,0
458,13712,1,2,2758,1,0,0,0,1,0,0,0,procedimiento,0,0.76,0,0
458,13713,10,1,2766,1,0,0,0,1,0,0,0,procedimiento,0,0.76,0,0
458,13714,3,2,4285,1,0,0,0,1,0,0,0,procedimiento,0,0.75,0,0
458,13715,13,3,5126,1,0,0,0,0,0,0,0,conceptual,0,0.64,1,0
458,13716,3,4,5953,1,0,0,0,1,0,0,0,procedimiento,0,0.73,0,0
458,13717,15,3,3830,3,1,0,0,0,0,0,0,consigna,0,0.63,1,0
458,13718,2,1,2414,1,1,0,0,1,0,0,0,procedimiento,0,0.72,0,0
458,13719,6,3,5134,1,1,1,0,0,0,0,0,inatencion,0,0.61,1,0
458,13720,16,2,4025,1,0,0,0,1,0,0,0,procedimiento,0,0.7,0,0
458,13721,19,4,5821,1,0,0,0,1,0,0,0,procedimiento,0,0.69,0,0
458,13722,9,4,6794,2,0,0,0,0,0,0,0,inatencion,0,0.59,1,0
458,13723,18,2,4130,1,0,0,0,1,0,0,0,procedimiento,0,0.68,0,0
458,13724,8,4,6757,2,0,0,0,0,0,0,0,conceptual,0,0.57,1,0
458,13725,7,3,3985,2,0,0,0,0,0,0,1,inatencion,1,0.46,2,0
458,13726,10,1,2966,1,0,0,0,1,0,0,0,procedimiento,0,0.66,0,0
458,13727,6,2,4435,1,0,0,0,1,0,0,0,procedimiento,0,0.65,0,0
458,13728,3,3,3543,2,1,1,0,0,0,0,0,consigna,0,0.54,1,0
458,13729,8,2,4269,1,0,0,0,1,0,0,0,procedimiento,0,0.63,0,0
458,13730,11,2,4264,1,0,0,0,1,0,0,0,procedimiento,0,0.63,0,0
458,13731,9,3,3870,1,0,0,0,1,0,0,0,procedimiento,0,0.62,0,0
458,13732,11,1,3374,1,0,0,0,0,0,0,0,procedimiento,0,0.51,1,0
458,13733,13,3,4890,1,1,0,0,1,0,0,0,procedimiento,0,0.6,0,0
458,13734,10,2,4489,1,1,0,0,1,0,0,0,procedimiento,0,0.59,0,0
458,13735,12,3,4202,1,0,0,0,1,1,0,0,procedimiento,0,0.59,0,0
458,13736,8,3,5642,1,0,0,0,1,1,0,0,procedimiento,0,0.58,0,0
458,13737,5,4,9483,1,0,0,0,0,2,0,0,procedimiento,0,0.47,1,0
458,13738,18,2,3793,2,1,0,0,0,3,0,0,procedimiento,1,0.36,2,0
458,13739,8,4,6989,3,0,0,0,0,0,0,2,aleatorio,1,0.26,3,0
458,13740,1,1,3149,1,0,0,0,1,1,0,0,procedimiento,0,0.55,0,0
459,13741,4,1,2371,1,0,0,0,1,0,0,0,procedimiento,0,0.78,0,0
459,13742,10,1,2339,2,0,0,0,0,0,0,0,conceptual,0,0.68,1,0
459,13743,1,3,3750,2,0,0,0,0,0,0,3,conceptual,1,0.57,2,0
459,13744,18,4,6729,2,1,0,0,0,0,0,1,aleatorio,1,0.4,3,0
459,13745,10,3,4074,2,1,1,0,0,0,0,1,inatencion,1,0.35,4,0
459,13746,19,3,4040,2,1,1,0,0,0,0,1,aleatorio,1,0.25,5,0
459,13747,1,3,3214,1,1,1,0,0,0,0,1,inatencion,1,0.15,6,0
459,13748,15,2,2610,1,1,0,0,1,0,0,0,procedimiento,0,0.73,0,0
459,13749,3,2,3264,1,0,0,0,1,0,0,0,procedimiento,0,0.72,0,0
459,13750,15,2,4065,1,0,0,0,0,0,0,0,conceptual,0,0.61,1,0
459,13751,8,3,3210,3,1,2,0,0,0,0,1,aleatorio,1,0.51,2,0
459,13752,16,1,2265,1,0,0,0,1,0,0,0,procedimiento,0,0.7,0,0
459,13753,9,3,4725,1,0,0,0,0,0,0,0,conceptual,0,0.59,1,0
459,13754,14,3,4723,1,0,0,0,0,0,0,1,inatencion,1,0.48,2,0
459,13755,4,1,2392,1,0,0,0,0,0,0,0,inatencion,1,0.37,3,0
459,13756,5,1,2100,1,0,0,0,1,0,0,0,procedimiento,0,0.67,0,0
459,13757,10,3,3109,2,1,0,0,0,0,0,0,conceptual,0,0.56,1,0
459,13758,4,2,3343,1,0,0,0,1,0,0,0,procedimiento,0,0.65,0,0
459,13759,7,1,2622,1,0,0,0,0,0,0,0,procedimiento,0,0.54,1,0
459,13760,4,3,3893,1,0,0,0,1,0,0,0,procedimiento,0,0.64,0,0
459,13761,8,4,6568,3,1,0,0,0,0,0,0,conceptual,0,0.53,1,0
459,13762,10,3,5729,3,1,1,0,0,0,0,0,conceptual,1,0.42,2,0
459,13763,12,4,6787,1,1,1,0,0,0,0,1,aleatorio,1,0.31,3,0
459,13764,14,1,3646,1,0,0,0,1,0,0,0,procedimiento,0,0.6,0,0
459,13765,13,3,6390,2,0,0,0,0,1,0,0,inatencion,0,0.5,1,0
459,13766,1,2,4079,1,0,0,0,0,3,0,0,inatencion,1,0.39,2,0
459,13767,3,2,4064,1,0,0,0,1,1,0,0,procedimiento,0,0.58,0,0
459,13768,4,3,4619,1,1,2,0,0,0,0,0,conceptual,0,0.47,1,0
459,13769,15,1,2887,1,0,0,0,0,0,0,0,consigna,1,0.36,2,0
459,13770,16,3,5057,2,0,0,0,0,1,0,0,inatencion,1,0.26,3,0
460,13771,12,4,5730,1,0,0,0,0,2,159,0,conceptual,1,0.33,1,0
460,13772,19,3,3711,1,1,0,0,0,1,908,1,procedimiento,1,0.23,2,0
460,13773,13,1,2466,1,0,0,0,1,0,145,0,procedimiento,1,0.42,0,0
460,13774,13,1,2477,1,1,1,0,1,4,68,0,procedimiento,1,0.42,0,0
460,13775,17,2,2773,1,0,0,0,0,3,112,0,inatencion,1,0.31,1,0
460,13776,15,4,5899,1,1,0,0,0,2,503,3,procedimiento,1,0.21,2,0
460,13777,6,3,3344,1,0,0,0,0,4,1202,1,aleatorio,1,0.15,3,0
460,13778,10,2,3074,2,1,0,0,0,0,14,2,inatencion,1,0.15,4,0
460,13779,1,3,2919,1,0,0,0,1,0,750,3,procedimiento,1,0.4,0,0
460,13780,16,4,4094,2,0,0,0,0,1,1567,1,consigna,1,0.29,1,0
460,13781,17,2,3365,1,0,0,0,1,1,20,1,procedimiento,1,0.39,0,0
460,13782,1,3,3391,1,0,0,0,1,1,125,2,procedimiento,1,0.38,0,0
460,13783,9,1,1955,1,0,0,1,1,2,264,2,procedimiento,1,0.38,0,0
460,13784,14,2,2607,3,1,0,0,0,2,232,2,inatencion,1,0.27,1,0
460,13785,11,3,3254,1,1,0,0,0,1,1615,1,consigna,1,0.17,2,0
460,13786,7,3,3499,2,1,1,0,0,3,435,2,inatencion,1,0.15,3,0
460,13787,4,3,3561,1,1,0,0,1,2,453,1,procedimiento,1,0.36,0,0
460,13788,5,3,4679,2,0,0,0,0,5,326,1,procedimiento,1,0.26,1,0
460,13789,11,1,2154,1,0,0,0,1,2,445,1,procedimiento,1,0.35,0,0
460,13790,2,2,3440,1,1,0,0,1,2,200,1,procedimiento,1,0.35,0,0
460,13791,9,2,3895,1,0,0,0,1,3,574,2,procedimiento,1,0.34,0,0
460,13792,12,3,7244,1,0,0,0,0,1,897,4,procedimiento,1,0.24,1,0
460,13793,4,3,6158,1,1,0,0,0,3,737,0,conceptual,1,0.15,2,0
460,13794,4,2,3660,1,0,0,0,1,1,46,2,procedimiento,1,0.33,0,0
460,13795,5,4,7973,1,0,0,0,0,2,177,1,procedimiento,1,0.23,1,0
460,13796,13,3,6923,1,0,0,0,0,5,93,2,procedimiento,1,0.15,2,0
460,13797,1,3,4637,1,0,0,0,1,1,669,2,procedimiento,1,0.32,0,0
460,13798,18,2,4549,1,1,0,0,1,2,97,0,procedimiento,1,0.31,0,0
460,13799,8,2,3833,1,0,0,0,0,2,1526,0,consigna,1,0.21,1,0
460,13800,12,3,4234,1,0,0,0,1,2,748,1,procedimiento,1,0.31,0,0
461,13801,15,4,5122,1,1,0,0,0,0,0,0,consigna,0,0.59,1,0
461,13802,10,3,4953,1,1,0,0,1,0,0,0,procedimiento,0,0.68,0,0
461,13803,5,3,3611,1,0,0,0,0,0,0,0,procedimiento,0,0.57,1,0
461,13804,12,2,4052,1,0,0,0,1,0,0,0,procedimiento,0,0.67,0,0
461,13805,5,4,5949,1,1,3,0,1,0,0,0,procedimiento,0,0.66,0,0
461,13806,5,3,3487,1,1,1,0,0,0,0,0,inatencion,0,0.55,1,0
461,13807,4,3,4963,1,0,0,0,1,0,0,0,procedimiento,0,0.65,0,0
461,13808,19,2,3892,1,0,0,0,1,0,0,0,procedimiento,0,0.64,0,0
461,13809,16,1,2845,1,0,0,0,1,0,0,0,procedimiento,0,0.63,0,0
461,13810,10,3,3690,1,1,3,0,1,0,0,0,procedimiento,0,0.63,0,0
461,13811,10,2,3926,1,0,0,0,1,0,0,0,procedimiento,0,0.62,0,0
461,13812,17,3,4269,2,1,2,0,0,0,0,0,procedimiento,0,0.51,1,0
461,13813,15,3,4601,1,0,0,0,1,0,0,0,procedimiento,0,0.61,0,0
461,13814,1,1,2894,1,0,0,0,1,0,0,0,procedimiento,0,0.6,0,0
461,13815,14,2,2911,2,1,0,0,0,3,0,0,conceptual,0,0.49,1,0
461,13816,6,2,3034,1,0,0,0,0,4,0,1,conceptual,1,0.39,2,0
461,13817,7,2,2487,1,0,0,0,1,0,0,0,procedimiento,0,0.58,0,0
461,13818,14,2,2839,1,0,0,0,1,1,0,0,procedimiento,0,0.57,0,0
461,13819,3,2,3482,1,1,0,0,0,0,0,0,inatencion,0,0.46,1,0
461,13820,18,1,1942,1,0,0,1,1,3,0,0,procedimiento,0,0.56,0,0
461,13821,15,4,6276,2,0,0,0,0,1,0,0,procedimiento,0,0.45,1,0
461,13822,6,4,6486,1,1,0,0,0,2,0,2,conceptual,1,0.34,2,0
461,13823,17,1,2813,2,0,0,0,0,1,0,0,aleatorio,1,0.24,3,0
461,13824,4,1,3184,1,0,0,0,1,5,0,0,procedimiento,0,0.53,0,0
461,13825,12,3,4714,1,0,0,0,1,2,0,0,procedimiento,0,0.52,0,0
461,13826,3,1,3181,1,0,0,0,1,1,0,0,procedimiento,0,0.52,0,0
461,13827,9,1,3084,1,1,0,0,0,2,0,0,conceptual,0,0.41,1,0
461,13828,11,2,3632,1,0,0,0,1,2,0,0,procedimiento,0,0.5,0,0
461,13829,8,2,5303,1,1,2,0,0,3,202,0,inatencion,1,0.4,1,0
461,13830,5,1,3083,1,0,0,0,0,1,469,1,conceptual,1,0.29,2,0
462,13831,5,2,2799,1,1,0,0,0,0,0,0,inatencion,0,0.6,1,0
462,13832,1,1,3408,3,0,0,0,0,0,0,0,conceptual,1,0.49,2,0
462,13833,14,4,5133,1,1,0,0,1,0,0,0,procedimiento,0,0.69,0,0
462,13834,17,4,6383,1,1,2,0,1,0,0,0,procedimiento,0,0.68,0,0
462,13835,5,4,6007,2,0,0,0,0,0,0,0,procedimiento,0,0.57,1,0
462,13836,8,3,5637,2,0,0,0,0,0,0,0,consigna,1,0.46,2,0
462,13837,6,4,7044,3,1,0,0,0,0,0,2,aleatorio,1,0.36,3,0
462,13838,13,2,3436,1,1,0,0,0,0,0,0,inatencion,1,0.25,4,0
462,13839,19,3,5745,1,0,0,0,1,0,0,0,procedimiento,0,0.64,0,0
462,13840,8,2,3505,1,1,0,0,0,0,0,0,inatencion,0,0.54,1,0
462,13841,15,2,3670,1,0,0,0,0,0,0,2,inatencion,1,0.43,2,0
462,13842,17,3,5932,1,1,0,0,0,0,0,0,inatencion,1,0.32,3,0
462,13843,7,4,5117,1,1,0,0,0,0,0,0,inatencion,1,0.22,4,0
462,13844,16,3,5270,3,1,1,0,0,0,0,0,inatencion,1,0.15,5,0
462,13845,16,3,4595,1,0,0,0,0,0,0,1,inatencion,1,0.15,6,0
462,13846,7,4,6969,1,1,1,0,0,1,0,1,inatencion,1,0.15,7,0
462,13847,14,2,3035,1,0,0,0,0,2,0,1,aleatorio,1,0.15,8,0
462,13848,15,3,4919,1,1,3,0,1,2,0,0,procedimiento,0,0.58,0,0
462,13849,14,1,3154,1,0,0,0,0,5,0,0,consigna,0,0.47,1,0
462,13850,12,2,4165,2,0,0,0,0,2,0,2,consigna,1,0.37,2,0
462,13851,18,1,2952,1,1,0,0,1,1,0,0,procedimiento,0,0.56,0,0
462,13852,10,1,3372,1,0,0,0,0,2,0,0,procedimiento,0,0.45,1,0
462,13853,2,3,4326,2,1,1,0,0,2,0,0,conceptual,1,0.35,2,0
462,13854,3,2,5013,2,1,0,0,0,2,0,1,inatencion,1,0.24,3,0
462,13855,1,2,3935,2,1,1,0,0,0,0,0,inatencion,1,0.15,4,0
462,13856,5,2,5107,1,0,0,0,0,0,0,0,inatencion,1,0.15,5,0
462,13857,11,1,3589,3,0,0,0,0,0,0,0,inatencion,1,0.15,6,0
462,13858,13,1,3307,1,1,1,0,1,2,0,0,procedimiento,0,0.51,0,0
462,13859,1,3,4959,1,1,0,0,1,2,0,0,procedimiento,0,0.5,0,0
462,13860,16,2,5579,1,0,0,0,0,2,8,0,inatencion,1,0.4,1,0
463,13861,6,2,1537,1,1,0,1,1,0,0,0,procedimiento,0,0.62,0,0
463,13862,8,3,2205,1,1,1,0,0,0,0,0,consigna,0,0.51,1,0
463,13863,3,3,3403,1,0,0,0,1,0,0,0,procedimiento,0,0.61,0,0
463,13864,12,2,1753,1,0,0,1,0,0,0,0,inatencion,0,0.5,1,0
463,13865,18,2,2144,1,0,0,0,0,1,0,0,procedimiento,1,0.39,2,0
463,13866,4,1,1724,1,0,0,1,1,0,0,0,procedimiento,0,0.59,0,0
463,13867,11,2,1904,1,0,0,1,0,2,0,0,aleatorio,0,0.48,1,0
463,13868,17,3,2493,2,0,0,0,0,0,0,1,inatencion,1,0.38,2,0
463,13869,18,3,3297,1,0,0,0,1,1,0,0,procedimiento,0,0.57,0,0
463,13870,3,2,2541,1,1,0,0,0,1,0,0,consigna,0,0.46,1,0
463,13871,5,2,2570,1,0,0,0,1,2,0,0,procedimiento,0,0.56,0,0
463,13872,1,3,2662,1,1,0,0,1,2,0,0,procedimiento,0,0.55,0,0
463,13873,2,2,1533,1,1,0,1,1,1,0,0,procedimiento,0,0.54,0,0
463,13874,15,3,2310,1,1,0,0,0,0,0,0,procedimiento,0,0.44,1,0
463,13875,18,3,1948,1,0,0,1,0,2,0,0,aleatorio,1,0.33,2,0
463,13876,10,1,1763,3,0,0,1,0,4,0,1,aleatorio,1,0.23,3,0
463,13877,11,3,3086,1,0,0,0,1,2,0,0,procedimiento,0,0.52,0,0
463,13878,16,3,2725,1,1,1,0,0,1,0,0,consigna,0,0.41,1,0
463,13879,18,2,1705,1,0,0,1,1,4,0,0,procedimiento,0,0.51,0,0
463,13880,8,2,2447,2,0,0,0,0,2,0,0,conceptual,0,0.4,1,0
463,13881,11,3,3007,3,1,1,0,0,1,682,0,conceptual,1,0.3,2,0
463,13882,6,2,2213,1,0,0,0,1,1,428,0,procedimiento,1,0.49,0,0
463,13883,4,4,4399,1,0,0,0,0,1,54,0,procedimiento,1,0.38,1,0
463,13884,19,3,2935,2,0,0,0,0,0,56,0,inatencion,1,0.28,2,0
463,13885,5,3,4312,2,1,0,0,0,1,326,0,aleatorio,1,0.17,3,0
463,13886,3,2,3255,2,0,0,0,0,3,210,1,inatencion,1,0.15,4,0
463,13887,15,2,1998,1,1,1,1,0,1,249,2,aleatorio,1,0.15,5,0
463,13888,18,3,3833,1,0,0,0,1,1,20,0,procedimiento,1,0.45,0,0
463,13889,2,4,4439,1,1,0,0,0,3,1008,0,conceptual,1,0.35,1,0
463,13890,19,2,3250,3,0,0,0,0,1,99,0,procedimiento,1,0.24,2,0
464,13891,1,3,3172,1,0,0,0,1,1,659,0,procedimiento,1,0.41,0,0
464,13892,13,3,4816,1,1,0,0,0,2,125,0,consigna,1,0.3,1,0
464,13893,6,3,3095,1,0,0,0,1,3,504,1,procedimiento,1,0.4,0,0
464,13894,18,1,2650,1,0,0,0,1,2,413,1,procedimiento,1,0.39,0,0
464,13895,17,2,2803,3,0,0,0,0,2,716,1,procedimiento,1,0.29,1,0
464,13896,6,2,2839,1,1,0,0,1,1,25,1,procedimiento,1,0.39,0,0
464,13897,14,4,5380,1,1,0,0,1,3,716,0,procedimiento,1,0.38,0,0
464,13898,17,3,4553,1,1,2,0,1,6,958,2,procedimiento,1,0.38,0,0
464,13899,7,3,2744,1,0,0,0,1,1,773,0,procedimiento,1,0.37,0,0
464,13900,16,1,2160,1,0,0,0,1,3,85,1,procedimiento,1,0.37,0,0
464,13901,4,3,2865,1,0,0,0,1,3,461,2,procedimiento,1,0.37,0,0
464,13902,15,3,4334,1,0,0,0,1,2,277,0,procedimiento,1,0.36,0,0
464,13903,5,3,3713,1,0,0,0,0,1,1194,1,inatencion,1,0.26,1,0
464,13904,1,4,4730,1,0,0,0,1,4,2189,5,procedimiento,1,0.35,0,0
464,13905,12,2,2299,1,1,2,0,0,2,1723,1,procedimiento,1,0.25,1,0
464,13906,12,2,3559,1,0,0,0,0,2,145,1,conceptual,1,0.15,2,0
464,13907,13,2,3390,1,1,1,0,1,2,1007,2,procedimiento,1,0.34,0,0
464,13908,18,2,2945,2,0,0,0,0,1,273,2,procedimiento,1,0.24,1,0
464,13909,17,2,2829,1,0,0,0,1,0,950,1,procedimiento,1,0.33,0,0
464,13910,3,3,3912,3,1,0,0,0,5,500,1,conceptual,1,0.23,1,0
464,13911,1,3,3300,1,0,0,0,1,3,1850,2,procedimiento,1,0.33,0,0
464,13912,5,2,2926,1,0,0,0,0,2,82,3,consigna,1,0.22,1,0
464,13913,15,3,3611,1,0,0,0,1,4,13,0,procedimiento,1,0.32,0,0
464,13914,3,2,2496,1,0,0,0,1,2,336,2,procedimiento,1,0.31,0,0
464,13915,8,2,3460,1,0,0,0,1,2,1547,0,procedimiento,1,0.31,0,0
464,13916,13,3,3762,1,1,3,0,1,1,540,0,procedimiento,1,0.31,0,0
464,13917,14,4,4450,1,0,0,0,1,6,678,0,procedimiento,1,0.3,0,0
464,13918,4,4,6583,1,0,0,0,0,1,697,3,conceptual,1,0.2,1,0
464,13919,5,3,3457,2,0,0,0,0,0,130,2,procedimiento,1,0.15,2,0
464,13920,3,3,4356,1,0,0,0,1,2,117,3,procedimiento,1,0.29,0,0
465,13921,18,1,1342,3,0,0,1,0,0,0,0,inatencion,0,0.66,1,0
465,13922,15,1,1552,1,0,0,1,1,0,0,0,procedimiento,0,0.75,0,0
465,13923,12,2,2149,1,0,0,0,1,0,0,0,procedimiento,0,0.74,0,0
465,13924,13,2,1757,1,1,0,1,0,0,0,0,aleatorio,0,0.64,1,0
465,13925,3,1,2041,1,0,0,0,1,0,0,0,procedimiento,0,0.73,0,0
465,13926,18,1,1816,1,0,0,1,1,0,0,0,procedimiento,0,0.72,0,0
465,13927,13,2,2041,1,1,0,0,0,0,0,0,consigna,0,0.61,1,0
465,13928,8,1,1366,1,0,0,1,0,0,0,1,aleatorio,1,0.51,2,0
465,13929,2,3,3683,1,0,0,0,1,0,0,0,procedimiento,0,0.7,0,0
465,13930,16,1,1603,1,0,0,1,1,0,0,0,procedimiento,0,0.69,0,0
465,13931,17,3,3395,2,0,0,0,0,0,0,0,inatencion,0,0.58,1,0
465,13932,2,3,2125,2,0,0,0,0,0,0,0,consigna,1,0.47,2,0
465,13933,5,3,2832,2,1,0,0,0,0,0,1,aleatorio,1,0.37,3,0
465,13934,14,1,1472,3,0,0,1,0,0,0,0,inatencion,1,0.26,4,0
465,13935,18,2,2076,1,0,0,0,0,0,0,0,inatencion,1,0.15,5,0
465,13936,19,3,3106,1,1,0,0,1,0,0,0,procedimiento,0,0.64,0,0
465,13937,9,1,1856,3,0,0,1,0,0,0,0,inatencion,0,0.54,1,0
465,13938,16,3,3633,1,1,0,0,1,0,0,0,procedimiento,0,0.63,0,0
465,13939,11,3,3408,1,1,0,0,1,0,0,0,procedimiento,0,0.62,0,0
465,13940,6,2,1862,2,1,0,1,0,0,0,0,aleatorio,0,0.51,1,0
465,13941,9,3,3022,1,1,1,0,1,0,0,0,procedimiento,0,0.61,0,0
465,13942,6,1,1684,1,0,0,1,0,1,0,0,inatencion,0,0.5,1,0
465,13943,2,4,4727,1,0,0,0,0,2,0,1,consigna,1,0.39,2,0
465,13944,7,3,3168,1,0,0,0,1,0,0,0,procedimiento,0,0.58,0,0
465,13945,10,2,2241,2,0,0,0,0,2,0,0,procedimiento,0,0.48,1,0
465,13946,4,1,1910,1,0,0,1,1,1,0,0,procedimiento,0,0.57,0,0
465,13947,10,2,2851,1,0,0,0,0,0,0,0,conceptual,0,0.46,1,0
465,13948,16,4,5032,1,1,0,0,0,3,0,1,procedimiento,1,0.35,2,0
465,13949,2,3,2865,1,1,1,0,0,3,0,1,aleatorio,1,0.25,3,0
465,13950,10,2,2683,3,1,1,0,0,1,0,0,inatencion,1,0.15,4,0
466,13951,4,2,2867,2,1,1,0,0,2,0,0,procedimiento,0,0.44,1,0
466,13952,14,3,3948,1,0,0,0,0,2,0,1,conceptual,1,0.33,2,0
466,13953,8,2,2389,1,1,1,0,1,1,0,0,procedimiento,0,0.53,0,0
466,13954,8,4,6046,1,0,0,0,1,3,0,0,procedimiento,0,0.52,0,0
466,13955,17,2,3689,1,0,0,0,1,0,0,0,procedimiento,0,0.52,0,0
466,13956,10,2,2672,1,0,0,0,1,0,0,0,procedimiento,0,0.51,0,0
466,13957,14,2,3060,1,1,0,0,1,1,0,0,procedimiento,0,0.51,0,0
466,13958,14,1,2164,1,0,0,0,1,0,0,0,procedimiento,0,0.5,0,0
466,13959,1,3,3048,1,0,0,0,1,0,641,0,procedimiento,1,0.5,0,0
466,13960,4,3,4118,1,0,0,0,1,0,134,0,procedimiento,1,0.49,0,0
466,13961,2,2,2650,1,1,0,0,0,2,105,0,procedimiento,1,0.39,1,0
466,13962,18,3,4142,2,1,1,0,0,1,1172,2,procedimiento,1,0.28,2,0
466,13963,16,2,3155,1,1,0,0,1,0,3,0,procedimiento,1,0.47,0,0
466,13964,7,3,4440,1,1,0,0,1,2,227,0,procedimiento,1,0.47,0,0
466,13965,15,2,2402,1,0,0,0,1,3,512,0,procedimiento,1,0.46,0,0
466,13966,14,1,2334,1,1,1,0,1,2,517,0,procedimiento,1,0.46,0,0
466,13967,14,3,2839,2,1,2,0,0,2,253,0,conceptual,1,0.35,1,0
466,13968,9,3,3206,1,0,0,0,1,1,274,0,procedimiento,1,0.45,0,0
466,13969,3,2,2395,1,0,0,0,1,2,435,0,procedimiento,1,0.44,0,0
466,13970,6,4,5644,1,1,0,0,0,1,132,0,conceptual,1,0.34,1,0
466,13971,18,2,3280,2,0,0,0,0,1,461,1,conceptual,1,0.23,2,0
466,13972,5,2,5638,1,0,0,0,1,2,227,0,procedimiento,1,0.43,0,0
466,13973,9,1,2950,1,0,0,0,0,1,120,0,conceptual,1,0.32,1,0
466,13974,8,3,5665,2,0,0,0,0,1,46,0,conceptual,1,0.22,2,0
466,13975,3,4,5437,2,1,0,0,0,1,837,2,inatencion,1,0.15,3,0
466,13976,18,2,3467,1,1,1,0,1,2,1719,0,procedimiento,1,0.4,0,0
466,13977,8,3,2913,2,0,0,0,0,2,440,1,conceptual,1,0.3,1,0
466,13978,17,1,2956,1,0,0,0,1,1,1391,2,procedimiento,1,0.39,0,0
466,13979,8,2,5242,1,1,0,0,1,1,157,2,procedimiento,1,0.39,0,0
466,13980,1,1,3520,1,0,0,0,0,3,638,2,procedimiento,1,0.28,1,0
467,13981,11,3,3416,3,1,0,0,0,0,0,0,consigna,0,0.56,1,0
467,13982,5,3,2529,2,1,0,0,0,0,0,0,inatencion,1,0.46,2,0
467,13983,15,2,1700,1,0,0,1,1,0,0,0,procedimiento,0,0.65,0,0
467,13984,17,3,2734,1,1,0,0,1,0,0,0,procedimiento,0,0.64,0,0
467,13985,6,1,1357,1,0,0,1,0,0,0,0,inatencion,0,0.54,1,0
467,13986,4,2,1713,1,1,0,1,1,0,0,0,procedimiento,0,0.63,0,0
467,13987,3,1,1839,1,0,0,1,1,0,0,0,procedimiento,0,0.62,0,0
467,13988,5,1,1624,1,0,0,1,1,0,0,0,procedimiento,0,0.62,0,0
467,13989,17,4,3160,2,1,3,0,0,0,0,0,aleatorio,0,0.51,1,0
467,13990,13,1,1662,2,0,0,1,0,0,0,0,inatencion,1,0.4,2,0
467,13991,15,2,1669,1,0,0,1,1,1,0,0,procedimiento,0,0.6,0,0
467,13992,3,3,2152,1,0,0,0,1,1,0,0,procedimiento,0,0.59,0,0
467,13993,1,2,1916,1,0,0,1,1,2,0,0,procedimiento,0,0.58,0,0
467,13994,12,1,1547,1,0,0,1,1,1,0,0,procedimiento,0,0.58,0,0
467,13995,15,3,3300,1,0,0,0,0,4,0,0,inatencion,0,0.47,1,0
467,13996,17,3,2254,1,1,0,0,0,1,0,0,procedimiento,1,0.36,2,0
467,13997,17,4,3805,1,0,0,0,1,0,0,0,procedimiento,0,0.56,0,0
467,13998,6,3,2268,2,1,0,0,0,0,0,0,conceptual,0,0.45,1,0
467,13999,6,4,4086,1,0,0,0,1,2,0,0,procedimiento,0,0.54,0,0
467,14000,10,1,1445,1,0,0,1,1,4,0,0,procedimiento,0,0.54,0,0
467,14001,18,2,2439,1,0,0,0,1,1,0,0,procedimiento,0,0.53,0,0
467,14002,4,3,3320,1,1,0,0,0,1,0,0,conceptual,0,0.42,1,0
467,14003,18,1,2017,1,0,0,0,0,2,0,0,procedimiento,1,0.32,2,0
467,14004,6,3,4744,3,1,0,0,0,0,0,2,aleatorio,1,0.21,3,0
467,14005,18,3,4093,2,0,0,0,0,2,0,2,aleatorio,1,0.15,4,0
467,14006,11,2,2789,1,0,0,0,1,3,578,0,procedimiento,1,0.5,0,0
467,14007,14,2,2738,1,1,0,0,0,1,427,0,consigna,1,0.39,1,0
467,14008,10,4,6078,1,1,0,0,0,1,690,0,conceptual,1,0.28,2,0
467,14009,7,1,1767,1,0,0,1,1,4,21,0,procedimiento,1,0.48,0,0
467,14010,9,2,1973,3,1,0,1,0,4,1120,0,inatencion,1,0.37,1,0
468,14011,17,3,2199,1,1,1,0,0,2,1093,3,procedimiento,1,0.28,1,0
468,14012,19,4,3832,1,1,0,0,1,3,1352,0,procedimiento,1,0.38,0,0
468,14013,15,2,2550,1,0,0,0,1,2,190,0,procedimiento,1,0.37,0,0
468,14014,19,4,4659,1,0,0,0,1,4,249,1,procedimiento,1,0.37,0,0
468,14015,3,2,2124,1,0,0,0,1,4,25,2,procedimiento,1,0.37,0,0
468,14016,16,2,2112,2,1,0,0,0,0,77,0,conceptual,1,0.26,1,0
468,14017,13,3,2772,1,1,0,0,0,1,238,0,inatencion,1,0.16,2,0
468,14018,11,1,1450,1,1,0,1,0,2,1094,2,inatencion,1,0.15,3,0
468,14019,2,4,4383,2,0,0,0,0,2,90,0,inatencion,1,0.15,4,0
468,14020,16,3,3638,2,0,0,0,0,2,912,1,inatencion,1,0.15,5,0
468,14021,17,2,2705,1,0,0,0,1,4,529,1,procedimiento,1,0.34,0,0
468,14022,5,3,3281,1,1,1,0,1,0,39,0,procedimiento,1,0.34,0,0
468,14023,7,3,3680,1,1,0,0,0,0,54,0,procedimiento,1,0.23,1,0
468,14024,2,3,3195,1,0,0,0,0,2,118,3,inatencion,1,0.15,2,0
468,14025,14,4,4463,1,0,0,0,1,2,748,1,procedimiento,1,0.33,0,0
468,14026,5,3,3314,2,1,0,0,0,4,535,2,consigna,1,0.22,1,0
468,14027,5,1,1668,1,0,0,1,0,1,2337,0,inatencion,1,0.15,2,0
468,14028,18,1,1833,1,1,2,1,0,1,397,1,aleatorio,1,0.15,3,0
468,14029,10,1,1984,1,0,0,1,1,1,299,1,procedimiento,1,0.31,0,0
468,14030,11,3,3245,1,1,2,0,0,4,376,1,conceptual,1,0.21,1,0
468,14031,3,1,1803,1,0,0,1,1,1,82,1,procedimiento,1,0.3,0,0
468,14032,2,3,4031,1,0,0,0,0,2,1282,0,procedimiento,1,0.2,1,0
468,14033,3,3,5346,2,0,0,0,0,3,1510,1,consigna,1,0.15,2,0
468,14034,3,4,4882,1,1,1,0,1,1,136,2,procedimiento,1,0.29,0,0
468,14035,19,2,3181,1,1,0,0,1,1,259,0,procedimiento,1,0.29,0,0
468,14036,8,3,4222,1,0,0,0,1,3,350,1,procedimiento,1,0.29,0,0
468,14037,13,3,4999,2,0,0,0,0,1,176,1,conceptual,1,0.18,1,0
468,14038,6,2,3411,1,1,3,0,1,2,167,1,procedimiento,1,0.28,0,0
468,14039,15,3,4402,1,1,0,0,0,4,80,3,conceptual,1,0.17,1,0
468,14040,10,2,2425,2,1,0,0,0,5,1776,1,conceptual,1,0.15,2,0
469,14041,16,2,3232,1,1,0,0,0,3,0,0,procedimiento,0,0.46,1,0
469,14042,19,3,5012,1,0,0,0,1,4,0,0,procedimiento,0,0.56,0,0
469,14043,19,2,4061,1,1,0,0,1,2,0,0,procedimiento,0,0.55,0,0
469,14044,1,4,5685,1,0,0,0,1,1,0,0,procedimiento,0,0.55,0,0
469,14045,19,2,2669,2,0,0,0,0,3,0,0,conceptual,0,0.44,1,0
469,14046,14,2,3304,1,0,0,0,1,1,0,0,procedimiento,0,0.54,0,0
469,14047,12,3,3658,2,0,0,0,0,3,0,0,consigna,0,0.43,1,0
469,14048,10,2,2729,1,0,0,0,1,2,0,0,procedimiento,0,0.53,0,0
469,14049,4,3,5420,1,0,0,0,1,0,0,0,procedimiento,0,0.52,0,0
469,14050,1,4,5837,1,0,0,0,1,1,0,0,procedimiento,0,0.51,0,0
469,14051,7,2,3770,3,0,0,0,0,1,0,0,aleatorio,0,0.41,1,0
469,14052,5,2,3946,1,0,0,0,1,0,0,0,procedimiento,0,0.5,0,0
469,14053,15,1,2272,1,0,0,0,1,3,400,0,procedimiento,1,0.5,0,0
469,14054,14,1,2675,1,0,0,0,1,1,36,0,procedimiento,1,0.49,0,0
469,14055,7,2,4218,2,0,0,0,0,0,297,0,conceptual,1,0.39,1,0
469,14056,18,3,3694,2,1,0,0,0,1,1194,1,consigna,1,0.28,2,0
469,14057,11,3,4692,2,1,1,0,0,2,496,0,aleatorio,1,0.17,3,0
469,14058,18,3,3596,1,1,3,0,0,0,220,1,aleatorio,1,0.15,4,0
469,14059,6,1,3064,1,0,0,0,1,3,648,0,procedimiento,1,0.46,0,0
469,14060,9,2,4419,1,0,0,0,1,1,1249,0,procedimiento,1,0.46,0,0
469,14061,3,4,5987,1,1,0,0,1,0,305,0,procedimiento,1,0.45,0,0
469,14062,15,4,7259,1,1,0,0,1,2,5,0,procedimiento,1,0.45,0,0
469,14063,5,2,4830,1,0,0,0,1,1,14,0,procedimiento,1,0.44,0,0
469,14064,4,3,4827,2,1,0,0,0,5,675,0,conceptual,1,0.33,1,0
469,14065,18,3,5003,3,0,0,0,0,3,183,3,procedimiento,1,0.23,2,0
469,14066,15,2,5142,1,1,1,0,1,1,168,0,procedimiento,1,0.42,0,0
469,14067,12,1,3149,1,0,0,0,0,2,197,0,procedimiento,1,0.32,1,0
469,14068,13,2,3775,1,0,0,0,0,2,471,1,inatencion,1,0.21,2,0
469,14069,16,2,4202,1,0,0,0,0,2,1281,1,inatencion,1,0.15,3,0
469,14070,2,2,3735,1,1,1,0,1,1,847,0,procedimiento,1,0.4,0,0
470,14071,5,2,1691,1,1,0,1,1,0,0,0,procedimiento,0,0.88,0,0
470,14072,17,2,1935,1,0,0,1,1,0,0,0,procedimiento,0,0.87,0,0
470,14073,13,2,2121,1,0,0,0,1,0,0,0,procedimiento,0,0.86,0,0
470,14074,3,2,2337,1,0,0,0,1,0,0,0,procedimiento,0,0.85,0,0
470,14075,14,2,2605,1,0,0,0,1,0,0,0,procedimiento,0,0.84,0,0
470,14076,8,2,2583,1,0,0,0,1,0,0,0,procedimiento,0,0.83,0,0
470,14077,3,2,1695,1,0,0,1,1,0,0,0,procedimiento,0,0.82,0,0
470,14078,15,1,1551,1,0,0,1,1,0,0,0,procedimiento,0,0.81,0,0
470,14079,18,4,3742,2,0,0,0,0,0,0,0,consigna,0,0.71,1,0
470,14080,11,1,1187,1,0,0,1,0,0,0,0,aleatorio,1,0.6,2,0
470,14081,3,1,1297,1,0,0,1,1,0,0,0,procedimiento,0,0.79,0,0
470,14082,2,1,1592,1,0,0,1,1,0,0,0,procedimiento,0,0.78,0,0
470,14083,8,4,4119,1,1,0,0,1,0,0,0,procedimiento,0,0.77,0,0
470,14084,10,2,2326,1,0,0,0,1,0,0,0,procedimiento,0,0.76,0,0
470,14085,4,2,1836,1,0,0,1,0,0,0,0,aleatorio,0,0.65,1,0
470,14086,19,2,2243,1,1,1,0,1,0,0,0,procedimiento,0,0.74,0,0
470,14087,4,3,3178,2,1,0,0,0,0,0,0,procedimiento,0,0.64,1,0
470,14088,15,1,1754,1,0,0,1,1,0,0,0,procedimiento,0,0.73,0,0
470,14089,4,4,2760,1,1,0,0,0,0,0,0,conceptual,0,0.62,1,0
470,14090,14,3,3000,3,1,0,0,0,0,0,1,conceptual,1,0.51,2,0
470,14091,7,2,2706,1,0,0,0,1,0,0,0,procedimiento,0,0.7,0,0
470,14092,8,4,3546,2,0,0,0,0,0,0,0,procedimiento,0,0.59,1,0
470,14093,18,3,2425,1,1,2,0,1,0,0,0,procedimiento,0,0.68,0,0
470,14094,4,2,2231,1,0,0,0,0,0,0,0,consigna,0,0.57,1,0
470,14095,16,1,1571,1,0,0,1,1,0,0,0,procedimiento,0,0.67,0,0
470,14096,12,3,2726,1,1,1,0,1,0,0,0,procedimiento,0,0.66,0,0
470,14097,7,2,2108,2,0,0,0,0,0,0,0,procedimiento,0,0.55,1,0
470,14098,18,1,2052,1,0,0,0,1,0,0,0,procedimiento,0,0.64,0,0
470,14099,12,2,2237,3,0,0,0,0,0,0,0,consigna,0,0.53,1,0
470,14100,4,3,4227,1,1,0,0,0,0,0,2,procedimiento,1,0.42,2,0
471,14101,9,2,3340,2,0,0,0,0,0,0,0,procedimiento,0,0.64,1,0
471,14102,13,3,4432,1,0,0,0,0,0,0,2,procedimiento,1,0.53,2,0
471,14103,14,1,2683,2,0,0,0,0,0,0,0,aleatorio,1,0.4,3,0
471,14104,7,2,3064,2,0,0,0,0,0,0,0,inatencion,1,0.32,4,0
471,14105,1,3,4665,1,1,0,0,0,0,0,0,aleatorio,1,0.21,5,0
471,14106,16,4,4115,3,1,0,0,0,0,0,1,inatencion,1,0.15,6,0
471,14107,18,2,2381,1,1,2,0,1,0,0,0,procedimiento,0,0.7,0,0
471,14108,17,1,2527,1,0,0,0,0,0,0,0,inatencion,0,0.59,1,0
471,14109,14,3,2986,1,0,0,0,0,0,0,1,procedimiento,1,0.48,2,0
471,14110,9,1,2591,1,1,0,0,0,0,0,0,inatencion,1,0.37,3,0
471,14111,13,1,2230,1,0,0,0,0,0,0,1,inatencion,1,0.27,4,0
471,14112,19,4,4974,2,0,0,0,0,0,0,1,inatencion,1,0.16,5,0
471,14113,15,3,4051,3,0,0,0,0,0,0,0,inatencion,1,0.15,6,0
471,14114,5,3,4995,3,1,2,0,0,0,0,1,inatencion,1,0.15,7,0
471,14115,4,2,2678,2,1,0,0,0,0,0,3,aleatorio,1,0.15,8,0
471,14116,3,1,2439,2,0,0,0,0,0,0,0,inatencion,1,0.15,9,0
471,14117,4,3,3485,2,1,0,0,0,0,0,0,aleatorio,1,0.15,10,0
471,14118,4,1,2933,2,0,0,0,0,0,0,0,aleatorio,1,0.15,11,0
471,14119,13,3,3572,1,0,0,0,1,0,0,0,procedimiento,0,0.61,0,0
471,14120,1,1,1918,3,0,0,1,0,0,0,0,aleatorio,0,0.5,1,0
471,14121,14,3,4649,2,1,0,0,0,1,0,0,conceptual,1,0.39,2,0
471,14122,12,4,6723,1,0,0,0,1,2,0,0,procedimiento,0,0.58,0,0
471,14123,9,1,3719,2,0,0,0,0,1,0,0,inatencion,0,0.48,1,0
471,14124,4,1,3622,1,0,0,0,1,2,0,0,procedimiento,0,0.57,0,0
471,14125,18,3,6215,3,1,0,0,0,3,0,0,inatencion,0,0.46,1,0
471,14126,4,2,3619,1,1,2,0,1,0,0,0,procedimiento,0,0.55,0,0
471,14127,19,2,4088,1,0,0,0,1,1,0,0,procedimiento,0,0.55,0,0
471,14128,15,2,3763,3,1,1,0,0,2,0,0,procedimiento,0,0.44,1,0
471,14129,10,2,4188,1,1,2,0,0,2,0,1,conceptual,1,0.33,2,0
471,14130,9,1,2651,1,1,1,0,1,1,0,0,procedimiento,0,0.53,0,0
472,14131,5,3,2824,1,0,0,0,0,0,0,0,inatencion,0,0.71,1,0
472,14132,16,3,3245,1,1,0,0,0,0,0,0,inatencion,1,0.6,2,0
472,14133,16,3,4319,1,0,0,0,1,0,0,0,procedimiento,0,0.79,0,0
472,14134,12,3,3819,1,1,0,0,1,0,0,0,procedimiento,0,0.78,0,0
472,14135,4,1,2198,1,0,0,0,0,0,0,0,procedimiento,0,0.68,1,0
472,14136,16,3,4498,1,1,1,0,0,0,0,0,procedimiento,1,0.57,2,0
472,14137,5,4,4471,2,0,0,0,0,0,0,0,inatencion,1,0.4,3,0
472,14138,15,4,4031,3,0,0,0,0,0,0,0,inatencion,1,0.35,4,0
472,14139,17,4,5048,2,0,0,0,0,0,0,0,inatencion,1,0.24,5,0
472,14140,6,3,4694,2,0,0,0,0,0,0,1,inatencion,1,0.15,6,0
472,14141,11,1,1784,1,0,0,1,0,0,0,0,inatencion,1,0.15,7,0
472,14142,17,2,2785,3,0,0,0,0,0,0,2,aleatorio,1,0.15,8,0
472,14143,16,2,2713,3,1,0,0,0,0,0,2,inatencion,1,0.15,9,0
472,14144,10,2,2655,1,0,0,0,0,0,0,0,inatencion,1,0.15,10,0
472,14145,2,3,3816,1,1,0,0,0,0,0,1,inatencion,1,0.15,11,0
472,14146,13,3,3974,1,0,0,0,0,0,0,1,aleatorio,1,0.15,12,0
472,14147,9,2,3050,2,1,0,0,0,0,0,1,inatencion,1,0.15,13,0
472,14148,6,1,1941,3,0,0,1,0,0,0,0,aleatorio,1,0.15,14,0
472,14149,19,3,4187,1,0,0,0,0,0,0,1,inatencion,1,0.15,15,0
472,14150,19,4,4973,3,1,0,0,0,0,0,1,aleatorio,1,0.15,16,0
472,14151,1,1,1761,1,0,0,1,1,0,0,0,procedimiento,0,0.65,0,0
472,14152,9,4,4538,1,0,0,0,0,0,0,0,procedimiento,0,0.54,1,0
472,14153,1,3,4962,2,1,0,0,0,0,0,0,conceptual,1,0.43,2,0
472,14154,14,3,2910,1,1,0,0,1,0,0,0,procedimiento,0,0.62,0,0
472,14155,2,1,3367,1,0,0,0,0,0,0,0,procedimiento,0,0.51,1,0
472,14156,16,4,5566,1,0,0,0,1,0,0,0,procedimiento,0,0.61,0,0
472,14157,11,3,4807,2,1,2,0,0,1,0,0,conceptual,0,0.5,1,0
472,14158,8,2,3158,1,0,0,0,0,0,0,2,conceptual,1,0.39,2,0
472,14159,12,3,5173,1,1,0,0,0,2,0,0,aleatorio,1,0.28,3,0
472,14160,15,4,4794,2,0,0,0,0,1,0,0,inatencion,1,0.17,4,0
473,14161,13,2,3080,3,0,0,0,0,0,0,0,procedimiento,0,0.8,1,0
473,14162,3,1,3067,1,0,0,0,1,0,0,0,procedimiento,0,0.89,0,0
473,14163,19,2,3183,1,0,0,0,1,0,0,0,procedimiento,0,0.88,0,0
473,14164,1,2,2785,1,0,0,0,0,0,0,0,inatencion,0,0.77,1,0
473,14165,12,3,3927,3,1,0,0,0,0,0,0,inatencion,1,0.66,2,0
473,14166,4,2,3927,2,0,0,0,0,0,0,0,inatencion,1,0.4,3,0
473,14167,13,3,5513,1,0,0,0,1,0,0,0,procedimiento,0,0.84,0,0
473,14168,6,2,3293,1,0,0,0,1,0,0,0,procedimiento,0,0.83,0,0
473,14169,11,1,3076,3,0,0,0,0,0,0,0,aleatorio,0,0.72,1,0
473,14170,12,2,3371,2,0,0,0,0,0,0,0,inatencion,1,0.62,2,0
473,14171,3,3,4978,1,0,0,0,0,0,0,1,aleatorio,1,0.4,3,0
473,14172,1,3,4786,1,0,0,0,1,0,0,0,procedimiento,0,0.8,0,0
473,14173,4,3,4239,2,1,0,0,0,0,0,0,procedimiento,0,0.69,1,0
473,14174,10,1,2230,2,0,0,0,0,0,0,1,procedimiento,1,0.58,2,0
473,14175,9,4,5523,2,1,0,0,0,0,0,1,aleatorio,1,0.4,3,0
473,14176,16,3,5298,2,1,2,0,0,0,0,0,aleatorio,1,0.36,4,0
473,14177,14,2,4087,1,0,0,0,1,0,0,0,procedimiento,0,0.75,0,0
473,14178,17,2,3438,1,1,0,0,1,0,0,0,procedimiento,0,0.74,0,0
473,14179,16,1,2762,1,0,0,0,0,0,0,0,inatencion,0,0.64,1,0
473,14180,19,1,3033,2,0,0,0,0,0,0,0,inatencion,1,0.53,2,0
473,14181,17,2,3180,1,1,0,0,1,0,0,0,procedimiento,0,0.72,0,0
473,14182,16,2,3353,2,0,0,0,0,0,0,0,conceptual,0,0.61,1,0
473,14183,1,2,4389,1,1,0,0,0,0,0,1,conceptual,1,0.5,2,0
473,14184,13,2,3128,1,1,0,0,0,0,0,0,inatencion,1,0.39,3,0
473,14185,13,1,3679,1,0,0,0,1,0,0,0,procedimiento,0,0.68,0,0
473,14186,18,3,4734,1,0,0,0,1,0,0,0,procedimiento,0,0.67,0,0
473,14187,19,3,6173,3,1,2,0,0,0,0,0,conceptual,0,0.56,1,0
473,14188,8,4,7684,1,0,0,0,0,0,0,0,aleatorio,1,0.45,2,0
473,14189,18,3,4581,1,0,0,0,0,0,0,0,aleatorio,1,0.35,3,0
473,14190,13,3,6068,2,1,1,0,0,0,0,1,inatencion,1,0.24,4,0
474,14191,12,3,4278,3,1,0,0,0,1,0,0,conceptual,0,0.4,1,0
474,14192,19,2,3141,1,1,2,0,1,3,787,0,procedimiento,1,0.5,0,0
474,14193,19,2,2224,1,0,0,0,1,1,76,0,procedimiento,1,0.49,0,0
474,14194,14,3,2682,1,1,0,0,1,0,110,0,procedimiento,1,0.49,0,0
474,14195,10,3,4295,1,1,0,0,0,2,37,0,conceptual,1,0.38,1,0
474,14196,7,2,2390,1,0,0,0,1,3,38,0,procedimiento,1,0.48,0,0
474,14197,9,4,3762,1,1,1,0,1,4,63,0,procedimiento,1,0.47,0,0
474,14198,17,2,2589,1,0,0,0,1,1,745,0,procedimiento,1,0.47,0,0
474,14199,18,1,2117,1,1,3,0,1,0,582,0,procedimiento,1,0.46,0,0
474,14200,16,4,4472,1,0,0,0,1,5,444,0,procedimiento,1,0.46,0,0
474,14201,16,2,3175,1,0,0,0,1,2,195,0,procedimiento,1,0.45,0,0
474,14202,12,1,1580,1,1,1,1,1,2,483,0,procedimiento,1,0.45,0,0
474,14203,18,2,2970,1,0,0,0,1,1,38,0,procedimiento,1,0.44,0,0
474,14204,3,3,3652,1,1,0,0,1,2,167,0,procedimiento,1,0.44,0,0
474,14205,19,2,2077,1,1,2,0,1,5,95,0,procedimiento,1,0.43,0,0
474,14206,3,3,3378,1,1,1,0,1,2,16,0,procedimiento,1,0.43,0,0
474,14207,8,1,1704,1,1,0,1,0,1,166,0,aleatorio,1,0.32,1,0
474,14208,18,2,2858,1,0,0,0,1,1,76,0,procedimiento,1,0.42,0,0
474,14209,8,2,2599,1,0,0,0,1,1,39,0,procedimiento,1,0.41,0,0
474,14210,3,2,2986,1,0,0,0,0,0,89,0,conceptual,1,0.31,1,0
474,14211,16,1,1538,1,1,0,1,1,1,439,0,procedimiento,1,0.4,0,0
474,14212,17,3,3749,1,0,0,0,1,2,615,1,procedimiento,1,0.4,0,0
474,14213,8,2,2956,1,1,1,0,1,1,933,7,procedimiento,1,0.39,0,0
474,14214,9,4,5996,3,0,0,0,0,0,696,2,conceptual,1,0.29,1,0
474,14215,11,2,4647,1,1,0,0,0,3,1494,1,conceptual,1,0.18,2,0
474,14216,9,4,6175,1,0,0,0,1,0,767,0,procedimiento,1,0.38,0,0
474,14217,3,1,1926,1,0,0,1,0,1,88,0,aleatorio,1,0.27,1,0
474,14218,1,3,4657,2,1,0,0,0,5,215,1,consigna,1,0.17,2,0
474,14219,9,3,2940,1,1,0,0,0,1,979,0,aleatorio,1,0.15,3,0
474,14220,2,2,2699,1,0,0,0,0,2,687,2,aleatorio,1,0.15,4,0
475,14221,7,3,2784,1,0,0,0,0,0,0,0,inatencion,0,0.73,1,0
475,14222,3,1,1666,1,0,0,1,1,0,0,0,procedimiento,0,0.83,0,0
475,14223,18,2,2741,2,1,0,0,0,0,0,0,conceptual,0,0.72,1,0
475,14224,7,4,4359,1,1,0,0,0,0,0,0,inatencion,1,0.61,2,0
475,14225,12,1,1477,2,0,0,1,0,0,0,1,aleatorio,1,0.4,3,0
475,14226,17,2,2174,1,1,0,0,1,0,0,0,procedimiento,0,0.79,0,0
475,14227,16,2,2394,1,1,0,0,1,0,0,0,procedimiento,0,0.78,0,0
475,14228,7,1,1316,2,0,0,1,0,0,0,0,aleatorio,0,0.68,1,0
475,14229,1,2,2623,2,0,0,0,0,0,0,0,inatencion,1,0.57,2,0
475,14230,11,3,3574,2,1,0,0,0,0,0,0,aleatorio,1,0.4,3,0
475,14231,12,2,2609,2,0,0,0,0,0,0,0,aleatorio,1,0.35,4,0
475,14232,6,1,1727,1,0,0,1,1,0,0,0,procedimiento,0,0.74,0,0
475,14233,7,4,2885,1,1,0,0,0,0,0,0,inatencion,0,0.63,1,0
475,14234,17,1,1432,1,0,0,1,0,0,0,0,inatencion,1,0.53,2,0
475,14235,14,3,3359,2,0,0,0,0,0,0,2,inatencion,1,0.4,3,0
475,14236,10,3,2262,1,0,0,0,1,0,0,0,procedimiento,0,0.71,0,0
475,14237,18,3,2872,2,1,0,0,0,0,0,0,inatencion,0,0.6,1,0
475,14238,9,1,1429,1,0,0,1,0,0,0,0,inatencion,1,0.49,2,0
475,14239,1,3,2702,2,1,1,0,0,0,0,0,inatencion,1,0.38,3,0
475,14240,8,2,2484,3,1,0,0,0,0,0,0,inatencion,1,0.28,4,0
475,14241,16,4,4389,1,0,0,0,0,0,0,0,inatencion,1,0.17,5,0
475,14242,4,4,5273,1,0,0,0,0,0,0,1,inatencion,1,0.15,6,0
475,14243,15,2,2463,1,0,0,0,0,0,0,2,inatencion,1,0.15,7,0
475,14244,3,3,3895,2,0,0,0,0,0,0,2,inatencion,1,0.15,8,0
475,14245,9,2,2957,1,1,0,0,0,0,0,0,inatencion,1,0.15,9,0
475,14246,3,2,2171,1,0,0,0,1,0,0,0,procedimiento,0,0.63,0,0
475,14247,18,2,2443,1,0,0,0,1,0,0,0,procedimiento,0,0.62,0,0
475,14248,11,1,1900,1,0,0,1,1,0,0,0,procedimiento,0,0.61,0,0
475,14249,7,2,1992,1,0,0,1,1,0,0,0,procedimiento,0,0.6,0,0
475,14250,18,2,3008,2,0,0,0,0,2,0,0,procedimiento,0,0.49,1,0
476,14251,4,2,2273,1,1,0,0,1,0,0,0,procedimiento,0,0.88,0,0
476,14252,6,4,3801,1,0,0,0,0,0,0,0,conceptual,0,0.77,1,0
476,14253,16,2,2785,1,0,0,0,0,0,0,0,consigna,1,0.66,2,0
476,14254,1,2,2476,1,0,0,0,0,0,0,0,inatencion,1,0.4,3,0
476,14255,16,2,2544,1,0,0,0,1,0,0,0,procedimiento,0,0.84,0,0
476,14256,6,2,1959,2,0,0,1,0,0,0,0,inatencion,0,0.73,1,0
476,14257,14,4,3245,3,0,0,0,0,0,0,0,inatencion,1,0.62,2,0
476,14258,17,2,2746,1,0,0,0,0,0,0,0,inatencion,1,0.4,3,0
476,14259,8,2,2369,3,1,1,0,0,0,0,0,inatencion,1,0.4,4,0
476,14260,8,3,3618,1,1,0,0,0,0,0,2,inatencion,1,0.3,5,0
476,14261,8,2,2142,1,1,2,0,0,0,0,1,inatencion,1,0.19,6,0
476,14262,15,2,2405,1,0,0,0,0,0,0,0,inatencion,1,0.15,7,0
476,14263,12,2,2775,2,1,0,0,0,0,0,0,inatencion,1,0.15,8,0
476,14264,19,4,3361,1,0,0,0,0,0,0,1,inatencion,1,0.15,9,0
476,14265,2,3,3787,1,0,0,0,1,0,0,0,procedimiento,0,0.75,0,0
476,14266,7,2,2363,1,0,0,0,1,0,0,0,procedimiento,0,0.74,0,0
476,14267,12,3,2458,2,1,0,0,0,0,0,0,consigna,0,0.64,1,0
476,14268,7,4,4437,1,0,0,0,1,0,0,0,procedimiento,0,0.73,0,0
476,14269,15,3,3828,2,0,0,0,0,0,0,0,consigna,0,0.62,1,0
476,14270,18,3,3134,2,0,0,0,0,0,0,1,conceptual,1,0.51,2,0
476,14271,4,3,2586,2,0,0,0,0,0,0,2,inatencion,1,0.4,3,0
476,14272,15,4,4636,1,1,0,0,0,0,0,0,inatencion,1,0.29,4,0
476,14273,3,2,4452,1,1,1,0,0,0,0,0,inatencion,1,0.18,5,0
476,14274,2,2,2826,2,0,0,0,0,0,0,1,inatencion,1,0.15,6,0
476,14275,12,3,3784,1,1,0,0,0,0,0,1,inatencion,1,0.15,7,0
476,14276,6,3,3657,1,0,0,0,1,0,0,0,procedimiento,0,0.66,0,0
476,14277,19,4,6555,1,1,0,0,0,0,0,0,inatencion,0,0.55,1,0
476,14278,2,3,4445,1,0,0,0,0,0,0,3,conceptual,1,0.44,2,0
476,14279,11,1,1769,1,0,0,1,1,0,0,0,procedimiento,0,0.63,0,0
476,14280,9,1,2861,1,1,1,0,1,0,0,0,procedimiento,0,0.62,0,0
477,14281,12,2,3771,2,1,0,0,0,3,0,0,procedimiento,0,0.47,1,0
477,14282,6,3,3956,1,1,1,0,0,1,0,1,conceptual,1,0.36,2,0
477,14283,4,1,2966,2,0,0,0,0,2,0,3,inatencion,1,0.26,3,0
477,14284,4,1,2795,1,1,1,0,0,2,0,0,aleatorio,1,0.15,4,0
477,14285,5,2,3784,2,0,0,0,0,0,0,3,inatencion,1,0.15,5,0
477,14286,8,2,3379,1,0,0,0,1,2,0,0,procedimiento,0,0.54,0,0
477,14287,16,2,3400,1,0,0,0,1,1,0,0,procedimiento,0,0.54,0,0
477,14288,16,2,2526,3,1,0,0,0,4,0,0,conceptual,0,0.43,1,0
477,14289,7,3,4510,1,0,0,0,0,1,0,0,conceptual,1,0.32,2,0
477,14290,17,1,2567,1,0,0,0,1,3,0,0,procedimiento,0,0.52,0,0
477,14291,11,1,2212,1,0,0,0,1,3,0,0,procedimiento,0,0.51,0,0
477,14292,11,2,4240,1,0,0,0,1,1,0,0,procedimiento,0,0.51,0,0
477,14293,17,2,4217,1,1,1,0,0,2,0,0,inatencion,0,0.4,1,0
477,14294,2,2,3238,1,0,0,0,1,0,224,0,procedimiento,1,0.5,0,0
477,14295,9,2,4339,1,0,0,0,0,0,925,0,inatencion,1,0.39,1,0
477,14296,6,2,2640,3,1,0,0,0,4,3,2,procedimiento,1,0.28,2,0
477,14297,7,3,4264,1,1,0,0,0,1,759,0,aleatorio,1,0.18,3,0
477,14298,1,1,3032,1,0,0,0,1,0,1125,0,procedimiento,1,0.47,0,0
477,14299,6,3,3877,2,0,0,0,0,1,494,0,inatencion,1,0.37,1,0
477,14300,1,1,2824,1,1,1,0,1,0,99,0,procedimiento,1,0.46,0,0
477,14301,8,3,5525,1,1,0,0,0,0,246,0,inatencion,1,0.36,1,0
477,14302,13,3,4680,2,1,0,0,0,3,845,2,conceptual,1,0.25,2,0
477,14303,14,2,5246,1,1,0,0,0,2,101,2,aleatorio,1,0.15,3,0
477,14304,4,3,6005,1,1,0,0,0,1,95,0,aleatorio,1,0.15,4,0
477,14305,4,2,4783,3,0,0,0,0,3,596,2,aleatorio,1,0.15,5,0
477,14306,15,2,4803,1,1,1,0,1,0,567,0,procedimiento,1,0.43,0,0
477,14307,9,4,5178,1,0,0,0,1,2,993,0,procedimiento,1,0.42,0,0
477,14308,8,1,2816,1,0,0,0,0,3,348,0,conceptual,1,0.32,1,0
477,14309,19,2,4972,1,0,0,0,1,1,337,0,procedimiento,1,0.41,0,0
477,14310,4,3,6039,1,0,0,0,0,3,65,0,aleatorio,1,0.3,1,0
478,14311,13,4,4363,1,1,0,0,0,0,0,0,aleatorio,0,0.78,1,0
478,14312,8,3,3533,1,1,0,0,0,0,0,1,procedimiento,1,0.67,2,0
478,14313,11,2,2302,1,0,0,0,0,0,0,0,inatencion,1,0.4,3,0
478,14314,16,1,2342,1,0,0,0,1,0,0,0,procedimiento,0,0.85,0,0
478,14315,5,3,4014,2,0,0,0,0,0,0,0,conceptual,0,0.74,1,0
478,14316,14,2,2745,1,1,1,0,0,0,0,1,conceptual,1,0.63,2,0
478,14317,1,2,3119,1,0,0,0,0,0,0,0,inatencion,1,0.4,3,0
478,14318,10,2,2975,1,0,0,0,1,0,0,0,procedimiento,0,0.82,0,0
478,14319,2,2,3277,3,0,0,0,0,0,0,0,conceptual,0,0.71,1,0
478,14320,1,2,2663,1,0,0,0,0,0,0,1,conceptual,1,0.6,2,0
478,14321,12,2,2475,2,1,0,0,0,0,0,0,aleatorio,1,0.4,3,0
478,14322,7,4,4933,1,0,0,0,0,0,0,0,inatencion,1,0.38,4,0
478,14323,13,4,4511,2,0,0,0,0,0,0,0,inatencion,1,0.27,5,0
478,14324,16,3,4310,1,1,0,0,0,0,0,0,inatencion,1,0.16,6,0
478,14325,1,3,4368,1,0,0,0,0,0,0,1,inatencion,1,0.15,7,0
478,14326,6,1,1823,1,0,0,1,1,0,0,0,procedimiento,0,0.75,0,0
478,14327,19,1,2246,2,1,0,0,0,0,0,0,conceptual,0,0.64,1,0
478,14328,5,4,5275,1,1,0,0,1,0,0,0,procedimiento,0,0.73,0,0
478,14329,2,4,4648,1,0,0,0,1,0,0,0,procedimiento,0,0.72,0,0
478,14330,8,2,2616,2,0,0,0,0,0,0,0,inatencion,0,0.61,1,0
478,14331,1,1,2236,1,1,0,0,1,0,0,0,procedimiento,0,0.7,0,0
478,14332,14,2,2569,1,1,1,0,0,0,0,0,inatencion,0,0.59,1,0
478,14333,19,2,3831,3,0,0,0,0,0,0,3,inatencion,1,0.48,2,0
478,14334,12,1,2312,1,0,0,0,1,0,0,0,procedimiento,0,0.68,0,0
478,14335,18,2,2492,2,0,0,0,0,0,0,0,procedimiento,0,0.57,1,0
478,14336,8,1,2250,1,0,0,0,0,0,0,2,inatencion,1,0.46,2,0
478,14337,3,3,4117,1,0,0,0,1,0,0,0,procedimiento,0,0.65,0,0
478,14338,11,2,2931,2,1,0,0,0,0,0,0,inatencion,0,0.54,1,0
478,14339,16,2,3486,1,0,0,0,1,0,0,0,procedimiento,0,0.63,0,0
478,14340,2,1,1785,1,0,0,1,0,0,0,0,inatencion,0,0.52,1,0
479,14341,1,4,6823,1,1,0,0,1,0,0,0,procedimiento,0,0.91,0,0
479,14342,9,2,3889,1,1,0,0,1,0,0,0,procedimiento,0,0.9,0,0
479,14343,16,3,3832,2,1,1,0,0,0,0,0,inatencion,0,0.79,1,0
479,14344,19,2,4475,1,1,1,0,0,0,0,0,inatencion,1,0.68,2,0
479,14345,13,2,2869,1,0,0,0,1,0,0,0,procedimiento,0,0.87,0,0
479,14346,16,2,4556,1,0,0,0,0,0,0,0,inatencion,0,0.76,1,0
479,14347,17,4,7343,1,0,0,0,0,0,0,0,inatencion,1,0.65,2,0
479,14348,13,2,3069,3,0,0,0,0,0,0,0,inatencion,1,0.4,3,0
479,14349,5,1,2256,1,0,0,0,1,0,0,0,procedimiento,0,0.83,0,0
479,14350,9,3,5215,3,1,0,0,0,0,0,0,inatencion,0,0.72,1,0
479,14351,10,3,4485,1,1,0,0,0,0,0,1,consigna,1,0.62,2,0
479,14352,13,1,2279,1,0,0,0,1,0,0,0,procedimiento,0,0.81,0,0
479,14353,15,2,3489,2,0,0,0,0,0,0,0,procedimiento,0,0.7,1,0
479,14354,5,1,2235,2,0,0,0,0,0,0,0,inatencion,1,0.59,2,0
479,14355,2,4,5091,1,1,0,0,0,0,0,1,inatencion,1,0.4,3,0
479,14356,17,2,3563,1,0,0,0,1,0,0,0,procedimiento,0,0.77,0,0
479,14357,7,2,4460,1,0,0,0,1,0,0,0,procedimiento,0,0.76,0,0
479,14358,17,2,3551,1,0,0,0,1,0,0,0,procedimiento,0,0.75,0,0
479,14359,12,3,3999,2,0,0,0,0,0,0,0,conceptual,0,0.64,1,0
479,14360,10,3,5508,1,0,0,0,1,0,0,0,procedimiento,0,0.73,0,0
479,14361,17,4,5940,3,1,0,0,0,0,0,0,aleatorio,0,0.62,1,0
479,14362,6,2,4988,1,0,0,0,0,0,0,0,inatencion,1,0.52,2,0
479,14363,3,2,3997,1,0,0,0,1,0,0,0,procedimiento,0,0.71,0,0
479,14364,9,1,4083,1,0,0,0,0,0,0,0,inatencion,0,0.6,1,0
479,14365,9,2,5989,1,0,0,0,1,0,0,0,procedimiento,0,0.69,0,0
479,14366,12,4,6134,1,1,0,0,0,0,0,0,procedimiento,0,0.58,1,0
479,14367,10,1,3749,1,0,0,0,1,0,0,0,procedimiento,0,0.67,0,0
479,14368,1,3,5036,1,1,0,0,1,0,0,0,procedimiento,0,0.66,0,0
479,14369,13,2,6372,1,1,0,0,0,0,0,0,conceptual,0,0.55,1,0
479,14370,8,4,6891,1,0,0,0,0,0,0,0,inatencion,1,0.44,2,0
480,14371,14,2,3023,1,0,0,0,1,2,0,0,procedimiento,0,0.56,0,0
480,14372,18,2,2434,1,1,2,0,0,2,0,0,procedimiento,0,0.46,1,0
480,14373,15,1,2192,1,0,0,0,1,0,0,0,procedimiento,0,0.55,0,0
480,14374,3,3,4695,1,0,0,0,0,3,0,0,conceptual,0,0.45,1,0
480,14375,18,3,3795,1,1,0,0,0,0,0,1,procedimiento,1,0.34,2,0
480,14376,18,1,2699,1,0,0,0,0,4,0,2,inatencion,1,0.23,3,0
480,14377,13,4,4423,1,0,0,0,1,0,0,0,procedimiento,0,0.53,0,0
480,14378,13,2,3315,1,0,0,0,0,1,0,0,consigna,0,0.42,1,0
480,14379,13,2,2818,1,0,0,0,1,0,0,0,procedimiento,0,0.52,0,0
480,14380,7,2,3422,1,0,0,0,1,1,0,0,procedimiento,0,0.51,0,0
480,14381,1,1,2557,2,0,0,0,0,3,0,0,conceptual,0,0.41,1,0
480,14382,18,1,1800,1,0,0,1,1,1,0,0,procedimiento,0,0.5,0,0
480,14383,9,4,5693,2,0,0,0,0,3,294,0,conceptual,1,0.4,1,0
480,14384,9,2,2416,1,0,0,0,1,1,44,0,procedimiento,1,0.49,0,0
480,14385,12,2,3673,1,0,0,0,0,1,642,0,inatencion,1,0.38,1,0
480,14386,19,2,2689,1,0,0,0,0,1,895,1,inatencion,1,0.28,2,0
480,14387,14,3,3081,1,0,0,0,1,1,225,0,procedimiento,1,0.47,0,0
480,14388,18,1,2253,1,0,0,0,1,0,196,0,procedimiento,1,0.47,0,0
480,14389,7,4,5123,1,0,0,0,1,4,731,0,procedimiento,1,0.46,0,0
480,14390,13,1,1743,1,0,0,1,0,0,197,0,aleatorio,1,0.36,1,0
480,14391,19,2,3682,2,0,0,0,0,3,72,1,conceptual,1,0.25,2,0
480,14392,4,2,3265,1,1,0,0,0,2,403,1,aleatorio,1,0.15,3,0
480,14393,2,1,2018,2,0,0,0,0,0,31,2,inatencion,1,0.15,4,0
480,14394,5,2,4209,1,0,0,0,1,5,334,0,procedimiento,1,0.43,0,0
480,14395,4,1,2939,1,1,1,0,1,2,796,0,procedimiento,1,0.43,0,0
480,14396,6,1,2232,1,0,0,0,1,1,606,0,procedimiento,1,0.42,0,0
480,14397,11,1,3697,1,1,0,0,0,1,533,0,conceptual,1,0.32,1,0
480,14398,4,2,2747,3,1,0,0,0,1,775,0,inatencion,1,0.21,2,0
480,14399,8,4,6534,1,1,0,0,1,1,517,0,procedimiento,1,0.41,0,0
480,14400,19,2,3973,1,0,0,0,0,1,21,2,procedimiento,1,0.3,1,0
481,14401,5,1,2095,3,0,0,0,0,0,0,0,procedimiento,0,0.77,1,0
481,14402,19,3,2881,2,0,0,0,0,0,0,1,inatencion,1,0.66,2,0
481,14403,14,2,2451,1,0,0,0,1,0,0,0,procedimiento,0,0.86,0,0
481,14404,7,1,1530,2,0,0,1,0,0,0,0,aleatorio,0,0.75,1,0
481,14405,13,1,1491,1,0,0,1,1,0,0,0,procedimiento,0,0.84,0,0
481,14406,12,2,3093,1,0,0,0,1,0,0,0,procedimiento,0,0.83,0,0
481,14407,1,2,2477,3,0,0,0,0,0,0,0,inatencion,0,0.72,1,0
481,14408,6,1,2267,1,0,0,0,0,0,0,0,inatencion,1,0.61,2,0
481,14409,9,3,2838,3,0,0,0,0,0,0,0,aleatorio,1,0.4,3,0
481,14410,3,2,2540,1,0,0,0,0,0,0,2,inatencion,1,0.39,4,0
481,14411,12,3,3799,1,0,0,0,1,0,0,0,procedimiento,0,0.79,0,0
481,14412,14,3,3230,1,0,0,0,0,0,0,0,aleatorio,0,0.68,1,0
481,14413,6,3,3938,3,0,0,0,0,0,0,1,procedimiento,1,0.57,2,0
481,14414,15,1,1446,2,0,0,1,0,0,0,1,aleatorio,1,0.4,3,0
481,14415,7,1,2394,1,0,0,0,1,0,0,0,procedimiento,0,0.75,0,0
481,14416,16,2,2130,1,1,0,0,1,0,0,0,procedimiento,0,0.74,0,0
481,14417,13,2,3037,2,0,0,0,0,0,0,0,inatencion,0,0.63,1,0
481,14418,19,3,3426,1,0,0,0,0,0,0,0,aleatorio,1,0.52,2,0
481,14419,17,3,3791,1,0,0,0,1,0,0,0,procedimiento,0,0.72,0,0
481,14420,1,3,2906,2,1,0,0,0,0,0,0,conceptual,0,0.61,1,0
481,14421,18,3,2774,1,0,0,0,0,0,0,2,inatencion,1,0.5,2,0
481,14422,1,3,4427,1,1,1,0,1,0,0,0,procedimiento,0,0.69,0,0
481,14423,4,3,5958,2,0,0,0,0,0,0,0,inatencion,0,0.58,1,0
481,14424,1,3,4603,1,1,0,0,0,0,0,0,conceptual,1,0.47,2,0
481,14425,8,2,3954,2,1,0,0,0,0,0,0,aleatorio,1,0.36,3,0
481,14426,4,2,3360,2,1,0,0,0,0,0,1,inatencion,1,0.25,4,0
481,14427,3,2,3261,2,0,0,0,0,0,0,0,inatencion,1,0.15,5,0
481,14428,16,2,2567,2,0,0,0,0,0,0,0,aleatorio,1,0.15,6,0
481,14429,6,2,2631,1,1,2,0,0,0,0,0,inatencion,1,0.15,7,0
481,14430,6,4,6734,1,0,0,0,0,0,0,0,inatencion,1,0.15,8,0
482,14431,1,1,1661,1,0,0,1,1,0,0,0,procedimiento,0,0.67,0,0
482,14432,10,1,1933,1,0,0,1,1,0,0,0,procedimiento,0,0.66,0,0
482,14433,11,1,2446,1,0,0,0,0,0,0,0,aleatorio,0,0.56,1,0
482,14434,17,4,4712,1,0,0,0,1,0,0,0,procedimiento,0,0.65,0,0
482,14435,5,2,2674,1,0,0,0,1,0,0,0,procedimiento,0,0.64,0,0
482,14436,11,1,2606,1,0,0,0,1,0,0,0,procedimiento,0,0.64,0,0
482,14437,2,1,2360,1,0,0,0,1,0,0,0,procedimiento,0,0.63,0,0
482,14438,5,4,4763,1,1,1,0,0,0,0,0,inatencion,0,0.52,1,0
482,14439,16,4,5718,1,0,0,0,0,0,0,1,inatencion,1,0.42,2,0
482,14440,4,4,4289,1,0,0,0,0,0,0,1,aleatorio,1,0.31,3,0
482,14441,13,4,3947,1,1,2,0,1,0,0,0,procedimiento,0,0.6,0,0
482,14442,18,1,2155,1,0,0,0,1,0,0,0,procedimiento,0,0.6,0,0
482,14443,15,3,3847,1,1,0,0,1,0,0,0,procedimiento,0,0.59,0,0
482,14444,11,2,2123,1,0,0,0,1,1,0,0,procedimiento,0,0.58,0,0
482,14445,5,3,3533,1,1,0,0,1,0,0,0,procedimiento,0,0.57,0,0
482,14446,7,2,3067,2,0,0,0,0,1,0,0,procedimiento,0,0.47,1,0
482,14447,2,2,2676,1,0,0,0,1,0,0,0,procedimiento,0,0.56,0,0
482,14448,4,3,4112,1,0,0,0,0,2,0,0,inatencion,0,0.45,1,0
482,14449,3,3,3243,1,1,1,0,1,0,0,0,procedimiento,0,0.55,0,0
482,14450,4,1,1850,1,0,0,1,0,0,0,0,inatencion,0,0.44,1,0
482,14451,3,4,4382,1,0,0,0,1,1,0,0,procedimiento,0,0.53,0,0
482,14452,7,1,2923,1,0,0,0,1,0,0,0,procedimiento,0,0.53,0,0
482,14453,17,4,3947,1,1,0,0,1,0,0,0,procedimiento,0,0.52,0,0
482,14454,17,3,4130,1,0,0,0,1,2,0,0,procedimiento,0,0.51,0,0
482,14455,4,2,3259,2,1,0,0,0,0,0,0,conceptual,0,0.41,1,0
482,14456,18,2,2432,1,1,1,0,0,0,0,2,inatencion,1,0.3,2,0
482,14457,13,3,5714,2,1,0,0,0,1,113,0,inatencion,1,0.19,3,0
482,14458,5,1,2526,1,0,0,0,1,5,1011,0,procedimiento,1,0.49,0,0
482,14459,9,3,5032,2,0,0,0,0,1,110,0,procedimiento,1,0.38,1,0
482,14460,8,3,3493,2,1,0,0,0,1,749,0,procedimiento,1,0.27,2,0
483,14461,17,4,4935,1,0,0,0,1,0,0,0,procedimiento,0,0.91,0,0
483,14462,2,3,4524,1,0,0,0,0,0,0,0,consigna,0,0.8,1,0
483,14463,7,3,4470,1,0,0,0,1,0,0,0,procedimiento,0,0.89,0,0
483,14464,2,3,4972,1,0,0,0,0,0,0,0,procedimiento,0,0.79,1,0
483,14465,13,4,4830,1,0,0,0,0,0,0,0,consigna,1,0.68,2,0
483,14466,9,2,2660,1,0,0,0,1,0,0,0,procedimiento,0,0.87,0,0
483,14467,15,3,5652,1,0,0,0,0,0,0,0,conceptual,0,0.76,1,0
483,14468,17,1,2735,3,1,0,0,0,0,0,0,inatencion,1,0.65,2,0
483,14469,2,3,5343,1,1,1,0,1,0,0,0,procedimiento,0,0.84,0,0
483,14470,3,2,4256,1,1,0,0,1,0,0,0,procedimiento,0,0.83,0,0
483,14471,14,2,4200,1,1,2,0,1,0,0,0,procedimiento,0,0.82,0,0
483,14472,12,2,2704,2,0,0,0,0,0,0,0,consigna,0,0.71,1,0
483,14473,6,3,5632,2,0,0,0,0,0,0,1,conceptual,1,0.6,2,0
483,14474,3,1,2178,2,0,0,0,0,0,0,0,inatencion,1,0.4,3,0
483,14475,10,4,6935,1,0,0,0,0,0,0,0,aleatorio,1,0.39,4,0
483,14476,16,2,3422,1,1,1,0,1,0,0,0,procedimiento,0,0.78,0,0
483,14477,19,2,3806,1,1,0,0,1,0,0,0,procedimiento,0,0.77,0,0
483,14478,18,2,2641,3,0,0,0,0,0,0,0,inatencion,0,0.66,1,0
483,14479,4,2,4292,1,0,0,0,1,0,0,0,procedimiento,0,0.75,0,0
483,14480,2,2,3501,2,0,0,0,0,0,0,0,inatencion,0,0.64,1,0
483,14481,14,2,3362,1,1,2,0,0,0,0,0,procedimiento,1,0.53,2,0
483,14482,12,3,3597,1,0,0,0,1,0,0,0,procedimiento,0,0.72,0,0
483,14483,10,2,2854,1,0,0,0,1,0,0,0,procedimiento,0,0.71,0,0
483,14484,10,2,4802,1,0,0,0,0,0,0,0,conceptual,0,0.6,1,0
483,14485,15,3,5566,2,0,0,0,0,0,0,1,conceptual,1,0.49,2,0
483,14486,14,4,6832,1,0,0,0,0,0,0,0,inatencion,1,0.38,3,0
483,14487,4,3,7588,1,0,0,0,1,0,0,0,procedimiento,0,0.68,0,0
483,14488,8,2,5548,2,0,0,0,0,0,0,0,consigna,0,0.57,1,0
483,14489,8,3,6743,1,1,0,0,1,0,0,0,procedimiento,0,0.66,0,0
483,14490,11,1,2749,1,0,0,0,1,0,0,0,procedimiento,0,0.65,0,0
484,14491,19,2,2228,1,0,0,0,0,3,1120,2,conceptual,1,0.19,1,0
484,14492,7,2,3385,1,0,0,0,0,2,632,1,aleatorio,1,0.15,2,0
484,14493,4,2,2185,1,0,0,0,1,3,448,1,procedimiento,1,0.28,0,0
484,14494,18,3,2566,1,1,0,0,1,0,114,0,procedimiento,1,0.28,0,0
484,14495,13,2,2781,1,0,0,0,0,0,174,3,consigna,1,0.17,1,0
484,14496,6,4,4861,1,1,1,0,1,4,370,2,procedimiento,1,0.27,0,0
484,14497,8,1,1999,2,0,0,1,0,5,332,1,aleatorio,1,0.17,1,0
484,14498,15,1,2006,1,1,2,0,0,1,100,2,procedimiento,1,0.15,2,0
484,14499,1,3,3505,2,0,0,0,0,3,45,1,inatencion,1,0.15,3,0
484,14500,7,3,4287,1,1,1,0,1,2,1620,2,procedimiento,1,0.26,0,0
484,14501,5,2,2224,1,1,0,0,0,2,3404,0,consigna,1,0.16,1,0
484,14502,10,2,3111,1,0,0,0,1,0,60,3,procedimiento,1,0.25,0,0
484,14503,17,3,3160,2,1,0,0,0,3,572,2,inatencion,1,0.15,1,0
484,14504,7,2,2242,3,1,0,0,0,2,110,3,conceptual,1,0.15,2,0
484,14505,12,1,1743,1,0,0,1,0,1,1096,2,inatencion,1,0.15,3,0
484,14506,16,2,2745,1,0,0,0,0,1,264,2,inatencion,1,0.15,4,0
484,14507,10,2,2019,1,0,0,0,1,1,546,1,procedimiento,1,0.24,0,0
484,14508,9,2,3286,3,0,0,0,0,1,286,0,consigna,1,0.15,1,0
484,14509,2,3,4234,2,1,0,0,0,5,84,2,consigna,1,0.15,2,0
484,14510,3,2,2913,1,0,0,0,0,3,2694,3,inatencion,1,0.15,3,0
484,14511,18,1,2220,1,0,0,0,1,4,979,1,procedimiento,1,0.23,0,0
484,14512,5,4,6358,1,1,0,0,0,3,496,2,procedimiento,1,0.15,1,0
484,14513,1,3,3583,3,1,2,0,0,1,391,0,consigna,1,0.15,2,0
484,14514,14,3,3401,2,1,1,0,0,2,1887,1,inatencion,1,0.15,3,0
484,14515,1,1,2338,1,0,0,0,1,3,853,3,procedimiento,1,0.22,0,0
484,14516,10,2,3182,1,0,0,0,1,3,1110,0,procedimiento,1,0.21,0,0
484,14517,10,3,3928,2,0,0,0,0,3,589,5,procedimiento,1,0.15,1,0
484,14518,10,3,5193,1,1,0,0,0,3,608,4,conceptual,1,0.15,2,0
484,14519,15,1,2540,1,0,0,0,1,3,661,0,procedimiento,1,0.21,0,0
484,14520,17,4,5573,1,0,0,0,1,5,156,0,procedimiento,1,0.2,0,0
485,14521,5,2,3214,1,0,0,0,1,0,0,0,procedimiento,0,0.61,0,0
485,14522,15,2,2720,1,0,0,0,0,0,0,0,conceptual,0,0.5,1,0
485,14523,1,2,3260,1,1,0,0,0,2,0,2,consigna,1,0.4,2,0
485,14524,3,2,2545,1,0,0,0,1,1,0,0,procedimiento,0,0.59,0,0
485,14525,14,2,2624,1,0,0,0,1,2,0,0,procedimiento,0,0.58,0,0
485,14526,14,2,2797,1,0,0,0,1,2,0,0,procedimiento,0,0.58,0,0
485,14527,5,1,2395,1,0,0,0,1,1,0,0,procedimiento,0,0.57,0,0
485,14528,12,3,3124,1,0,0,0,0,1,0,0,conceptual,0,0.46,1,0
485,14529,7,1,2277,1,0,0,0,1,4,0,0,procedimiento,0,0.56,0,0
485,14530,1,4,4730,1,0,0,0,1,0,0,0,procedimiento,0,0.55,0,0
485,14531,12,1,2111,1,0,0,0,0,0,0,0,conceptual,0,0.45,1,0
485,14532,8,4,3851,1,0,0,0,0,3,0,2,procedimiento,1,0.34,2,0
485,14533,1,3,4567,1,0,0,0,0,3,0,0,aleatorio,1,0.23,3,0
485,14534,3,2,2956,1,0,0,0,1,2,0,0,procedimiento,0,0.53,0,0
485,14535,9,1,2469,1,0,0,0,0,2,0,0,consigna,0,0.42,1,0
485,14536,17,2,2181,2,1,0,0,0,2,0,0,procedimiento,1,0.32,2,0
485,14537,5,2,3055,1,0,0,0,1,0,0,0,procedimiento,0,0.51,0,0
485,14538,18,3,3771,1,1,0,0,0,2,0,0,procedimiento,0,0.4,1,0
485,14539,19,1,2342,2,1,0,0,0,2,549,0,aleatorio,1,0.3,2,0
485,14540,11,2,3458,1,0,0,0,1,1,527,0,procedimiento,1,0.49,0,0
485,14541,17,4,5543,1,0,0,0,1,3,34,0,procedimiento,1,0.49,0,0
485,14542,16,2,2840,1,0,0,0,0,0,727,0,inatencion,1,0.38,1,0
485,14543,11,1,2279,1,0,0,0,1,1,510,0,procedimiento,1,0.47,0,0
485,14544,19,1,2421,2,0,0,0,0,1,856,0,conceptual,1,0.37,1,0
485,14545,19,1,2869,3,1,1,0,0,2,30,0,procedimiento,1,0.26,2,0
485,14546,10,4,7340,3,1,0,0,0,3,229,1,inatencion,1,0.16,3,0
485,14547,14,3,4236,1,0,0,0,1,2,563,0,procedimiento,1,0.45,0,0
485,14548,8,2,3794,3,1,2,0,0,5,187,0,consigna,1,0.34,1,0
485,14549,19,3,4251,2,0,0,0,0,1,369,5,conceptual,1,0.24,2,0
485,14550,19,1,3815,1,0,0,0,1,3,378,0,procedimiento,1,0.43,0,0
486,14551,5,1,2487,1,1,0,0,1,0,0,0,procedimiento,0,0.82,0,0
486,14552,3,3,3460,1,1,0,0,1,0,0,0,procedimiento,0,0.81,0,0
486,14553,17,2,2177,1,0,0,0,0,0,0,0,procedimiento,0,0.7,1,0
486,14554,3,3,4143,1,0,0,0,1,0,0,0,procedimiento,0,0.8,0,0
486,14555,7,4,4660,1,1,0,0,1,0,0,0,procedimiento,0,0.79,0,0
486,14556,10,3,3246,3,0,0,0,0,0,0,0,consigna,0,0.68,1,0
486,14557,18,4,5458,1,1,0,0,0,0,0,0,conceptual,1,0.57,2,0
486,14558,4,1,1928,1,1,2,1,1,0,0,0,procedimiento,0,0.76,0,0
486,14559,9,3,3424,1,1,0,0,1,0,0,0,procedimiento,0,0.76,0,0
486,14560,16,1,1651,1,0,0,1,1,0,0,0,procedimiento,0,0.75,0,0
486,14561,12,2,2869,1,0,0,0,1,0,0,0,procedimiento,0,0.74,0,0
486,14562,3,3,2546,2,1,0,0,0,0,0,0,conceptual,0,0.63,1,0
486,14563,19,3,3695,1,0,0,0,1,0,0,0,procedimiento,0,0.72,0,0
486,14564,12,3,3074,2,1,0,0,0,0,0,0,consigna,0,0.61,1,0
486,14565,3,4,4504,1,0,0,0,0,0,0,0,inatencion,1,0.51,2,0
486,14566,19,3,4529,1,1,1,0,0,0,0,0,aleatorio,1,0.4,3,0
486,14567,12,3,3042,1,1,2,0,0,0,0,1,inatencion,1,0.29,4,0
486,14568,18,2,3082,1,1,0,0,0,0,0,1,inatencion,1,0.18,5,0
486,14569,6,2,3043,3,1,0,0,0,0,0,1,aleatorio,1,0.15,6,0
486,14570,1,4,5390,1,1,0,0,1,0,0,0,procedimiento,0,0.66,0,0
486,14571,3,3,2888,3,1,0,0,0,0,0,0,conceptual,0,0.56,1,0
486,14572,3,4,6094,3,1,0,0,0,0,0,0,conceptual,1,0.45,2,0
486,14573,6,1,3645,1,0,0,0,1,0,0,0,procedimiento,0,0.64,0,0
486,14574,3,3,3413,1,1,0,0,1,0,0,0,procedimiento,0,0.63,0,0
486,14575,1,1,3086,1,1,2,0,0,0,0,0,inatencion,0,0.52,1,0
486,14576,8,3,4285,1,1,2,0,0,0,0,0,procedimiento,1,0.42,2,0
486,14577,7,3,4299,3,1,2,0,0,0,0,2,inatencion,1,0.31,3,0
486,14578,4,2,4772,1,0,0,0,1,2,0,0,procedimiento,0,0.6,0,0
486,14579,3,3,3319,1,0,0,0,1,1,0,0,procedimiento,0,0.59,0,0
486,14580,12,3,3219,2,0,0,0,0,2,0,0,procedimiento,0,0.48,1,0
487,14581,17,3,3155,1,1,0,0,0,0,0,0,conceptual,0,0.52,1,0
487,14582,4,3,3224,2,1,0,0,0,0,0,2,inatencion,1,0.41,2,0
487,14583,19,3,3424,1,0,0,0,0,0,0,0,inatencion,1,0.31,3,0
487,14584,15,2,1617,2,0,0,1,0,0,0,1,inatencion,1,0.2,4,0
487,14585,3,4,2912,3,0,0,0,0,1,0,0,inatencion,1,0.15,5,0
487,14586,11,4,2713,3,0,0,0,0,0,0,3,inatencion,1,0.15,6,0
487,14587,17,2,2180,1,0,0,0,0,0,0,0,aleatorio,1,0.15,7,0
487,14588,4,3,2862,2,0,0,0,0,1,0,0,inatencion,1,0.15,8,0
487,14589,8,4,4040,1,1,0,0,1,0,0,0,procedimiento,0,0.57,0,0
487,14590,7,3,2621,2,0,0,0,0,0,0,0,conceptual,0,0.46,1,0
487,14591,14,2,1593,1,1,0,1,1,1,0,0,procedimiento,0,0.56,0,0
487,14592,4,3,3222,1,1,0,0,1,5,0,0,procedimiento,0,0.55,0,0
487,14593,13,2,2356,1,1,0,0,1,0,0,0,procedimiento,0,0.55,0,0
487,14594,16,2,2232,1,1,0,0,1,1,0,0,procedimiento,0,0.54,0,0
487,14595,16,1,1383,1,0,0,1,1,0,0,0,procedimiento,0,0.53,0,0
487,14596,17,2,2655,3,0,0,0,0,1,0,0,procedimiento,0,0.43,1,0
487,14597,18,1,1471,1,0,0,1,1,1,0,0,procedimiento,0,0.52,0,0
487,14598,3,1,1187,1,0,0,1,1,0,0,0,procedimiento,0,0.51,0,0
487,14599,2,4,3332,1,0,0,0,0,2,0,0,consigna,0,0.41,1,0
487,14600,3,1,1345,1,0,0,1,1,2,0,0,procedimiento,0,0.5,0,0
487,14601,9,4,3755,2,0,0,0,0,2,304,0,conceptual,1,0.4,1,0
487,14602,14,2,2390,2,0,0,0,0,0,51,0,inatencion,1,0.29,2,0
487,14603,10,4,3282,1,0,0,0,0,1,496,0,aleatorio,1,0.18,3,0
487,14604,7,4,6219,1,0,0,0,0,3,917,3,aleatorio,1,0.15,4,0
487,14605,17,1,1676,1,0,0,1,0,1,164,3,inatencion,1,0.15,5,0
487,14606,10,1,1914,3,0,0,1,0,3,147,0,inatencion,1,0.15,6,0
487,14607,17,3,2423,2,1,0,0,0,0,61,1,inatencion,1,0.15,7,0
487,14608,19,1,2388,1,0,0,0,1,1,511,0,procedimiento,1,0.45,0,0
487,14609,14,2,3369,1,0,0,0,1,1,33,0,procedimiento,1,0.45,0,0
487,14610,16,3,3861,2,0,0,0,0,3,98,0,procedimiento,1,0.34,1,0
488,14611,10,1,1386,1,0,0,1,1,0,0,0,procedimiento,0,0.65,0,0
488,14612,3,1,1646,3,0,0,1,0,0,0,0,inatencion,0,0.55,1,0
488,14613,19,1,2087,1,0,0,0,1,0,0,0,procedimiento,0,0.64,0,0
488,14614,12,3,3553,2,0,0,0,0,0,0,0,procedimiento,0,0.53,1,0
488,14615,17,2,2001,1,0,0,0,1,0,0,0,procedimiento,0,0.63,0,0
488,14616,8,2,2943,1,0,0,0,1,0,0,0,procedimiento,0,0.62,0,0
488,14617,4,4,3384,1,0,0,0,1,0,0,0,procedimiento,0,0.61,0,0
488,14618,19,3,3973,3,0,0,0,0,0,0,0,conceptual,0,0.51,1,0
488,14619,5,3,2296,1,0,0,0,1,1,0,0,procedimiento,0,0.6,0,0
488,14620,9,3,3699,1,0,0,0,0,0,0,0,conceptual,0,0.49,1,0
488,14621,19,4,3404,1,1,1,0,1,1,0,0,procedimiento,0,0.59,0,0
488,14622,8,3,3242,3,1,0,0,0,1,0,0,conceptual,0,0.48,1,0
488,14623,13,3,2968,2,1,0,0,0,0,0,0,inatencion,1,0.37,2,0
488,14624,2,2,3019,2,0,0,0,0,1,0,1,inatencion,1,0.27,3,0
488,14625,6,2,1857,1,1,0,1,0,1,0,0,inatencion,1,0.16,4,0
488,14626,8,2,2854,2,0,0,0,0,0,0,0,inatencion,1,0.15,5,0
488,14627,16,2,3090,1,1,0,0,1,1,0,0,procedimiento,0,0.55,0,0
488,14628,19,4,3308,1,1,1,0,0,2,0,0,conceptual,0,0.44,1,0
488,14629,19,1,1537,1,0,0,1,1,2,0,0,procedimiento,0,0.53,0,0
488,14630,10,2,3032,1,0,0,0,1,1,0,0,procedimiento,0,0.53,0,0
488,14631,3,1,1835,2,0,0,1,0,2,0,0,inatencion,0,0.42,1,0
488,14632,4,1,1634,1,0,0,1,1,1,0,0,procedimiento,0,0.52,0,0
488,14633,6,2,2618,1,0,0,0,1,0,0,0,procedimiento,0,0.51,0,0
488,14634,1,3,3636,1,0,0,0,1,2,0,0,procedimiento,0,0.5,0,0
488,14635,14,2,2725,1,1,0,0,1,4,25,0,procedimiento,1,0.5,0,0
488,14636,6,3,4030,1,0,0,0,1,1,26,0,procedimiento,1,0.49,0,0
488,14637,2,2,2236,1,0,0,0,1,1,269,0,procedimiento,1,0.48,0,0
488,14638,9,1,2431,1,0,0,0,1,2,202,0,procedimiento,1,0.48,0,0
488,14639,10,4,4337,3,1,1,0,0,2,187,0,procedimiento,1,0.37,1,0
488,14640,2,1,2136,1,0,0,0,1,1,219,0,procedimiento,1,0.46,0,0
489,14641,16,1,2249,1,0,0,0,0,0,0,0,conceptual,0,0.46,1,0
489,14642,3,3,4429,2,1,0,0,0,1,0,0,procedimiento,1,0.35,2,0
489,14643,19,2,2298,1,0,0,0,0,1,0,0,aleatorio,1,0.25,3,0
489,14644,3,2,3532,1,0,0,0,0,1,0,0,aleatorio,1,0.15,4,0
489,14645,1,2,2338,1,0,0,0,0,0,0,2,aleatorio,1,0.15,5,0
489,14646,13,4,3644,3,1,0,0,0,0,0,0,aleatorio,1,0.15,6,0
489,14647,2,3,4037,1,1,1,0,0,3,0,1,inatencion,1,0.15,7,0
489,14648,4,3,3696,1,1,0,0,0,2,0,0,aleatorio,1,0.15,8,0
489,14649,16,3,3747,1,1,0,0,1,6,0,0,procedimiento,0,0.51,0,0
489,14650,6,3,3740,2,1,0,0,0,2,0,0,consigna,0,0.41,1,0
489,14651,9,2,2240,1,0,0,0,0,1,0,3,conceptual,1,0.3,2,0
489,14652,5,2,2472,1,0,0,0,1,3,383,0,procedimiento,1,0.5,0,0
489,14653,1,2,2923,2,0,0,0,0,0,769,0,aleatorio,1,0.39,1,0
489,14654,8,4,5422,1,0,0,0,0,3,673,3,consigna,1,0.28,2,0
489,14655,9,3,3094,1,0,0,0,0,3,1143,1,inatencion,1,0.18,3,0
489,14656,12,4,5548,2,0,0,0,0,1,54,0,inatencion,1,0.15,4,0
489,14657,10,1,2219,1,1,0,0,1,2,302,0,procedimiento,1,0.47,0,0
489,14658,10,1,1581,1,0,0,1,1,1,746,0,procedimiento,1,0.46,0,0
489,14659,9,3,2550,1,1,2,0,0,2,305,0,conceptual,1,0.36,1,0
489,14660,9,3,3033,1,1,0,0,1,2,55,0,procedimiento,1,0.45,0,0
489,14661,18,1,1951,1,0,0,1,1,1,139,0,procedimiento,1,0.45,0,0
489,14662,12,3,3283,2,0,0,0,0,1,72,0,inatencion,1,0.34,1,0
489,14663,10,4,5630,3,1,0,0,0,0,592,1,conceptual,1,0.23,2,0
489,14664,14,2,2810,2,0,0,0,0,1,116,1,aleatorio,1,0.15,3,0
489,14665,2,3,5595,1,1,0,0,0,2,816,0,inatencion,1,0.15,4,0
489,14666,7,4,6135,1,1,2,0,0,3,847,0,inatencion,1,0.15,5,0
489,14667,16,3,6147,3,1,0,0,0,3,37,0,inatencion,1,0.15,6,0
489,14668,19,4,5783,1,0,0,0,0,3,35,2,aleatorio,1,0.15,7,0
489,14669,5,1,2357,1,0,0,0,0,2,91,0,inatencion,1,0.15,8,0
489,14670,4,3,4640,1,1,0,0,0,1,118,0,aleatorio,1,0.15,9,0
490,14671,3,2,2877,1,0,0,0,1,0,0,0,procedimiento,0,0.98,0,0
490,14672,6,3,4484,1,0,0,0,1,0,0,0,procedimiento,0,0.98,0,0
490,14673,11,2,3223,1,1,0,0,1,0,0,0,procedimiento,0,0.97,0,0
490,14674,9,3,2980,1,1,0,0,1,0,0,0,procedimiento,0,0.96,0,0
490,14675,15,2,3230,1,1,2,0,1,0,0,0,procedimiento,0,0.95,0,0
490,14676,4,4,4130,1,1,0,0,1,0,0,0,procedimiento,0,0.94,0,0
490,14677,6,3,3742,1,0,0,0,1,0,0,0,procedimiento,0,0.93,0,0
490,14678,4,1,2228,1,0,0,0,1,0,0,0,procedimiento,0,0.92,0,0
490,14679,18,4,4813,1,1,0,0,1,0,0,0,procedimiento,0,0.91,0,0
490,14680,15,2,2618,1,1,0,0,1,0,0,0,procedimiento,0,0.9,0,0
490,14681,1,3,2852,1,0,0,0,1,0,0,0,procedimiento,0,0.89,0,0
490,14682,14,4,4748,1,1,0,0,1,0,0,0,procedimiento,0,0.88,0,0
490,14683,6,2,2770,1,0,0,0,1,0,0,0,procedimiento,0,0.87,0,0
490,14684,9,2,2253,1,1,2,0,1,0,0,0,procedimiento,0,0.86,0,0
490,14685,18,1,2412,1,1,0,0,1,0,0,0,procedimiento,0,0.85,0,0
490,14686,14,2,3197,2,1,0,0,0,0,0,0,conceptual,0,0.74,1,0
490,14687,14,1,2120,1,0,0,0,0,0,0,1,procedimiento,1,0.63,2,0
490,14688,8,3,4203,1,1,0,0,1,0,0,0,procedimiento,0,0.82,0,0
490,14689,4,2,3531,1,0,0,0,1,0,0,0,procedimiento,0,0.81,0,0
490,14690,18,2,2441,1,0,0,0,0,0,0,0,procedimiento,0,0.7,1,0
490,14691,2,3,4260,1,1,0,0,0,0,0,1,inatencion,1,0.59,2,0
490,14692,7,3,4476,1,0,0,0,1,0,0,0,procedimiento,0,0.78,0,0
490,14693,4,1,1738,1,0,0,1,1,0,0,0,procedimiento,0,0.77,0,0
490,14694,6,1,2227,1,0,0,0,1,0,0,0,procedimiento,0,0.77,0,0
490,14695,7,4,4968,2,1,0,0,0,0,0,0,inatencion,0,0.66,1,0
490,14696,14,2,2038,2,0,0,0,0,0,0,1,aleatorio,1,0.55,2,0
490,14697,8,2,4553,2,0,0,0,0,0,0,0,inatencion,1,0.4,3,0
490,14698,17,2,3364,3,1,0,0,0,0,0,0,inatencion,1,0.33,4,0
490,14699,8,2,2419,1,0,0,0,1,0,0,0,procedimiento,0,0.72,0,0
490,14700,19,4,4485,1,1,0,0,0,0,0,0,consigna,0,0.61,1,0
491,14701,6,2,3224,1,0,0,0,1,0,0,0,procedimiento,0,0.81,0,0
491,14702,13,2,2235,1,1,1,0,0,0,0,0,procedimiento,0,0.7,1,0
491,14703,3,2,2345,1,0,0,0,1,0,0,0,procedimiento,0,0.79,0,0
491,14704,5,3,2462,1,0,0,0,1,0,0,0,procedimiento,0,0.78,0,0
491,14705,2,4,4534,1,1,0,0,1,0,0,0,procedimiento,0,0.77,0,0
491,14706,18,3,4330,2,1,1,0,0,0,0,0,conceptual,0,0.67,1,0
491,14707,16,3,3054,1,0,0,0,0,0,0,1,inatencion,1,0.56,2,0
491,14708,19,2,2401,1,1,0,0,1,0,0,0,procedimiento,0,0.75,0,0
491,14709,19,1,2281,1,1,0,0,1,0,0,0,procedimiento,0,0.74,0,0
491,14710,11,3,4065,1,0,0,0,0,0,0,0,procedimiento,0,0.63,1,0
491,14711,14,1,1813,1,0,0,1,1,0,0,0,procedimiento,0,0.73,0,0
491,14712,7,2,3036,1,0,0,0,1,0,0,0,procedimiento,0,0.72,0,0
491,14713,10,1,2193,1,0,0,0,0,0,0,0,conceptual,0,0.61,1,0
491,14714,6,3,3333,3,1,0,0,0,0,0,2,procedimiento,1,0.5,2,0
491,14715,17,4,4773,1,1,1,0,1,0,0,0,procedimiento,0,0.69,0,0
491,14716,3,3,3901,1,1,0,0,0,0,0,0,procedimiento,0,0.59,1,0
491,14717,8,2,2294,1,1,1,0,0,0,0,1,procedimiento,1,0.48,2,0
491,14718,3,2,3369,1,0,0,0,1,0,0,0,procedimiento,0,0.67,0,0
491,14719,13,1,2030,2,0,0,0,0,0,0,0,inatencion,0,0.56,1,0
491,14720,8,2,2648,1,1,0,0,0,0,0,0,procedimiento,1,0.45,2,0
491,14721,15,4,3505,1,1,1,0,0,0,0,0,inatencion,1,0.35,3,0
491,14722,11,3,5687,1,0,0,0,1,0,0,0,procedimiento,0,0.64,0,0
491,14723,11,2,4178,1,0,0,0,1,0,0,0,procedimiento,0,0.63,0,0
491,14724,17,1,2439,1,1,0,0,1,0,0,0,procedimiento,0,0.62,0,0
491,14725,8,2,2714,1,0,0,0,0,0,0,0,inatencion,0,0.51,1,0
491,14726,7,2,2888,2,0,0,0,0,0,0,1,procedimiento,1,0.41,2,0
491,14727,17,3,4532,1,1,0,0,0,2,0,1,inatencion,1,0.3,3,0
491,14728,8,3,2974,1,1,0,0,0,1,0,0,inatencion,1,0.19,4,0
491,14729,13,2,2067,1,0,0,0,1,0,0,0,procedimiento,0,0.58,0,0
491,14730,3,3,3245,2,1,1,0,0,0,0,0,inatencion,0,0.47,1,0
492,14731,18,2,2411,1,1,1,0,1,1,0,0,procedimiento,0,0.51,0,0
492,14732,19,3,4171,1,1,1,0,1,2,0,0,procedimiento,0,0.51,0,0
492,14733,1,2,2942,2,0,0,0,0,1,0,0,inatencion,0,0.4,1,0
492,14734,14,1,1493,1,0,0,1,1,0,310,0,procedimiento,1,0.5,0,0
492,14735,18,3,2870,1,1,2,0,0,2,51,0,inatencion,1,0.39,1,0
492,14736,13,1,2403,1,1,0,0,1,0,338,0,procedimiento,1,0.49,0,0
492,14737,9,3,2580,1,0,0,0,1,2,953,0,procedimiento,1,0.48,0,0
492,14738,8,1,2270,1,0,0,0,1,3,118,0,procedimiento,1,0.48,0,0
492,14739,10,3,4417,2,1,1,0,0,2,1139,0,inatencion,1,0.37,1,0
492,14740,17,4,4877,1,0,0,0,1,2,578,0,procedimiento,1,0.47,0,0
492,14741,11,3,2975,1,0,0,0,0,4,813,0,procedimiento,1,0.36,1,0
492,14742,14,1,1493,1,0,0,1,1,2,733,0,procedimiento,1,0.46,0,0
492,14743,19,3,3839,1,1,0,0,0,1,1336,0,consigna,1,0.35,1,0
492,14744,9,1,2427,1,0,0,0,0,0,347,1,inatencion,1,0.25,2,0
492,14745,13,2,2411,1,0,0,0,1,0,569,0,procedimiento,1,0.44,0,0
492,14746,5,3,2543,1,0,0,0,1,2,45,0,procedimiento,1,0.44,0,0
492,14747,4,2,2507,1,1,2,0,1,1,544,0,procedimiento,1,0.43,0,0
492,14748,3,2,2983,1,0,0,0,1,1,27,0,procedimiento,1,0.43,0,0
492,14749,15,2,2013,2,0,0,0,0,2,472,0,procedimiento,1,0.32,1,0
492,14750,7,3,2929,1,0,0,0,0,1,514,2,inatencion,1,0.22,2,0
492,14751,5,4,5386,2,1,0,0,0,2,737,1,inatencion,1,0.15,3,0
492,14752,6,2,3905,1,0,0,0,1,0,76,0,procedimiento,1,0.4,0,0
492,14753,1,1,2377,1,0,0,0,1,1,144,0,procedimiento,1,0.4,0,0
492,14754,14,4,4543,1,0,0,0,0,1,223,1,conceptual,1,0.29,1,0
492,14755,10,1,3082,1,0,0,0,1,3,188,0,procedimiento,1,0.39,0,0
492,14756,4,1,2260,1,0,0,0,1,2,288,0,procedimiento,1,0.38,0,0
492,14757,7,3,4359,1,0,0,0,0,4,842,0,conceptual,1,0.28,1,0
492,14758,17,3,3084,1,1,1,0,1,3,226,3,procedimiento,1,0.37,0,0
492,14759,17,1,2208,1,0,0,0,1,3,548,0,procedimiento,1,0.37,0,0
492,14760,13,1,2840,1,1,0,0,1,8,1349,3,procedimiento,1,0.36,0,0
493,14761,2,3,3584,2,0,0,0,0,0,0,0,aleatorio,0,0.75,1,0
493,14762,16,2,1990,1,1,2,1,1,0,0,0,procedimiento,0,0.84,0,0
493,14763,4,4,3037,1,0,0,0,1,0,0,0,procedimiento,0,0.83,0,0
493,14764,16,2,2152,1,0,0,0,1,0,0,0,procedimiento,0,0.82,0,0
493,14765,13,4,4488,1,1,0,0,0,0,0,0,inatencion,0,0.71,1,0
493,14766,3,3,2558,1,1,1,0,0,0,0,1,procedimiento,1,0.6,2,0
493,14767,4,4,3158,1,0,0,0,1,0,0,0,procedimiento,0,0.79,0,0
493,14768,5,2,2079,1,0,0,0,0,0,0,0,inatencion,0,0.69,1,0
493,14769,4,1,1441,1,0,0,1,1,0,0,0,procedimiento,0,0.78,0,0
493,14770,13,1,1749,1,0,0,1,1,0,0,0,procedimiento,0,0.77,0,0
493,14771,6,2,1978,1,0,0,1,1,0,0,0,procedimiento,0,0.76,0,0
493,14772,15,3,3677,2,0,0,0,0,0,0,0,consigna,0,0.65,1,0
493,14773,12,4,4095,1,0,0,0,1,0,0,0,procedimiento,0,0.74,0,0
493,14774,16,2,2376,1,0,0,0,1,0,0,0,procedimiento,0,0.74,0,0
493,14775,17,2,1747,1,0,0,1,1,0,0,0,procedimiento,0,0.73,0,0
493,14776,13,1,1809,1,0,0,1,1,0,0,0,procedimiento,0,0.72,0,0
493,14777,19,1,1803,1,0,0,1,1,0,0,0,procedimiento,0,0.71,0,0
493,14778,3,2,2046,1,1,0,0,1,0,0,0,procedimiento,0,0.7,0,0
493,14779,14,1,1399,1,1,0,1,0,0,0,0,aleatorio,0,0.59,1,0
493,14780,17,3,2665,1,1,0,0,1,0,0,0,procedimiento,0,0.68,0,0
493,14781,14,1,1670,2,0,0,1,0,0,0,0,inatencion,0,0.58,1,0
493,14782,10,2,2828,1,1,0,0,1,0,0,0,procedimiento,0,0.67,0,0
493,14783,14,4,4371,1,0,0,0,1,0,0,0,procedimiento,0,0.66,0,0
493,14784,7,2,2794,1,0,0,0,1,0,0,0,procedimiento,0,0.65,0,0
493,14785,15,4,6066,1,0,0,0,0,0,0,0,inatencion,0,0.54,1,0
493,14786,8,1,3009,1,0,0,0,1,0,0,0,procedimiento,0,0.63,0,0
493,14787,15,1,1628,1,0,0,1,1,0,0,0,procedimiento,0,0.63,0,0
493,14788,14,3,4955,1,0,0,0,0,0,0,0,conceptual,0,0.52,1,0
493,14789,14,4,4796,1,1,0,0,0,0,0,2,procedimiento,1,0.41,2,0
493,14790,14,2,3092,1,1,0,0,1,0,0,0,procedimiento,0,0.6,0,0
494,14791,11,2,4397,1,0,0,0,1,0,0,0,procedimiento,0,0.8,0,0
494,14792,12,3,5538,1,1,0,0,1,0,0,0,procedimiento,0,0.8,0,0
494,14793,1,4,6451,1,0,0,0,1,0,0,0,procedimiento,0,0.79,0,0
494,14794,2,4,5270,2,1,0,0,0,0,0,0,conceptual,0,0.68,1,0
494,14795,2,2,2988,1,0,0,0,1,0,0,0,procedimiento,0,0.77,0,0
494,14796,16,2,4444,1,0,0,0,1,0,0,0,procedimiento,0,0.76,0,0
494,14797,16,4,5876,1,0,0,0,1,0,0,0,procedimiento,0,0.76,0,0
494,14798,2,2,2924,1,0,0,0,1,0,0,0,procedimiento,0,0.75,0,0
494,14799,19,2,3579,1,1,2,0,0,0,0,0,consigna,0,0.64,1,0
494,14800,17,3,5794,1,0,0,0,1,0,0,0,procedimiento,0,0.73,0,0
494,14801,9,3,3500,2,1,0,0,0,0,0,0,conceptual,0,0.62,1,0
494,14802,7,2,2725,1,0,0,0,0,0,0,1,consigna,1,0.52,2,0
494,14803,6,3,5556,1,1,0,0,1,0,0,0,procedimiento,0,0.71,0,0
494,14804,14,2,2931,1,0,0,0,1,0,0,0,procedimiento,0,0.7,0,0
494,14805,17,4,5511,2,1,0,0,0,0,0,0,inatencion,0,0.59,1,0
494,14806,7,3,5456,2,1,0,0,0,0,0,1,conceptual,1,0.48,2,0
494,14807,19,2,3838,3,1,0,0,0,0,0,0,aleatorio,1,0.37,3,0
494,14808,17,1,2650,1,0,0,0,1,0,0,0,procedimiento,0,0.67,0,0
494,14809,19,4,6592,1,1,2,0,1,0,0,0,procedimiento,0,0.66,0,0
494,14810,3,1,3317,1,0,0,0,1,0,0,0,procedimiento,0,0.65,0,0
494,14811,4,3,5617,1,0,0,0,1,0,0,0,procedimiento,0,0.64,0,0
494,14812,13,2,5909,1,0,0,0,1,0,0,0,procedimiento,0,0.63,0,0
494,14813,15,1,4303,1,0,0,0,0,0,0,0,conceptual,0,0.53,1,0
494,14814,16,4,6511,1,1,0,0,1,0,0,0,procedimiento,0,0.62,0,0
494,14815,9,2,5422,1,1,1,0,0,0,0,0,conceptual,0,0.51,1,0
494,14816,19,3,4053,1,0,0,0,1,0,0,0,procedimiento,0,0.6,0,0
494,14817,4,1,3423,1,0,0,0,1,3,0,0,procedimiento,0,0.59,0,0
494,14818,12,3,5286,2,0,0,0,0,1,0,0,conceptual,0,0.49,1,0
494,14819,2,2,5177,1,0,0,0,0,4,0,1,conceptual,1,0.38,2,0
494,14820,18,2,4020,2,0,0,0,0,1,0,1,inatencion,1,0.27,3,0
495,14821,19,2,2526,2,1,0,0,0,0,0,0,inatencion,0,0.85,1,0
495,14822,12,2,3208,1,0,0,0,0,0,0,0,conceptual,1,0.74,2,0
495,14823,10,4,4051,2,0,0,0,0,0,0,1,aleatorio,1,0.4,3,0
495,14824,8,2,3126,3,0,0,0,0,0,0,0,aleatorio,1,0.4,4,0
495,14825,5,3,3241,2,1,1,0,0,0,0,0,aleatorio,1,0.4,5,0
495,14826,8,4,3441,1,0,0,0,0,0,0,0,aleatorio,1,0.3,6,0
495,14827,8,2,3436,2,0,0,0,0,0,0,0,inatencion,1,0.19,7,0
495,14828,15,2,2793,1,0,0,0,0,0,0,1,inatencion,1,0.15,8,0
495,14829,16,2,2311,1,0,0,0,1,0,0,0,procedimiento,0,0.87,0,0
495,14830,13,1,1923,1,0,0,1,1,0,0,0,procedimiento,0,0.86,0,0
495,14831,16,2,3252,2,1,2,0,0,0,0,0,conceptual,0,0.75,1,0
495,14832,19,2,2525,2,0,0,0,0,0,0,0,conceptual,1,0.64,2,0
495,14833,11,4,4878,1,0,0,0,0,0,0,0,inatencion,1,0.4,3,0
495,14834,9,1,2121,1,0,0,0,1,0,0,0,procedimiento,0,0.82,0,0
495,14835,1,2,2092,2,1,2,0,0,0,0,0,inatencion,0,0.71,1,0
495,14836,19,1,2373,1,0,0,0,1,0,0,0,procedimiento,0,0.8,0,0
495,14837,5,2,3232,3,0,0,0,0,0,0,0,conceptual,0,0.69,1,0
495,14838,5,2,2019,1,0,0,0,1,0,0,0,procedimiento,0,0.79,0,0
495,14839,19,4,3766,2,0,0,0,0,0,0,0,procedimiento,0,0.68,1,0
495,14840,19,2,3062,2,0,0,0,0,0,0,0,consigna,1,0.57,2,0
495,14841,12,2,2390,1,0,0,0,1,0,0,0,procedimiento,0,0.76,0,0
495,14842,1,2,2543,1,1,1,0,0,0,0,0,inatencion,0,0.65,1,0
495,14843,9,2,2944,1,1,2,0,0,0,0,4,inatencion,1,0.54,2,0
495,14844,12,1,2596,2,0,0,0,0,0,0,0,inatencion,1,0.4,3,0
495,14845,14,2,2245,1,0,0,0,0,0,0,0,aleatorio,1,0.32,4,0
495,14846,13,2,3920,1,1,0,0,0,0,0,0,inatencion,1,0.21,5,0
495,14847,7,3,3743,3,0,0,0,0,0,0,1,aleatorio,1,0.15,6,0
495,14848,3,3,3656,2,1,0,0,0,0,0,3,aleatorio,1,0.15,7,0
495,14849,13,2,3256,1,1,1,0,0,0,0,0,aleatorio,1,0.15,8,0
495,14850,18,2,3257,1,0,0,0,0,0,0,1,inatencion,1,0.15,9,0
496,14851,5,4,4309,1,1,3,0,0,0,0,0,conceptual,0,0.67,1,0
496,14852,14,3,3269,1,0,0,0,1,0,0,0,procedimiento,0,0.76,0,0
496,14853,4,3,3761,1,0,0,0,0,0,0,0,conceptual,0,0.65,1,0
496,14854,17,2,2829,1,0,0,0,0,0,0,0,conceptual,1,0.54,2,0
496,14855,10,4,4039,3,0,0,0,0,0,0,0,inatencion,1,0.4,3,0
496,14856,15,2,3346,2,1,0,0,0,0,0,1,inatencion,1,0.33,4,0
496,14857,6,2,2795,1,1,0,0,1,0,0,0,procedimiento,0,0.72,0,0
496,14858,4,4,4594,1,0,0,0,0,0,0,0,procedimiento,0,0.61,1,0
496,14859,19,3,4477,1,0,0,0,0,0,0,1,procedimiento,1,0.5,2,0
496,14860,9,2,3942,1,1,1,0,0,0,0,0,inatencion,1,0.4,3,0
496,14861,14,3,4007,2,1,0,0,0,0,0,1,aleatorio,1,0.29,4,0
496,14862,13,2,3456,2,1,0,0,0,0,0,0,aleatorio,1,0.18,5,0
496,14863,12,2,3293,2,1,1,0,0,0,0,3,inatencion,1,0.15,6,0
496,14864,1,2,3602,3,0,0,0,0,0,0,2,inatencion,1,0.15,7,0
496,14865,17,2,3974,1,0,0,0,0,0,0,2,inatencion,1,0.15,8,0
496,14866,7,3,4331,1,0,0,0,0,0,0,1,inatencion,1,0.15,9,0
496,14867,3,2,2628,1,1,0,0,0,0,0,0,inatencion,1,0.15,10,0
496,14868,8,2,3235,1,0,0,0,0,0,0,1,inatencion,1,0.15,11,0
496,14869,8,2,3378,1,0,0,0,0,0,0,0,inatencion,1,0.15,12,0
496,14870,9,3,3323,2,1,0,0,0,0,0,0,inatencion,1,0.15,13,0
496,14871,16,2,3036,1,1,1,0,0,0,0,2,inatencion,1,0.15,14,0
496,14872,9,3,7284,2,0,0,0,0,0,0,0,inatencion,1,0.15,15,0
496,14873,19,3,3934,2,0,0,0,0,0,0,2,inatencion,1,0.15,16,0
496,14874,9,1,2420,1,1,0,0,1,1,0,0,procedimiento,0,0.59,0,0
496,14875,7,2,3531,1,1,0,0,0,0,0,0,procedimiento,0,0.48,1,0
496,14876,7,3,3725,1,1,0,0,0,1,0,2,inatencion,1,0.37,2,0
496,14877,4,3,3825,1,0,0,0,0,4,0,0,aleatorio,1,0.27,3,0
496,14878,7,1,2794,1,0,0,0,1,1,0,0,procedimiento,0,0.56,0,0
496,14879,15,2,4168,1,1,0,0,0,1,0,0,inatencion,0,0.45,1,0
496,14880,11,3,6832,2,0,0,0,0,0,0,1,inatencion,1,0.34,2,0
497,14881,17,2,2241,1,0,0,0,0,0,0,0,conceptual,0,0.53,1,0
497,14882,12,3,3667,1,0,0,0,1,0,0,0,procedimiento,0,0.63,0,0
497,14883,15,2,2235,1,1,0,0,0,0,0,0,consigna,0,0.52,1,0
497,14884,14,2,1850,1,0,0,1,0,0,0,1,aleatorio,1,0.41,2,0
497,14885,11,2,1973,2,0,0,1,0,0,0,0,inatencion,1,0.31,3,0
497,14886,12,2,2722,1,0,0,0,1,0,0,0,procedimiento,0,0.6,0,0
497,14887,2,3,2840,2,0,0,0,0,1,0,0,consigna,0,0.49,1,0
497,14888,7,3,2370,3,0,0,0,0,0,0,2,inatencion,1,0.39,2,0
497,14889,9,2,1735,1,0,0,1,1,0,0,0,procedimiento,0,0.58,0,0
497,14890,2,2,2180,1,1,0,0,0,3,0,0,inatencion,0,0.48,1,0
497,14891,10,2,2280,1,0,0,0,1,0,0,0,procedimiento,0,0.57,0,0
497,14892,15,2,2592,1,0,0,0,1,1,0,0,procedimiento,0,0.56,0,0
497,14893,14,2,2586,1,1,0,0,0,2,0,0,procedimiento,0,0.46,1,0
497,14894,3,1,1513,1,0,0,1,1,0,0,0,procedimiento,0,0.55,0,0
497,14895,2,2,1650,2,0,0,1,0,1,0,0,aleatorio,0,0.44,1,0
497,14896,17,3,2804,2,0,0,0,0,2,0,4,procedimiento,1,0.34,2,0
497,14897,14,4,3739,2,1,0,0,0,0,0,1,inatencion,1,0.23,3,0
497,14898,10,1,1660,2,0,0,1,0,0,0,1,inatencion,1,0.15,4,0
497,14899,18,3,2361,1,0,0,0,0,1,0,0,inatencion,1,0.15,5,0
497,14900,14,2,2253,1,1,0,0,0,3,0,1,inatencion,1,0.15,6,0
497,14901,6,2,2026,1,1,0,0,1,0,0,0,procedimiento,0,0.51,0,0
497,14902,9,2,1959,1,0,0,1,1,1,1705,0,procedimiento,1,0.5,0,0
497,14903,10,2,2639,1,0,0,0,0,3,61,0,consigna,1,0.39,1,0
497,14904,13,1,2368,1,0,0,0,1,1,326,0,procedimiento,1,0.49,0,0
497,14905,12,2,2678,1,0,0,0,0,2,733,0,consigna,1,0.38,1,0
497,14906,8,2,3325,1,0,0,0,1,4,521,0,procedimiento,1,0.47,0,0
497,14907,3,3,2273,2,0,0,0,0,1,192,0,procedimiento,1,0.37,1,0
497,14908,19,1,1824,2,0,0,1,0,1,549,0,aleatorio,1,0.26,2,0
497,14909,13,2,3783,1,1,0,0,0,1,206,0,inatencion,1,0.16,3,0
497,14910,7,3,2752,2,1,0,0,0,3,1810,0,inatencion,1,0.15,4,0
498,14911,16,1,2115,1,0,0,0,0,1,0,0,conceptual,0,0.5,1,0
498,14912,4,2,2530,1,1,0,0,0,0,0,0,conceptual,1,0.39,2,0
498,14913,14,3,3573,1,0,0,0,0,2,0,1,inatencion,1,0.29,3,0
498,14914,15,1,1733,3,0,0,1,0,1,0,2,aleatorio,1,0.18,4,0
498,14915,1,3,2708,1,0,0,0,1,1,0,0,procedimiento,0,0.58,0,0
498,14916,6,2,2351,1,1,0,0,0,1,0,0,conceptual,0,0.47,1,0
498,14917,3,4,3539,3,0,0,0,0,0,0,2,inatencion,1,0.36,2,0
498,14918,3,2,2720,1,0,0,0,0,1,0,1,inatencion,1,0.26,3,0
498,14919,7,3,3114,2,0,0,0,0,1,0,1,inatencion,1,0.15,4,0
498,14920,4,3,3751,1,1,0,0,0,2,0,0,inatencion,1,0.15,5,0
498,14921,16,3,3940,1,0,0,0,0,1,0,1,inatencion,1,0.15,6,0
498,14922,19,1,1351,1,0,0,1,1,2,0,0,procedimiento,0,0.53,0,0
498,14923,11,3,2865,1,0,0,0,1,0,0,0,procedimiento,0,0.53,0,0
498,14924,13,2,2962,2,0,0,0,0,2,0,0,procedimiento,0,0.42,1,0
498,14925,18,1,1758,1,0,0,1,1,1,0,0,procedimiento,0,0.52,0,0
498,14926,8,3,2344,1,1,0,0,1,1,0,0,procedimiento,0,0.51,0,0
498,14927,15,1,1652,1,0,0,1,1,1,0,0,procedimiento,0,0.5,0,0
498,14928,18,4,3351,1,0,0,0,1,2,1206,0,procedimiento,1,0.5,0,0
498,14929,17,2,2910,1,0,0,0,1,0,37,0,procedimiento,1,0.49,0,0
498,14930,18,1,2072,1,0,0,0,1,0,855,0,procedimiento,1,0.49,0,0
498,14931,3,4,3778,2,0,0,0,0,1,214,0,conceptual,1,0.38,1,0
498,14932,3,2,2778,2,0,0,0,0,2,258,2,procedimiento,1,0.27,2,0
498,14933,6,4,5969,1,0,0,0,0,0,2067,0,inatencion,1,0.17,3,0
498,14934,9,2,2688,3,0,0,0,0,2,127,1,inatencion,1,0.15,4,0
498,14935,12,2,2743,1,1,2,0,0,3,827,0,aleatorio,1,0.15,5,0
498,14936,19,4,5088,1,1,1,0,1,2,817,0,procedimiento,1,0.45,0,0
498,14937,15,2,2503,1,0,0,0,0,0,246,0,procedimiento,1,0.34,1,0
498,14938,5,4,6212,1,0,0,0,1,2,221,0,procedimiento,1,0.44,0,0
498,14939,16,2,2576,1,0,0,0,1,1,273,0,procedimiento,1,0.43,0,0
498,14940,3,4,5576,1,0,0,0,1,1,134,0,procedimiento,1,0.43,0,0
499,14941,12,2,1710,2,1,2,1,0,0,0,0,inatencion,0,0.55,1,0
499,14942,18,2,2372,3,1,0,0,0,0,0,2,consigna,1,0.44,2,0
499,14943,13,4,3399,1,0,0,0,0,0,0,1,inatencion,1,0.34,3,0
499,14944,2,2,1778,1,0,0,1,1,0,0,0,procedimiento,0,0.63,0,0
499,14945,11,4,2640,1,1,2,0,0,0,0,0,procedimiento,0,0.52,1,0
499,14946,9,2,1751,1,0,0,1,0,0,0,1,aleatorio,1,0.42,2,0
499,14947,15,3,2062,1,1,2,0,0,0,0,2,aleatorio,1,0.31,3,0
499,14948,13,3,2631,2,1,2,0,0,0,0,1,inatencion,1,0.2,4,0
499,14949,16,1,1163,1,0,0,1,1,1,0,0,procedimiento,0,0.6,0,0
499,14950,16,4,2671,1,1,0,0,1,1,0,0,procedimiento,0,0.59,0,0
499,14951,2,2,2246,2,0,0,0,0,2,0,0,procedimiento,0,0.48,1,0
499,14952,1,2,1994,1,1,0,1,0,0,0,3,inatencion,1,0.38,2,0
499,14953,12,2,2239,1,0,0,0,0,0,0,1,inatencion,1,0.27,3,0
499,14954,16,2,2144,1,1,0,0,1,4,0,0,procedimiento,0,0.56,0,0
499,14955,7,2,1447,3,0,0,1,0,2,0,0,inatencion,0,0.46,1,0
499,14956,1,2,2044,2,1,1,0,0,2,0,1,aleatorio,1,0.35,2,0
499,14957,1,3,2556,2,0,0,0,0,1,0,3,aleatorio,1,0.25,3,0
499,14958,10,4,2970,2,0,0,0,0,2,0,0,inatencion,1,0.15,4,0
499,14959,12,3,2515,1,1,0,0,0,3,0,2,inatencion,1,0.15,5,0
499,14960,13,1,1158,1,0,0,1,1,0,0,0,procedimiento,0,0.53,0,0
499,14961,12,2,1681,1,1,1,1,1,0,0,0,procedimiento,0,0.52,0,0
499,14962,15,3,3792,2,1,0,0,0,3,0,0,inatencion,0,0.41,1,0
499,14963,6,3,3772,2,0,0,0,0,1,0,1,conceptual,1,0.31,2,0
499,14964,15,2,2052,1,0,0,0,1,2,170,0,procedimiento,1,0.5,0,0
499,14965,16,3,3122,1,0,0,0,1,1,367,0,procedimiento,1,0.49,0,0
499,14966,3,3,3699,1,1,0,0,0,2,107,0,inatencion,1,0.39,1,0
499,14967,7,1,1237,1,0,0,1,1,3,187,0,procedimiento,1,0.48,0,0
499,14968,19,3,2450,1,0,0,0,0,0,302,0,conceptual,1,0.37,1,0
499,14969,18,2,1963,1,0,0,1,1,1,116,0,procedimiento,1,0.47,0,0
499,14970,17,2,2969,1,0,0,0,0,0,772,0,consigna,1,0.36,1,0
500,14971,9,3,3424,1,1,1,0,0,0,0,0,procedimiento,0,0.79,1,0
500,14972,12,2,2800,1,1,0,0,1,0,0,0,procedimiento,0,0.88,0,0
500,14973,18,3,4392,2,1,0,0,0,0,0,0,procedimiento,0,0.77,1,0
500,14974,16,4,3591,1,1,0,0,1,0,0,0,procedimiento,0,0.86,0,0
500,14975,3,4,4323,1,1,0,0,0,0,0,0,procedimiento,0,0.75,1,0
500,14976,19,3,3359,1,0,0,0,1,0,0,0,procedimiento,0,0.85,0,0
500,14977,19,2,3173,1,0,0,0,1,0,0,0,procedimiento,0,0.84,0,0
500,14978,2,2,3196,3,1,0,0,0,0,0,0,procedimiento,0,0.73,1,0
500,14979,12,3,2793,2,1,1,0,0,0,0,0,procedimiento,1,0.62,2,0
500,14980,4,1,2096,1,0,0,0,1,0,0,0,procedimiento,0,0.81,0,0
500,14981,14,1,1853,1,0,0,1,1,0,0,0,procedimiento,0,0.8,0,0
500,14982,18,1,2101,1,1,3,0,0,0,0,0,conceptual,0,0.69,1,0
500,14983,16,3,4035,1,1,0,0,0,0,0,1,inatencion,1,0.58,2,0
500,14984,14,3,3169,1,0,0,0,1,0,0,0,procedimiento,0,0.77,0,0
500,14985,6,4,3635,1,0,0,0,0,0,0,0,conceptual,0,0.67,1,0
500,14986,3,3,3463,1,0,0,0,0,0,0,0,aleatorio,1,0.56,2,0
500,14987,19,3,2948,1,0,0,0,0,0,0,1,inatencion,1,0.4,3,0
500,14988,17,3,2792,3,0,0,0,0,0,0,1,inatencion,1,0.34,4,0
500,14989,18,4,4313,3,1,0,0,0,0,0,1,inatencion,1,0.23,5,0
500,14990,17,3,3567,1,0,0,0,0,0,0,1,inatencion,1,0.15,6,0
500,14991,9,3,3467,1,0,0,0,1,0,0,0,procedimiento,0,0.71,0,0
500,14992,18,2,4715,1,1,0,0,0,0,0,0,consigna,0,0.6,1,0
500,14993,5,2,3726,1,0,0,0,0,0,0,1,consigna,1,0.49,2,0
500,14994,7,2,3802,2,1,0,0,0,0,0,2,inatencion,1,0.39,3,0
500,14995,7,4,5186,1,0,0,0,0,0,0,0,inatencion,1,0.28,4,0
500,14996,14,2,3914,1,1,1,0,0,0,0,0,aleatorio,1,0.17,5,0
500,14997,19,2,3874,1,1,0,0,0,0,0,0,inatencion,1,0.15,6,0
500,14998,2,1,2168,2,0,0,0,0,0,0,0,aleatorio,1,0.15,7,0
500,14999,17,3,4961,1,1,0,0,0,0,0,0,inatencion,1,0.15,8,0
500,15000,17,1,2617,1,0,0,0,1,0,0,0,procedimiento,0,0.63,0,0
